0 verbose cli C:\Users\肖欣睿\AppData\Roaming\TRAE SOLO CN\ModularData\ai-agent\vm\tools\node\node.exe C:\Users\肖欣睿\AppData\Roaming\TRAE SOLO CN\ModularData\ai-agent\vm\tools\node\node_modules\npm\bin\npm-cli.js
1 info using npm@10.9.4
2 info using node@v22.16.0
3 silly config load:file:C:\Users\肖欣睿\AppData\Roaming\TRAE SOLO CN\ModularData\ai-agent\vm\tools\node\node_modules\npm\npmrc
4 silly config load:file:C:\Users\肖欣睿\Desktop\ai_interview-main\web\.npmrc
5 silly config load:file:C:\Users\肖欣睿\.npmrc
6 silly config load:file:D:\node\node_global\etc\npmrc
7 verbose title npm install
8 verbose argv "install" "--cache" ".\\.npm_cache"
9 verbose logfile logs-max:10 dir:C:\Users\肖欣睿\Desktop\ai_interview-main\web\.npm_cache\_logs\2026-08-13T06_22_14_488Z-
10 verbose logfile C:\Users\肖欣睿\Desktop\ai_interview-main\web\.npm_cache\_logs\2026-08-13T06_22_14_488Z-debug-0.log
11 silly logfile done cleaning log files
12 silly packumentCache heap:4345298944 maxSize:1086324736 maxEntrySize:543162368
13 silly idealTree buildDeps
14 silly fetch manifest @radix-ui/react-accordion@^1.2.12
15 silly packumentCache full:https://registry.npmjs.org/@radix-ui%2freact-accordion cache-miss
16 http fetch GET 200 https://registry.npmjs.org/@radix-ui%2freact-accordion 3007ms (cache miss)
17 silly packumentCache full:https://registry.npmjs.org/@radix-ui%2freact-accordion set size:undefined disposed:false
18 silly fetch manifest @types/react@^19
19 silly packumentCache full:https://registry.npmjs.org/@types%2freact cache-miss
20 http fetch GET 200 https://registry.npmjs.org/@types%2freact 317ms (cache miss)
21 silly packumentCache full:https://registry.npmjs.org/@types%2freact set size:undefined disposed:false
22 silly fetch manifest @types/react-dom@^19
23 silly packumentCache full:https://registry.npmjs.org/@types%2freact-dom cache-miss
24 http fetch GET 200 https://registry.npmjs.org/@types%2freact-dom 153ms (cache miss)
25 silly packumentCache full:https://registry.npmjs.org/@types%2freact-dom set size:undefined disposed:false
26 silly fetch manifest react@19.2.0
27 silly packumentCache full:https://registry.npmjs.org/react cache-miss
28 http fetch GET 200 https://registry.npmjs.org/react 330ms (cache miss)
29 silly packumentCache full:https://registry.npmjs.org/react set size:undefined disposed:false
30 silly fetch manifest react-dom@19.2.0
31 silly packumentCache full:https://registry.npmjs.org/react-dom cache-miss
32 http fetch GET 200 https://registry.npmjs.org/react-dom 301ms (cache miss)
33 silly packumentCache full:https://registry.npmjs.org/react-dom set size:undefined disposed:false
34 silly fetch manifest @radix-ui/react-alert-dialog@^1.1.15
35 silly packumentCache full:https://registry.npmjs.org/@radix-ui%2freact-alert-dialog cache-miss
36 http fetch GET 200 https://registry.npmjs.org/@radix-ui%2freact-alert-dialog 189ms (cache miss)
37 silly packumentCache full:https://registry.npmjs.org/@radix-ui%2freact-alert-dialog set size:undefined disposed:false
38 silly fetch manifest @radix-ui/react-avatar@^1.1.11
39 silly packumentCache full:https://registry.npmjs.org/@radix-ui%2freact-avatar cache-miss
40 http fetch GET 200 https://registry.npmjs.org/@radix-ui%2freact-avatar 171ms (cache miss)
41 silly packumentCache full:https://registry.npmjs.org/@radix-ui%2freact-avatar set size:undefined disposed:false
42 silly fetch manifest @radix-ui/react-dialog@^1.1.15
43 silly packumentCache full:https://registry.npmjs.org/@radix-ui%2freact-dialog cache-miss
44 http fetch GET 200 https://registry.npmjs.org/@radix-ui%2freact-dialog 182ms (cache miss)
45 silly packumentCache full:https://registry.npmjs.org/@radix-ui%2freact-dialog set size:undefined disposed:false
46 silly fetch manifest @radix-ui/react-dropdown-menu@^2.1.16
47 silly packumentCache full:https://registry.npmjs.org/@radix-ui%2freact-dropdown-menu cache-miss
48 http fetch GET 200 https://registry.npmjs.org/@radix-ui%2freact-dropdown-menu 228ms (cache miss)
49 silly packumentCache full:https://registry.npmjs.org/@radix-ui%2freact-dropdown-menu set size:undefined disposed:false
50 silly fetch manifest @radix-ui/react-scroll-area@^1.2.10
51 silly packumentCache full:https://registry.npmjs.org/@radix-ui%2freact-scroll-area cache-miss
52 http fetch GET 200 https://registry.npmjs.org/@radix-ui%2freact-scroll-area 175ms (cache miss)
53 silly packumentCache full:https://registry.npmjs.org/@radix-ui%2freact-scroll-area set size:undefined disposed:false
54 silly fetch manifest @radix-ui/react-separator@^1.1.8
55 silly packumentCache full:https://registry.npmjs.org/@radix-ui%2freact-separator cache-miss
56 http fetch GET 200 https://registry.npmjs.org/@radix-ui%2freact-separator 165ms (cache miss)
57 silly packumentCache full:https://registry.npmjs.org/@radix-ui%2freact-separator set size:undefined disposed:false
58 silly fetch manifest @radix-ui/react-slot@^1.2.4
59 silly packumentCache full:https://registry.npmjs.org/@radix-ui%2freact-slot cache-miss
60 http fetch GET 200 https://registry.npmjs.org/@radix-ui%2freact-slot 144ms (cache miss)
61 silly packumentCache full:https://registry.npmjs.org/@radix-ui%2freact-slot set size:undefined disposed:false
62 silly fetch manifest @radix-ui/react-tabs@^1.1.13
63 silly packumentCache full:https://registry.npmjs.org/@radix-ui%2freact-tabs cache-miss
64 http fetch GET 200 https://registry.npmjs.org/@radix-ui%2freact-tabs 179ms (cache miss)
65 silly packumentCache full:https://registry.npmjs.org/@radix-ui%2freact-tabs set size:undefined disposed:false
66 silly fetch manifest @tailwindcss/typography@^0.5.19
67 silly packumentCache full:https://registry.npmjs.org/@tailwindcss%2ftypography cache-miss
68 http fetch GET 200 https://registry.npmjs.org/@tailwindcss%2ftypography 151ms (cache miss)
69 silly packumentCache full:https://registry.npmjs.org/@tailwindcss%2ftypography set size:undefined disposed:false
70 silly fetch manifest tailwindcss@^4
71 silly packumentCache full:https://registry.npmjs.org/tailwindcss cache-miss
72 http fetch GET 200 https://registry.npmjs.org/tailwindcss 304ms (cache miss)
73 silly packumentCache full:https://registry.npmjs.org/tailwindcss set size:undefined disposed:false
74 silly fetch manifest @types/uuid@^10.0.0
75 silly packumentCache full:https://registry.npmjs.org/@types%2fuuid cache-miss
76 http fetch GET 200 https://registry.npmjs.org/@types%2fuuid 140ms (cache miss)
77 silly packumentCache full:https://registry.npmjs.org/@types%2fuuid set size:undefined disposed:false
78 silly fetch manifest class-variance-authority@^0.7.1
79 silly packumentCache full:https://registry.npmjs.org/class-variance-authority cache-miss
80 http fetch GET 200 https://registry.npmjs.org/class-variance-authority 293ms (cache miss)
81 silly packumentCache full:https://registry.npmjs.org/class-variance-authority set size:undefined disposed:false
82 silly fetch manifest clsx@^2.1.1
83 silly packumentCache full:https://registry.npmjs.org/clsx cache-miss
84 http fetch GET 200 https://registry.npmjs.org/clsx 126ms (cache miss)
85 silly packumentCache full:https://registry.npmjs.org/clsx set size:undefined disposed:false
86 silly fetch manifest framer-motion@^12.23.24
87 silly packumentCache full:https://registry.npmjs.org/framer-motion cache-miss
88 http fetch GET 200 https://registry.npmjs.org/framer-motion 479ms (cache miss)
89 silly packumentCache full:https://registry.npmjs.org/framer-motion set size:undefined disposed:false
90 silly fetch manifest @emotion/is-prop-valid@*
91 silly packumentCache full:https://registry.npmjs.org/@emotion%2fis-prop-valid cache-miss
92 http fetch GET 200 https://registry.npmjs.org/@emotion%2fis-prop-valid 158ms (cache miss)
93 silly packumentCache full:https://registry.npmjs.org/@emotion%2fis-prop-valid set size:undefined disposed:false
94 silly fetch manifest highlight.js@^11.11.1
95 silly packumentCache full:https://registry.npmjs.org/highlight.js cache-miss
96 http fetch GET 200 https://registry.npmjs.org/highlight.js 194ms (cache miss)
97 silly packumentCache full:https://registry.npmjs.org/highlight.js set size:undefined disposed:false
98 silly fetch manifest lucide-react@^0.555.0
99 silly packumentCache full:https://registry.npmjs.org/lucide-react cache-miss
100 http fetch GET 200 https://registry.npmjs.org/lucide-react 228ms (cache miss)
101 silly packumentCache full:https://registry.npmjs.org/lucide-react set size:undefined disposed:false
102 silly fetch manifest next@^16.0.7
103 silly packumentCache full:https://registry.npmjs.org/next cache-miss
104 http fetch GET 200 https://registry.npmjs.org/next 549ms (cache miss)
105 silly packumentCache full:https://registry.npmjs.org/next set size:undefined disposed:false
106 silly fetch manifest @opentelemetry/api@^1.1.0
107 silly packumentCache full:https://registry.npmjs.org/@opentelemetry%2fapi cache-miss
108 http fetch GET 200 https://registry.npmjs.org/@opentelemetry%2fapi 173ms (cache miss)
109 silly packumentCache full:https://registry.npmjs.org/@opentelemetry%2fapi set size:undefined disposed:false
110 silly fetch manifest @playwright/test@^1.51.1
111 silly packumentCache full:https://registry.npmjs.org/@playwright%2ftest cache-miss
112 http fetch GET 200 https://registry.npmjs.org/@playwright%2ftest 389ms (cache miss)
113 silly packumentCache full:https://registry.npmjs.org/@playwright%2ftest set size:undefined disposed:false
114 silly fetch manifest babel-plugin-react-compiler@1.0.0
115 silly packumentCache full:https://registry.npmjs.org/babel-plugin-react-compiler cache-miss
116 http fetch GET 200 https://registry.npmjs.org/babel-plugin-react-compiler 190ms (cache miss)
117 silly packumentCache full:https://registry.npmjs.org/babel-plugin-react-compiler set size:undefined disposed:false
118 silly fetch manifest sass@^1.3.0
119 silly packumentCache full:https://registry.npmjs.org/sass cache-miss
120 http fetch GET 200 https://registry.npmjs.org/sass 172ms (cache miss)
121 silly packumentCache full:https://registry.npmjs.org/sass set size:undefined disposed:false
122 silly fetch manifest react-markdown@^10.1.0
123 silly packumentCache full:https://registry.npmjs.org/react-markdown cache-miss
124 http fetch GET 200 https://registry.npmjs.org/react-markdown 226ms (cache miss)
125 silly packumentCache full:https://registry.npmjs.org/react-markdown set size:undefined disposed:false
126 silly fetch manifest recharts@^3.5.1
127 silly packumentCache full:https://registry.npmjs.org/recharts cache-miss
128 http fetch GET 200 https://registry.npmjs.org/recharts 179ms (cache miss)
129 silly packumentCache full:https://registry.npmjs.org/recharts set size:undefined disposed:false
130 silly fetch manifest react-is@^16.8.0 || ^17.0.0 || ^18.0.0 || ^19.0.0
131 silly packumentCache full:https://registry.npmjs.org/react-is cache-miss
132 http fetch GET 200 https://registry.npmjs.org/react-is 285ms (cache miss)
133 silly packumentCache full:https://registry.npmjs.org/react-is set size:undefined disposed:false
134 silly fetch manifest rehype-highlight@^7.0.2
135 silly packumentCache full:https://registry.npmjs.org/rehype-highlight cache-miss
136 http fetch GET 200 https://registry.npmjs.org/rehype-highlight 138ms (cache miss)
137 silly packumentCache full:https://registry.npmjs.org/rehype-highlight set size:undefined disposed:false
138 silly fetch manifest sonner@^2.0.7
139 silly packumentCache full:https://registry.npmjs.org/sonner cache-miss
140 http fetch GET 200 https://registry.npmjs.org/sonner 173ms (cache miss)
141 silly packumentCache full:https://registry.npmjs.org/sonner set size:undefined disposed:false
142 silly fetch manifest tailwind-merge@^3.4.0
143 silly packumentCache full:https://registry.npmjs.org/tailwind-merge cache-miss
144 http fetch GET 200 https://registry.npmjs.org/tailwind-merge 208ms (cache miss)
145 silly packumentCache full:https://registry.npmjs.org/tailwind-merge set size:undefined disposed:false
146 silly fetch manifest uuid@^13.0.0
147 silly packumentCache full:https://registry.npmjs.org/uuid cache-miss
148 http fetch GET 200 https://registry.npmjs.org/uuid 167ms (cache miss)
149 silly packumentCache full:https://registry.npmjs.org/uuid set size:undefined disposed:false
150 silly fetch manifest zustand@^5.0.9
151 silly packumentCache full:https://registry.npmjs.org/zustand cache-miss
152 http fetch GET 200 https://registry.npmjs.org/zustand 149ms (cache miss)
153 silly packumentCache full:https://registry.npmjs.org/zustand set size:undefined disposed:false
154 silly fetch manifest immer@>=9.0.6
155 silly packumentCache full:https://registry.npmjs.org/immer cache-miss
156 http fetch GET 200 https://registry.npmjs.org/immer 166ms (cache miss)
157 silly packumentCache full:https://registry.npmjs.org/immer set size:undefined disposed:false
158 silly fetch manifest use-sync-external-store@>=1.2.0
159 silly packumentCache full:https://registry.npmjs.org/use-sync-external-store cache-miss
160 http fetch GET 200 https://registry.npmjs.org/use-sync-external-store 288ms (cache miss)
161 silly packumentCache full:https://registry.npmjs.org/use-sync-external-store set size:undefined disposed:false
162 silly fetch manifest @tailwindcss/postcss@^4
163 silly packumentCache full:https://registry.npmjs.org/@tailwindcss%2fpostcss cache-miss
164 http fetch GET 200 https://registry.npmjs.org/@tailwindcss%2fpostcss 203ms (cache miss)
165 silly packumentCache full:https://registry.npmjs.org/@tailwindcss%2fpostcss set size:undefined disposed:false
166 silly fetch manifest @types/node@^20
167 silly packumentCache full:https://registry.npmjs.org/@types%2fnode cache-miss
168 http fetch GET 200 https://registry.npmjs.org/@types%2fnode 320ms (cache miss)
169 silly packumentCache full:https://registry.npmjs.org/@types%2fnode set size:undefined disposed:false
170 silly fetch manifest baseline-browser-mapping@^2.9.2
171 silly packumentCache full:https://registry.npmjs.org/baseline-browser-mapping cache-miss
172 http fetch GET 200 https://registry.npmjs.org/baseline-browser-mapping 166ms (cache miss)
173 silly packumentCache full:https://registry.npmjs.org/baseline-browser-mapping set size:undefined disposed:false
174 silly fetch manifest eslint@^9
175 silly packumentCache full:https://registry.npmjs.org/eslint cache-miss
176 http fetch GET 200 https://registry.npmjs.org/eslint 173ms (cache miss)
177 silly packumentCache full:https://registry.npmjs.org/eslint set size:undefined disposed:false
178 silly fetch manifest jiti@*
179 silly packumentCache full:https://registry.npmjs.org/jiti cache-miss
180 http fetch GET 200 https://registry.npmjs.org/jiti 186ms (cache miss)
181 silly packumentCache full:https://registry.npmjs.org/jiti set size:undefined disposed:false
182 silly fetch manifest eslint-config-next@16.0.4
183 silly packumentCache full:https://registry.npmjs.org/eslint-config-next cache-miss
184 http fetch GET 200 https://registry.npmjs.org/eslint-config-next 302ms (cache miss)
185 silly packumentCache full:https://registry.npmjs.org/eslint-config-next set size:undefined disposed:false
186 silly fetch manifest typescript@^5
187 silly packumentCache full:https://registry.npmjs.org/typescript cache-miss
188 http fetch GET 200 https://registry.npmjs.org/typescript 361ms (cache miss)
189 silly packumentCache full:https://registry.npmjs.org/typescript set size:undefined disposed:false
190 silly fetch manifest tw-animate-css@^1.4.0
191 silly packumentCache full:https://registry.npmjs.org/tw-animate-css cache-miss
192 http fetch GET 200 https://registry.npmjs.org/tw-animate-css 144ms (cache miss)
193 silly packumentCache full:https://registry.npmjs.org/tw-animate-css set size:undefined disposed:false
194 silly placeDep ROOT @radix-ui/react-accordion@1.2.20 OK for: web@0.1.0 want: ^1.2.12
195 silly placeDep ROOT react@19.2.0 OK for: @radix-ui/react-accordion@1.2.20 want: ^16.8 || ^17.0 || ^18.0 || ^19.0 || ^19.0.0-rc
196 silly placeDep ROOT react-dom@19.2.0 OK for: @radix-ui/react-accordion@1.2.20 want: ^16.8 || ^17.0 || ^18.0 || ^19.0 || ^19.0.0-rc
197 silly placeDep ROOT @radix-ui/react-alert-dialog@1.1.23 OK for: web@0.1.0 want: ^1.1.15
198 silly placeDep ROOT @radix-ui/react-avatar@1.2.6 OK for: web@0.1.0 want: ^1.1.11
199 silly placeDep ROOT @radix-ui/react-dialog@1.1.23 OK for: web@0.1.0 want: ^1.1.15
200 silly placeDep ROOT @radix-ui/react-dropdown-menu@2.1.24 OK for: web@0.1.0 want: ^2.1.16
201 silly placeDep ROOT @radix-ui/react-scroll-area@1.2.18 OK for: web@0.1.0 want: ^1.2.10
202 silly placeDep ROOT @radix-ui/react-separator@1.1.15 OK for: web@0.1.0 want: ^1.1.8
203 silly placeDep ROOT @radix-ui/react-slot@1.3.3 OK for: web@0.1.0 want: ^1.2.4
204 silly placeDep ROOT @radix-ui/react-tabs@1.1.21 OK for: web@0.1.0 want: ^1.1.13
205 silly placeDep ROOT @tailwindcss/postcss@4.3.3 OK for: web@0.1.0 want: ^4
206 silly placeDep ROOT @tailwindcss/typography@0.5.20 OK for: web@0.1.0 want: ^0.5.19
207 silly placeDep ROOT tailwindcss@4.3.3 OK for: @tailwindcss/typography@0.5.20 want: >=3.0.0 || >=4.0.0 || insiders
208 silly placeDep ROOT @types/node@20.19.43 OK for: web@0.1.0 want: ^20
209 silly placeDep ROOT @types/react@19.2.18 OK for: web@0.1.0 want: ^19
210 silly placeDep ROOT @types/react-dom@19.2.4 OK for: web@0.1.0 want: ^19
211 silly placeDep ROOT @types/uuid@10.0.0 OK for: web@0.1.0 want: ^10.0.0
212 silly placeDep ROOT babel-plugin-react-compiler@1.0.0 OK for: web@0.1.0 want: 1.0.0
213 silly placeDep ROOT baseline-browser-mapping@2.11.13 OK for: web@0.1.0 want: ^2.9.2
214 silly placeDep ROOT class-variance-authority@0.7.1 OK for: web@0.1.0 want: ^0.7.1
215 silly placeDep ROOT clsx@2.1.1 OK for: web@0.1.0 want: ^2.1.1
216 silly placeDep ROOT eslint@9.39.5 OK for: web@0.1.0 want: ^9
217 silly placeDep ROOT eslint-config-next@16.0.4 OK for: web@0.1.0 want: 16.0.4
218 silly placeDep ROOT framer-motion@12.43.0 OK for: web@0.1.0 want: ^12.23.24
219 silly placeDep ROOT highlight.js@11.12.0 OK for: web@0.1.0 want: ^11.11.1
220 silly placeDep ROOT lucide-react@0.555.0 OK for: web@0.1.0 want: ^0.555.0
221 silly placeDep ROOT next@16.3.0 OK for: web@0.1.0 want: ^16.0.7
222 silly placeDep ROOT react-markdown@10.1.0 OK for: web@0.1.0 want: ^10.1.0
223 silly placeDep ROOT recharts@3.10.1 OK for: web@0.1.0 want: ^3.5.1
224 silly placeDep ROOT react-is@19.2.8 OK for: recharts@3.10.1 want: ^16.8.0 || ^17.0.0 || ^18.0.0 || ^19.0.0
225 silly placeDep ROOT rehype-highlight@7.0.2 OK for: web@0.1.0 want: ^7.0.2
226 silly placeDep ROOT sonner@2.0.8 OK for: web@0.1.0 want: ^2.0.7
227 silly placeDep ROOT tailwind-merge@3.6.0 OK for: web@0.1.0 want: ^3.4.0
228 silly placeDep ROOT tw-animate-css@1.4.0 OK for: web@0.1.0 want: ^1.4.0
229 silly placeDep ROOT typescript@5.9.3 OK for: web@0.1.0 want: ^5
230 silly placeDep ROOT uuid@13.0.2 OK for: web@0.1.0 want: ^13.0.0
231 silly placeDep ROOT zustand@5.0.15 OK for: web@0.1.0 want: ^5.0.9
232 silly fetch manifest @radix-ui/react-id@1.1.4
233 silly packumentCache full:https://registry.npmjs.org/@radix-ui%2freact-id cache-miss
234 silly fetch manifest @radix-ui/primitive@1.1.7
235 silly packumentCache full:https://registry.npmjs.org/@radix-ui%2fprimitive cache-miss
236 silly fetch manifest @radix-ui/react-context@1.2.2
237 silly packumentCache full:https://registry.npmjs.org/@radix-ui%2freact-context cache-miss
238 silly fetch manifest @radix-ui/react-direction@1.1.4
239 silly packumentCache full:https://registry.npmjs.org/@radix-ui%2freact-direction cache-miss
240 silly fetch manifest @radix-ui/react-primitive@2.1.10
241 silly packumentCache full:https://registry.npmjs.org/@radix-ui%2freact-primitive cache-miss
242 silly fetch manifest @radix-ui/react-collection@1.1.15
243 silly packumentCache full:https://registry.npmjs.org/@radix-ui%2freact-collection cache-miss
244 silly fetch manifest @radix-ui/react-collapsible@1.1.20
245 silly packumentCache full:https://registry.npmjs.org/@radix-ui%2freact-collapsible cache-miss
246 silly fetch manifest @radix-ui/react-compose-refs@1.1.5
247 silly packumentCache full:https://registry.npmjs.org/@radix-ui%2freact-compose-refs cache-miss
248 silly fetch manifest @radix-ui/react-use-controllable-state@1.2.6
249 silly packumentCache full:https://registry.npmjs.org/@radix-ui%2freact-use-controllable-state cache-miss
250 silly fetch manifest scheduler@^0.27.0
251 silly packumentCache full:https://registry.npmjs.org/scheduler cache-miss
252 silly fetch manifest @radix-ui/primitive@1.1.7
253 silly packumentCache full:https://registry.npmjs.org/@radix-ui%2fprimitive cache-miss
254 silly fetch manifest @radix-ui/react-dialog@1.1.23
255 silly packumentCache full:https://registry.npmjs.org/@radix-ui%2freact-dialog cache-miss
256 silly fetch manifest @radix-ui/react-context@1.2.2
257 silly packumentCache full:https://registry.npmjs.org/@radix-ui%2freact-context cache-miss
258 silly fetch manifest @radix-ui/react-primitive@2.1.10
259 silly packumentCache full:https://registry.npmjs.org/@radix-ui%2freact-primitive cache-miss
260 silly fetch manifest @radix-ui/react-compose-refs@1.1.5
261 silly packumentCache full:https://registry.npmjs.org/@radix-ui%2freact-compose-refs cache-miss
262 http cache https://registry.npmjs.org/@radix-ui%2freact-dialog 69ms (cache hit)
263 silly packumentCache full:https://registry.npmjs.org/@radix-ui%2freact-dialog set size:1257294 disposed:false
264 silly fetch manifest @radix-ui/primitive@1.1.7
265 silly packumentCache full:https://registry.npmjs.org/@radix-ui%2fprimitive cache-miss
266 http fetch GET 200 https://registry.npmjs.org/@radix-ui%2fprimitive 152ms (cache miss)
267 silly packumentCache full:https://registry.npmjs.org/@radix-ui%2fprimitive set size:undefined disposed:false
268 silly fetch manifest @radix-ui/react-context@1.2.2
269 silly packumentCache full:https://registry.npmjs.org/@radix-ui%2freact-context cache-miss
270 http fetch GET 200 https://registry.npmjs.org/@radix-ui%2freact-context 203ms (cache miss)
271 silly packumentCache full:https://registry.npmjs.org/@radix-ui%2freact-context set size:undefined disposed:false
272 silly fetch manifest @radix-ui/react-primitive@2.1.10
273 silly packumentCache full:https://registry.npmjs.org/@radix-ui%2freact-primitive cache-miss
274 http fetch GET 200 https://registry.npmjs.org/@radix-ui%2freact-primitive 292ms (cache miss)
275 silly packumentCache full:https://registry.npmjs.org/@radix-ui%2freact-primitive set size:undefined disposed:false
276 silly fetch manifest @radix-ui/react-use-is-hydrated@0.1.3
277 silly packumentCache full:https://registry.npmjs.org/@radix-ui%2freact-use-is-hydrated cache-miss
278 http fetch GET 200 https://registry.npmjs.org/@radix-ui%2freact-use-is-hydrated 165ms (cache miss)
279 silly packumentCache full:https://registry.npmjs.org/@radix-ui%2freact-use-is-hydrated set size:undefined disposed:false
280 silly fetch manifest @radix-ui/react-use-callback-ref@1.1.4
281 silly packumentCache full:https://registry.npmjs.org/@radix-ui%2freact-use-callback-ref cache-miss
282 http fetch GET 200 https://registry.npmjs.org/@radix-ui%2freact-direction 874ms (cache miss)
283 silly packumentCache full:https://registry.npmjs.org/@radix-ui%2freact-direction set size:undefined disposed:false
284 silly fetch manifest @radix-ui/react-use-layout-effect@1.1.4
285 silly packumentCache full:https://registry.npmjs.org/@radix-ui%2freact-use-layout-effect cache-miss
286 http fetch GET 200 https://registry.npmjs.org/@radix-ui%2fprimitive 892ms (cache miss)
287 silly packumentCache full:https://registry.npmjs.org/@radix-ui%2fprimitive set size:undefined disposed:false
288 silly fetch manifest aria-hidden@^1.2.4
289 silly packumentCache full:https://registry.npmjs.org/aria-hidden cache-miss
290 http fetch GET 200 https://registry.npmjs.org/@radix-ui%2freact-context 913ms (cache miss)
291 silly packumentCache full:https://registry.npmjs.org/@radix-ui%2freact-context set size:undefined disposed:false
292 silly fetch manifest @radix-ui/react-id@1.1.4
293 silly packumentCache full:https://registry.npmjs.org/@radix-ui%2freact-id cache-miss
294 http fetch GET 200 https://registry.npmjs.org/@radix-ui%2fprimitive 833ms (cache miss)
295 silly packumentCache full:https://registry.npmjs.org/@radix-ui%2fprimitive set size:undefined disposed:false
296 silly fetch manifest react-remove-scroll@^2.7.2
297 silly packumentCache full:https://registry.npmjs.org/react-remove-scroll cache-miss
298 http fetch GET 200 https://registry.npmjs.org/@radix-ui%2freact-use-controllable-state 928ms (cache miss)
299 silly packumentCache full:https://registry.npmjs.org/@radix-ui%2freact-use-controllable-state set size:undefined disposed:false
300 silly fetch manifest @radix-ui/react-slot@1.3.3
301 silly packumentCache full:https://registry.npmjs.org/@radix-ui%2freact-slot cache-miss
302 http fetch GET 200 https://registry.npmjs.org/@radix-ui%2freact-context 936ms (cache miss)
303 silly packumentCache full:https://registry.npmjs.org/@radix-ui%2freact-context set size:undefined disposed:false
304 silly fetch manifest @radix-ui/react-portal@1.1.17
305 silly packumentCache full:https://registry.npmjs.org/@radix-ui%2freact-portal cache-miss
306 http fetch GET 200 https://registry.npmjs.org/@radix-ui%2freact-id 975ms (cache miss)
307 silly packumentCache full:https://registry.npmjs.org/@radix-ui%2freact-id set size:undefined disposed:false
308 silly fetch manifest @radix-ui/react-presence@1.1.10
309 silly packumentCache full:https://registry.npmjs.org/@radix-ui%2freact-presence cache-miss
310 http fetch GET 200 https://registry.npmjs.org/@radix-ui%2freact-compose-refs 981ms (cache miss)
311 silly packumentCache full:https://registry.npmjs.org/@radix-ui%2freact-compose-refs set size:undefined disposed:false
312 silly fetch manifest @radix-ui/react-focus-scope@1.1.16
313 silly packumentCache full:https://registry.npmjs.org/@radix-ui%2freact-focus-scope cache-miss
314 http cache https://registry.npmjs.org/@radix-ui%2freact-slot 62ms (cache hit)
315 silly packumentCache full:https://registry.npmjs.org/@radix-ui%2freact-slot set size:495625 disposed:false
316 silly fetch manifest @radix-ui/react-focus-guards@1.1.6
317 silly packumentCache full:https://registry.npmjs.org/@radix-ui%2freact-focus-guards cache-miss
318 http fetch GET 200 https://registry.npmjs.org/@radix-ui%2freact-compose-refs 1007ms (cache miss)
319 silly packumentCache full:https://registry.npmjs.org/@radix-ui%2freact-compose-refs set size:undefined disposed:false
320 silly fetch manifest @radix-ui/react-dismissable-layer@1.1.19
321 silly packumentCache full:https://registry.npmjs.org/@radix-ui%2freact-dismissable-layer cache-miss
322 http fetch GET 200 https://registry.npmjs.org/@radix-ui%2freact-primitive 1066ms (cache miss)
323 silly packumentCache full:https://registry.npmjs.org/@radix-ui%2freact-primitive set size:undefined disposed:false
324 silly fetch manifest @radix-ui/react-use-layout-effect@1.1.4
325 silly packumentCache full:https://registry.npmjs.org/@radix-ui%2freact-use-layout-effect cache-miss
326 http fetch GET 200 https://registry.npmjs.org/@radix-ui%2freact-use-callback-ref 254ms (cache miss)
327 silly packumentCache full:https://registry.npmjs.org/@radix-ui%2freact-use-callback-ref set size:undefined disposed:false
328 silly fetch manifest @radix-ui/react-menu@2.1.24
329 silly packumentCache full:https://registry.npmjs.org/@radix-ui%2freact-menu cache-miss
330 http fetch GET 200 https://registry.npmjs.org/@radix-ui%2freact-collection 1093ms (cache miss)
331 silly packumentCache full:https://registry.npmjs.org/@radix-ui%2freact-collection set size:undefined disposed:false
332 silly fetch manifest @radix-ui/number@1.1.3
333 silly packumentCache full:https://registry.npmjs.org/@radix-ui%2fnumber cache-miss
334 http fetch GET 200 https://registry.npmjs.org/@radix-ui%2freact-collapsible 1105ms (cache miss)
335 silly packumentCache full:https://registry.npmjs.org/@radix-ui%2freact-collapsible set size:undefined disposed:false
336 silly fetch manifest @radix-ui/react-presence@1.1.10
337 silly packumentCache full:https://registry.npmjs.org/@radix-ui%2freact-presence cache-miss
338 http fetch GET 200 https://registry.npmjs.org/aria-hidden 218ms (cache miss)
339 silly packumentCache full:https://registry.npmjs.org/aria-hidden set size:undefined disposed:false
340 silly fetch manifest @radix-ui/react-use-layout-effect@1.1.4
341 silly packumentCache full:https://registry.npmjs.org/@radix-ui%2freact-use-layout-effect cache-miss
342 http fetch GET 200 https://registry.npmjs.org/@radix-ui%2freact-primitive 1129ms (cache miss)
343 silly packumentCache full:https://registry.npmjs.org/@radix-ui%2freact-primitive set size:undefined disposed:false
344 silly fetch manifest @radix-ui/react-presence@1.1.10
345 silly packumentCache full:https://registry.npmjs.org/@radix-ui%2freact-presence cache-miss
346 http fetch GET 200 https://registry.npmjs.org/react-remove-scroll 225ms (cache miss)
347 silly packumentCache full:https://registry.npmjs.org/react-remove-scroll set size:undefined disposed:false
348 silly fetch manifest @radix-ui/react-roving-focus@1.1.19
349 silly packumentCache full:https://registry.npmjs.org/@radix-ui%2freact-roving-focus cache-miss
350 http fetch GET 200 https://registry.npmjs.org/@radix-ui%2freact-use-layout-effect 308ms (cache miss)
351 silly packumentCache full:https://registry.npmjs.org/@radix-ui%2freact-use-layout-effect set size:undefined disposed:false
352 silly fetch manifest postcss@^8.5.16
353 silly packumentCache full:https://registry.npmjs.org/postcss cache-miss
354 http fetch GET 200 https://registry.npmjs.org/@radix-ui%2freact-use-layout-effect 378ms (cache miss)
355 silly packumentCache full:https://registry.npmjs.org/@radix-ui%2freact-use-layout-effect set size:undefined disposed:false
356 silly fetch manifest tailwindcss@4.3.3
357 silly packumentCache full:https://registry.npmjs.org/tailwindcss cache-miss
358 http cache https://registry.npmjs.org/tailwindcss 52ms (cache hit)
359 silly packumentCache full:https://registry.npmjs.org/tailwindcss set size:10837764 disposed:false
360 silly fetch manifest @alloc/quick-lru@^5.2.0
361 silly packumentCache full:https://registry.npmjs.org/@alloc%2fquick-lru cache-miss
362 http fetch GET 200 https://registry.npmjs.org/@radix-ui%2fnumber 508ms (cache miss)
363 silly packumentCache full:https://registry.npmjs.org/@radix-ui%2fnumber set size:undefined disposed:false
364 silly fetch manifest @tailwindcss/node@4.3.3
365 silly packumentCache full:https://registry.npmjs.org/@tailwindcss%2fnode cache-miss
366 http fetch GET 200 https://registry.npmjs.org/@radix-ui%2freact-focus-guards 630ms (cache miss)
367 silly packumentCache full:https://registry.npmjs.org/@radix-ui%2freact-focus-guards set size:undefined disposed:false
368 silly fetch manifest @tailwindcss/oxide@4.3.3
369 silly packumentCache full:https://registry.npmjs.org/@tailwindcss%2foxide cache-miss
370 http fetch GET 200 https://registry.npmjs.org/@radix-ui%2freact-use-layout-effect 522ms (cache miss)
371 silly packumentCache full:https://registry.npmjs.org/@radix-ui%2freact-use-layout-effect set size:undefined disposed:false
372 silly fetch manifest postcss-selector-parser@6.0.10
373 silly packumentCache full:https://registry.npmjs.org/postcss-selector-parser cache-miss
374 http fetch GET 200 https://registry.npmjs.org/@radix-ui%2freact-presence 511ms (cache miss)
375 silly packumentCache full:https://registry.npmjs.org/@radix-ui%2freact-presence set size:undefined disposed:false
376 silly fetch manifest undici-types@~6.21.0
377 silly packumentCache full:https://registry.npmjs.org/undici-types cache-miss
378 http fetch GET 200 https://registry.npmjs.org/@radix-ui%2freact-presence 702ms (cache miss)
379 silly packumentCache full:https://registry.npmjs.org/@radix-ui%2freact-presence set size:undefined disposed:false
380 silly fetch manifest csstype@^3.2.2
381 silly packumentCache full:https://registry.npmjs.org/csstype cache-miss
382 http fetch GET 200 https://registry.npmjs.org/@radix-ui%2freact-portal 752ms (cache miss)
383 silly packumentCache full:https://registry.npmjs.org/@radix-ui%2freact-portal set size:undefined disposed:false
384 silly fetch manifest @babel/types@^7.26.0
385 silly packumentCache full:https://registry.npmjs.org/@babel%2ftypes cache-miss
386 http fetch GET 200 https://registry.npmjs.org/@radix-ui%2freact-id 792ms (cache miss)
387 silly packumentCache full:https://registry.npmjs.org/@radix-ui%2freact-id set size:undefined disposed:false
388 silly fetch manifest ajv@^6.14.0
389 silly packumentCache full:https://registry.npmjs.org/ajv cache-miss
390 http fetch GET 200 https://registry.npmjs.org/@radix-ui%2freact-menu 750ms (cache miss)
391 silly packumentCache full:https://registry.npmjs.org/@radix-ui%2freact-menu set size:undefined disposed:false
392 silly fetch manifest chalk@^4.0.0
393 silly packumentCache full:https://registry.npmjs.org/chalk cache-miss
394 http fetch GET 200 https://registry.npmjs.org/postcss 683ms (cache miss)
395 silly packumentCache full:https://registry.npmjs.org/postcss set size:undefined disposed:false
396 silly fetch manifest debug@^4.3.2
397 silly packumentCache full:https://registry.npmjs.org/debug cache-miss
398 http fetch GET 200 https://registry.npmjs.org/@radix-ui%2freact-focus-scope 898ms (cache miss)
399 silly packumentCache full:https://registry.npmjs.org/@radix-ui%2freact-focus-scope set size:undefined disposed:false
400 silly fetch manifest espree@^10.4.0
401 silly packumentCache full:https://registry.npmjs.org/espree cache-miss
402 http fetch GET 200 https://registry.npmjs.org/@alloc%2fquick-lru 320ms (cache miss)
403 silly packumentCache full:https://registry.npmjs.org/@alloc%2fquick-lru set size:undefined disposed:false
404 silly fetch manifest ignore@^5.2.0
405 silly packumentCache full:https://registry.npmjs.org/ignore cache-miss
406 http fetch GET 200 https://registry.npmjs.org/@radix-ui%2freact-dismissable-layer 916ms (cache miss)
407 silly packumentCache full:https://registry.npmjs.org/@radix-ui%2freact-dismissable-layer set size:undefined disposed:false
408 silly fetch manifest esquery@^1.5.0
409 silly packumentCache full:https://registry.npmjs.org/esquery cache-miss
410 http fetch GET 200 https://registry.npmjs.org/undici-types 282ms (cache miss)
411 silly packumentCache full:https://registry.npmjs.org/undici-types set size:undefined disposed:false
412 silly fetch manifest esutils@^2.0.2
413 silly packumentCache full:https://registry.npmjs.org/esutils cache-miss
414 http fetch GET 200 https://registry.npmjs.org/postcss-selector-parser 310ms (cache miss)
415 silly packumentCache full:https://registry.npmjs.org/postcss-selector-parser set size:undefined disposed:false
416 silly fetch manifest find-up@^5.0.0
417 silly packumentCache full:https://registry.npmjs.org/find-up cache-miss
418 http fetch GET 200 https://registry.npmjs.org/csstype 313ms (cache miss)
419 silly packumentCache full:https://registry.npmjs.org/csstype set size:undefined disposed:false
420 silly fetch manifest is-glob@^4.0.0
421 silly packumentCache full:https://registry.npmjs.org/is-glob cache-miss
422 http fetch GET 200 https://registry.npmjs.org/@radix-ui%2freact-presence 916ms (cache miss)
423 silly packumentCache full:https://registry.npmjs.org/@radix-ui%2freact-presence set size:undefined disposed:false
424 silly fetch manifest minimatch@^3.1.5
425 silly packumentCache full:https://registry.npmjs.org/minimatch cache-miss
426 http fetch GET 200 https://registry.npmjs.org/@radix-ui%2freact-roving-focus 913ms (cache miss)
427 silly packumentCache full:https://registry.npmjs.org/@radix-ui%2freact-roving-focus set size:undefined disposed:false
428 silly fetch manifest @eslint/js@9.39.5
429 silly packumentCache full:https://registry.npmjs.org/@eslint%2fjs cache-miss
430 http fetch GET 200 https://registry.npmjs.org/chalk 252ms (cache miss)
431 silly packumentCache full:https://registry.npmjs.org/chalk set size:undefined disposed:false
432 silly fetch manifest optionator@^0.9.3
433 silly packumentCache full:https://registry.npmjs.org/optionator cache-miss
434 http fetch GET 200 https://registry.npmjs.org/ignore 260ms (cache miss)
435 silly packumentCache full:https://registry.npmjs.org/ignore set size:undefined disposed:false
436 silly fetch manifest cross-spawn@^7.0.6
437 silly packumentCache full:https://registry.npmjs.org/cross-spawn cache-miss
438 http fetch GET 200 https://registry.npmjs.org/debug 294ms (cache miss)
439 silly packumentCache full:https://registry.npmjs.org/debug set size:undefined disposed:false
440 silly fetch manifest glob-parent@^6.0.2
441 silly packumentCache full:https://registry.npmjs.org/glob-parent cache-miss
442 http fetch GET 200 https://registry.npmjs.org/@tailwindcss%2fnode 574ms (cache miss)
443 silly packumentCache full:https://registry.npmjs.org/@tailwindcss%2fnode set size:undefined disposed:false
444 silly fetch manifest imurmurhash@^0.1.4
445 silly packumentCache full:https://registry.npmjs.org/imurmurhash cache-miss
446 http fetch GET 200 https://registry.npmjs.org/@babel%2ftypes 502ms (cache miss)
447 silly packumentCache full:https://registry.npmjs.org/@babel%2ftypes set size:undefined disposed:false
448 silly fetch manifest @eslint/core@^0.17.0
449 silly packumentCache full:https://registry.npmjs.org/@eslint%2fcore cache-miss
450 http fetch GET 200 https://registry.npmjs.org/esutils 294ms (cache miss)
451 silly packumentCache full:https://registry.npmjs.org/esutils set size:undefined disposed:false
452 silly fetch manifest eslint-scope@^8.4.0
453 silly packumentCache full:https://registry.npmjs.org/eslint-scope cache-miss
454 http fetch GET 200 https://registry.npmjs.org/esquery 306ms (cache miss)
455 silly packumentCache full:https://registry.npmjs.org/esquery set size:undefined disposed:false
456 silly fetch manifest lodash.merge@^4.6.2
457 silly packumentCache full:https://registry.npmjs.org/lodash.merge cache-miss
458 http fetch GET 200 https://registry.npmjs.org/espree 361ms (cache miss)
459 silly packumentCache full:https://registry.npmjs.org/espree set size:undefined disposed:false
460 silly fetch manifest @humanfs/node@^0.16.6
461 silly packumentCache full:https://registry.npmjs.org/@humanfs%2fnode cache-miss
462 http fetch GET 200 https://registry.npmjs.org/find-up 304ms (cache miss)
463 silly packumentCache full:https://registry.npmjs.org/find-up set size:undefined disposed:false
464 silly fetch manifest @types/estree@^1.0.6
465 silly packumentCache full:https://registry.npmjs.org/@types%2festree cache-miss
466 http fetch GET 200 https://registry.npmjs.org/scheduler 2295ms (cache miss)
467 silly packumentCache full:https://registry.npmjs.org/scheduler set size:undefined disposed:false
468 silly fetch manifest fast-deep-equal@^3.1.3
469 silly packumentCache full:https://registry.npmjs.org/fast-deep-equal cache-miss
470 http fetch GET 200 https://registry.npmjs.org/is-glob 348ms (cache miss)
471 silly packumentCache full:https://registry.npmjs.org/is-glob set size:undefined disposed:false
472 silly fetch manifest natural-compare@^1.4.0
473 silly packumentCache full:https://registry.npmjs.org/natural-compare cache-miss
474 http fetch GET 200 https://registry.npmjs.org/optionator 298ms (cache miss)
475 silly packumentCache full:https://registry.npmjs.org/optionator set size:undefined disposed:false
476 silly fetch manifest @eslint/eslintrc@^3.3.6
477 silly packumentCache full:https://registry.npmjs.org/@eslint%2feslintrc cache-miss
478 http fetch GET 200 https://registry.npmjs.org/@eslint%2fjs 333ms (cache miss)
479 silly packumentCache full:https://registry.npmjs.org/@eslint%2fjs set size:undefined disposed:false
480 silly fetch manifest file-entry-cache@^8.0.0
481 silly packumentCache full:https://registry.npmjs.org/file-entry-cache cache-miss
482 http fetch GET 200 https://registry.npmjs.org/cross-spawn 275ms (cache miss)
483 silly packumentCache full:https://registry.npmjs.org/cross-spawn set size:undefined disposed:false
484 silly fetch manifest @eslint/plugin-kit@^0.4.1
485 silly packumentCache full:https://registry.npmjs.org/@eslint%2fplugin-kit cache-miss
486 http fetch GET 200 https://registry.npmjs.org/glob-parent 277ms (cache miss)
487 silly packumentCache full:https://registry.npmjs.org/glob-parent set size:undefined disposed:false
488 silly fetch manifest eslint-visitor-keys@^4.2.1
489 silly packumentCache full:https://registry.npmjs.org/eslint-visitor-keys cache-miss
490 http fetch GET 200 https://registry.npmjs.org/imurmurhash 286ms (cache miss)
491 silly packumentCache full:https://registry.npmjs.org/imurmurhash set size:undefined disposed:false
492 silly fetch manifest @eslint/config-array@^0.21.2
493 silly packumentCache full:https://registry.npmjs.org/@eslint%2fconfig-array cache-miss
494 http fetch GET 200 https://registry.npmjs.org/@eslint%2fcore 321ms (cache miss)
495 silly packumentCache full:https://registry.npmjs.org/@eslint%2fcore set size:undefined disposed:false
496 silly fetch manifest @humanwhocodes/retry@^0.4.2
497 silly packumentCache full:https://registry.npmjs.org/@humanwhocodes%2fretry cache-miss
498 http fetch GET 200 https://registry.npmjs.org/lodash.merge 297ms (cache miss)
499 silly packumentCache full:https://registry.npmjs.org/lodash.merge set size:undefined disposed:false
500 silly fetch manifest escape-string-regexp@^4.0.0
501 silly packumentCache full:https://registry.npmjs.org/escape-string-regexp cache-miss
502 http fetch GET 200 https://registry.npmjs.org/eslint-scope 325ms (cache miss)
503 silly packumentCache full:https://registry.npmjs.org/eslint-scope set size:undefined disposed:false
504 silly fetch manifest @eslint/config-helpers@^0.4.2
505 silly packumentCache full:https://registry.npmjs.org/@eslint%2fconfig-helpers cache-miss
506 http fetch GET 200 https://registry.npmjs.org/@types%2festree 318ms (cache miss)
507 silly packumentCache full:https://registry.npmjs.org/@types%2festree set size:undefined disposed:false
508 silly fetch manifest @eslint-community/regexpp@^4.12.1
509 silly packumentCache full:https://registry.npmjs.org/@eslint-community%2fregexpp cache-miss
510 http fetch GET 200 https://registry.npmjs.org/@humanfs%2fnode 340ms (cache miss)
511 silly packumentCache full:https://registry.npmjs.org/@humanfs%2fnode set size:undefined disposed:false
512 silly fetch manifest @eslint-community/eslint-utils@^4.8.0
513 silly packumentCache full:https://registry.npmjs.org/@eslint-community%2feslint-utils cache-miss
514 http fetch GET 200 https://registry.npmjs.org/@tailwindcss%2foxide 979ms (cache miss)
515 silly packumentCache full:https://registry.npmjs.org/@tailwindcss%2foxide set size:undefined disposed:false
516 silly fetch manifest @humanwhocodes/module-importer@^1.0.1
517 silly packumentCache full:https://registry.npmjs.org/@humanwhocodes%2fmodule-importer cache-miss
518 http fetch GET 200 https://registry.npmjs.org/natural-compare 293ms (cache miss)
519 silly packumentCache full:https://registry.npmjs.org/natural-compare set size:undefined disposed:false
520 silly fetch manifest json-stable-stringify-without-jsonify@^1.0.1
521 silly packumentCache full:https://registry.npmjs.org/json-stable-stringify-without-jsonify cache-miss
522 http fetch GET 200 https://registry.npmjs.org/fast-deep-equal 308ms (cache miss)
523 silly packumentCache full:https://registry.npmjs.org/fast-deep-equal set size:undefined disposed:false
524 silly fetch manifest globals@16.4.0
525 silly packumentCache full:https://registry.npmjs.org/globals cache-miss
526 http fetch GET 200 https://registry.npmjs.org/ajv 954ms (cache miss)
527 silly packumentCache full:https://registry.npmjs.org/ajv set size:undefined disposed:false
528 silly fetch manifest typescript-eslint@^8.46.0
529 silly packumentCache full:https://registry.npmjs.org/typescript-eslint cache-miss
530 http fetch GET 200 https://registry.npmjs.org/file-entry-cache 295ms (cache miss)
531 silly packumentCache full:https://registry.npmjs.org/file-entry-cache set size:undefined disposed:false
532 silly fetch manifest eslint-plugin-react@^7.37.0
533 silly packumentCache full:https://registry.npmjs.org/eslint-plugin-react cache-miss
534 http fetch GET 200 https://registry.npmjs.org/@eslint%2feslintrc 313ms (cache miss)
535 silly packumentCache full:https://registry.npmjs.org/@eslint%2feslintrc set size:undefined disposed:false
536 silly fetch manifest eslint-plugin-import@^2.32.0
537 silly packumentCache full:https://registry.npmjs.org/eslint-plugin-import cache-miss
538 http fetch GET 200 https://registry.npmjs.org/@eslint%2fplugin-kit 298ms (cache miss)
539 silly packumentCache full:https://registry.npmjs.org/@eslint%2fplugin-kit set size:undefined disposed:false
540 silly fetch manifest eslint-plugin-jsx-a11y@^6.10.0
541 silly packumentCache full:https://registry.npmjs.org/eslint-plugin-jsx-a11y cache-miss
542 http fetch GET 200 https://registry.npmjs.org/eslint-visitor-keys 303ms (cache miss)
543 silly packumentCache full:https://registry.npmjs.org/eslint-visitor-keys set size:undefined disposed:false
544 silly fetch manifest @next/eslint-plugin-next@16.0.4
545 silly packumentCache full:https://registry.npmjs.org/@next%2feslint-plugin-next cache-miss
546 http fetch GET 200 https://registry.npmjs.org/minimatch 742ms (cache miss)
547 silly packumentCache full:https://registry.npmjs.org/minimatch set size:undefined disposed:false
548 silly fetch manifest eslint-plugin-react-hooks@^7.0.0
549 silly packumentCache full:https://registry.npmjs.org/eslint-plugin-react-hooks cache-miss
550 http fetch GET 200 https://registry.npmjs.org/@eslint%2fconfig-array 306ms (cache miss)
551 silly packumentCache full:https://registry.npmjs.org/@eslint%2fconfig-array set size:undefined disposed:false
552 silly fetch manifest eslint-import-resolver-node@^0.3.6
553 silly packumentCache full:https://registry.npmjs.org/eslint-import-resolver-node cache-miss
554 http fetch GET 200 https://registry.npmjs.org/escape-string-regexp 266ms (cache miss)
555 silly packumentCache full:https://registry.npmjs.org/escape-string-regexp set size:undefined disposed:false
556 silly fetch manifest eslint-import-resolver-typescript@^3.5.2
557 silly packumentCache full:https://registry.npmjs.org/eslint-import-resolver-typescript cache-miss
558 http fetch GET 200 https://registry.npmjs.org/@eslint-community%2feslint-utils 250ms (cache miss)
559 silly packumentCache full:https://registry.npmjs.org/@eslint-community%2feslint-utils set size:undefined disposed:false
560 silly fetch manifest tslib@^2.4.0
561 silly packumentCache full:https://registry.npmjs.org/tslib cache-miss
562 http fetch GET 200 https://registry.npmjs.org/@eslint-community%2fregexpp 271ms (cache miss)
563 silly packumentCache full:https://registry.npmjs.org/@eslint-community%2fregexpp set size:undefined disposed:false
564 silly fetch manifest motion-dom@^12.43.0
565 silly packumentCache full:https://registry.npmjs.org/motion-dom cache-miss
566 http fetch GET 200 https://registry.npmjs.org/json-stable-stringify-without-jsonify 211ms (cache miss)
567 silly packumentCache full:https://registry.npmjs.org/json-stable-stringify-without-jsonify set size:undefined disposed:false
568 silly fetch manifest motion-utils@^12.39.0
569 silly packumentCache full:https://registry.npmjs.org/motion-utils cache-miss
570 http fetch GET 200 https://registry.npmjs.org/@humanwhocodes%2fretry 335ms (cache miss)
571 silly packumentCache full:https://registry.npmjs.org/@humanwhocodes%2fretry set size:undefined disposed:false
572 silly fetch manifest postcss@8.5.23
573 silly packumentCache full:https://registry.npmjs.org/postcss cache-miss
574 http fetch GET 200 https://registry.npmjs.org/@humanwhocodes%2fmodule-importer 235ms (cache miss)
575 silly packumentCache full:https://registry.npmjs.org/@humanwhocodes%2fmodule-importer set size:undefined disposed:false
576 silly fetch manifest @next/env@16.3.0
577 silly packumentCache full:https://registry.npmjs.org/@next%2fenv cache-miss
578 http fetch GET 200 https://registry.npmjs.org/@eslint%2fconfig-helpers 309ms (cache miss)
579 silly packumentCache full:https://registry.npmjs.org/@eslint%2fconfig-helpers set size:undefined disposed:false
580 silly fetch manifest styled-jsx@5.1.6
581 silly packumentCache full:https://registry.npmjs.org/styled-jsx cache-miss
582 http cache https://registry.npmjs.org/postcss 30ms (cache hit)
583 silly packumentCache full:https://registry.npmjs.org/postcss set size:760024 disposed:false
584 silly fetch manifest @swc/helpers@0.5.15
585 silly packumentCache full:https://registry.npmjs.org/@swc%2fhelpers cache-miss
586 http fetch GET 200 https://registry.npmjs.org/globals 258ms (cache miss)
587 silly packumentCache full:https://registry.npmjs.org/globals set size:undefined disposed:false
588 silly fetch manifest caniuse-lite@^1.0.30001579
589 silly packumentCache full:https://registry.npmjs.org/caniuse-lite cache-miss
590 http fetch GET 200 https://registry.npmjs.org/eslint-plugin-import 208ms (cache miss)
591 silly packumentCache full:https://registry.npmjs.org/eslint-plugin-import set size:undefined disposed:false
592 silly fetch manifest sharp@^0.35.3
593 silly packumentCache full:https://registry.npmjs.org/sharp cache-miss
594 http fetch GET 200 https://registry.npmjs.org/eslint-plugin-jsx-a11y 182ms (cache miss)
595 silly packumentCache full:https://registry.npmjs.org/eslint-plugin-jsx-a11y set size:undefined disposed:false
596 silly fetch manifest @next/swc-darwin-x64@16.3.0
597 silly packumentCache full:https://registry.npmjs.org/@next%2fswc-darwin-x64 cache-miss
598 http fetch GET 200 https://registry.npmjs.org/eslint-import-resolver-node 183ms (cache miss)
599 silly packumentCache full:https://registry.npmjs.org/eslint-import-resolver-node set size:undefined disposed:false
600 silly fetch manifest @next/swc-darwin-arm64@16.3.0
601 silly packumentCache full:https://registry.npmjs.org/@next%2fswc-darwin-arm64 cache-miss
602 http fetch GET 200 https://registry.npmjs.org/eslint-plugin-react 293ms (cache miss)
603 silly packumentCache full:https://registry.npmjs.org/eslint-plugin-react set size:undefined disposed:false
604 silly fetch manifest @next/swc-linux-x64-gnu@16.3.0
605 silly packumentCache full:https://registry.npmjs.org/@next%2fswc-linux-x64-gnu cache-miss
606 http fetch GET 200 https://registry.npmjs.org/eslint-import-resolver-typescript 192ms (cache miss)
607 silly packumentCache full:https://registry.npmjs.org/eslint-import-resolver-typescript set size:undefined disposed:false
608 silly fetch manifest @next/swc-linux-x64-musl@16.3.0
609 silly packumentCache full:https://registry.npmjs.org/@next%2fswc-linux-x64-musl cache-miss
610 http fetch GET 200 https://registry.npmjs.org/motion-utils 163ms (cache miss)
611 silly packumentCache full:https://registry.npmjs.org/motion-utils set size:undefined disposed:false
612 silly fetch manifest @next/swc-win32-x64-msvc@16.3.0
613 silly packumentCache full:https://registry.npmjs.org/@next%2fswc-win32-x64-msvc cache-miss
614 http fetch GET 200 https://registry.npmjs.org/tslib 204ms (cache miss)
615 silly packumentCache full:https://registry.npmjs.org/tslib set size:undefined disposed:false
616 silly fetch manifest @next/swc-linux-arm64-gnu@16.3.0
617 silly packumentCache full:https://registry.npmjs.org/@next%2fswc-linux-arm64-gnu cache-miss
618 http fetch GET 200 https://registry.npmjs.org/styled-jsx 200ms (cache miss)
619 silly packumentCache full:https://registry.npmjs.org/styled-jsx set size:undefined disposed:false
620 silly fetch manifest @next/swc-linux-arm64-musl@16.3.0
621 silly packumentCache full:https://registry.npmjs.org/@next%2fswc-linux-arm64-musl cache-miss
622 http fetch GET 200 https://registry.npmjs.org/motion-dom 227ms (cache miss)
623 silly packumentCache full:https://registry.npmjs.org/motion-dom set size:undefined disposed:false
624 silly fetch manifest @next/swc-win32-arm64-msvc@16.3.0
625 silly packumentCache full:https://registry.npmjs.org/@next%2fswc-win32-arm64-msvc cache-miss
626 http fetch GET 200 https://registry.npmjs.org/sharp 204ms (cache miss)
627 silly packumentCache full:https://registry.npmjs.org/sharp set size:undefined disposed:false
628 silly fetch manifest @types/hast@^3.0.0
629 silly packumentCache full:https://registry.npmjs.org/@types%2fhast cache-miss
630 http fetch GET 200 https://registry.npmjs.org/@swc%2fhelpers 243ms (cache miss)
631 silly packumentCache full:https://registry.npmjs.org/@swc%2fhelpers set size:undefined disposed:false
632 silly fetch manifest @types/mdast@^4.0.0
633 silly packumentCache full:https://registry.npmjs.org/@types%2fmdast cache-miss
634 http fetch GET 200 https://registry.npmjs.org/typescript-eslint 633ms (cache miss)
635 silly packumentCache full:https://registry.npmjs.org/typescript-eslint set size:undefined disposed:false
636 silly fetch manifest devlop@^1.0.0
637 silly packumentCache full:https://registry.npmjs.org/devlop cache-miss
638 http fetch GET 200 https://registry.npmjs.org/eslint-plugin-react-hooks 607ms (cache miss)
639 silly packumentCache full:https://registry.npmjs.org/eslint-plugin-react-hooks set size:undefined disposed:false
640 silly fetch manifest hast-util-to-jsx-runtime@^2.0.0
641 silly packumentCache full:https://registry.npmjs.org/hast-util-to-jsx-runtime cache-miss
642 http fetch GET 200 https://registry.npmjs.org/@types%2fhast 336ms (cache miss)
643 silly packumentCache full:https://registry.npmjs.org/@types%2fhast set size:undefined disposed:false
644 silly fetch manifest html-url-attributes@^3.0.0
645 silly packumentCache full:https://registry.npmjs.org/html-url-attributes cache-miss
646 http fetch GET 200 https://registry.npmjs.org/@types%2fmdast 320ms (cache miss)
647 silly packumentCache full:https://registry.npmjs.org/@types%2fmdast set size:undefined disposed:false
648 silly fetch manifest mdast-util-to-hast@^13.0.0
649 silly packumentCache full:https://registry.npmjs.org/mdast-util-to-hast cache-miss
650 http fetch GET 200 https://registry.npmjs.org/@next%2feslint-plugin-next 732ms (cache miss)
651 silly packumentCache full:https://registry.npmjs.org/@next%2feslint-plugin-next set size:undefined disposed:false
652 silly fetch manifest remark-parse@^11.0.0
653 silly packumentCache full:https://registry.npmjs.org/remark-parse cache-miss
654 http fetch GET 200 https://registry.npmjs.org/caniuse-lite 663ms (cache miss)
655 silly packumentCache full:https://registry.npmjs.org/caniuse-lite set size:undefined disposed:false
656 silly fetch manifest remark-rehype@^11.0.0
657 silly packumentCache full:https://registry.npmjs.org/remark-rehype cache-miss
658 http fetch GET 200 https://registry.npmjs.org/devlop 271ms (cache miss)
659 silly packumentCache full:https://registry.npmjs.org/devlop set size:undefined disposed:false
660 silly fetch manifest unified@^11.0.0
661 silly packumentCache full:https://registry.npmjs.org/unified cache-miss
662 http fetch GET 200 https://registry.npmjs.org/hast-util-to-jsx-runtime 217ms (cache miss)
663 silly packumentCache full:https://registry.npmjs.org/hast-util-to-jsx-runtime set size:undefined disposed:false
664 silly fetch manifest unist-util-visit@^5.0.0
665 silly packumentCache full:https://registry.npmjs.org/unist-util-visit cache-miss
666 http fetch GET 200 https://registry.npmjs.org/html-url-attributes 191ms (cache miss)
667 silly packumentCache full:https://registry.npmjs.org/html-url-attributes set size:undefined disposed:false
668 silly fetch manifest vfile@^6.0.0
669 silly packumentCache full:https://registry.npmjs.org/vfile cache-miss
670 http fetch GET 200 https://registry.npmjs.org/@next%2fswc-darwin-x64 758ms (cache miss)
671 silly packumentCache full:https://registry.npmjs.org/@next%2fswc-darwin-x64 set size:undefined disposed:false
672 silly fetch manifest immer@^11.1.8
673 silly packumentCache full:https://registry.npmjs.org/immer cache-miss
674 http fetch GET 200 https://registry.npmjs.org/remark-parse 210ms (cache miss)
675 silly packumentCache full:https://registry.npmjs.org/remark-parse set size:undefined disposed:false
676 silly fetch manifest reselect@5.2.0
677 silly packumentCache full:https://registry.npmjs.org/reselect cache-miss
678 http fetch GET 200 https://registry.npmjs.org/mdast-util-to-hast 262ms (cache miss)
679 silly packumentCache full:https://registry.npmjs.org/mdast-util-to-hast set size:undefined disposed:false
680 silly fetch manifest es-toolkit@^1.39.3
681 silly packumentCache full:https://registry.npmjs.org/es-toolkit cache-miss
682 http cache https://registry.npmjs.org/immer 39ms (cache hit)
683 silly packumentCache full:https://registry.npmjs.org/immer set size:791044 disposed:false
684 silly fetch manifest react-redux@8.x.x || 9.x.x
685 silly packumentCache full:https://registry.npmjs.org/react-redux cache-miss
686 http fetch GET 200 https://registry.npmjs.org/remark-rehype 214ms (cache miss)
687 silly packumentCache full:https://registry.npmjs.org/remark-rehype set size:undefined disposed:false
688 silly fetch manifest eventemitter3@^5.0.1
689 silly packumentCache full:https://registry.npmjs.org/eventemitter3 cache-miss
690 http fetch GET 200 https://registry.npmjs.org/unified 217ms (cache miss)
691 silly packumentCache full:https://registry.npmjs.org/unified set size:undefined disposed:false
692 silly fetch manifest tiny-invariant@^1.3.3
693 silly packumentCache full:https://registry.npmjs.org/tiny-invariant cache-miss
694 http fetch GET 200 https://registry.npmjs.org/unist-util-visit 199ms (cache miss)
695 silly packumentCache full:https://registry.npmjs.org/unist-util-visit set size:undefined disposed:false
696 silly fetch manifest victory-vendor@^37.0.2
697 silly packumentCache full:https://registry.npmjs.org/victory-vendor cache-miss
698 http fetch GET 200 https://registry.npmjs.org/vfile 190ms (cache miss)
699 silly packumentCache full:https://registry.npmjs.org/vfile set size:undefined disposed:false
700 silly fetch manifest @reduxjs/toolkit@^1.9.0 || 2.x.x
701 silly packumentCache full:https://registry.npmjs.org/@reduxjs%2ftoolkit cache-miss
702 http fetch GET 200 https://registry.npmjs.org/@next%2fswc-linux-x64-gnu 884ms (cache miss)
703 silly packumentCache full:https://registry.npmjs.org/@next%2fswc-linux-x64-gnu set size:undefined disposed:false
704 silly fetch manifest decimal.js-light@^2.5.1
705 silly packumentCache full:https://registry.npmjs.org/decimal.js-light cache-miss
706 http fetch GET 200 https://registry.npmjs.org/@next%2fswc-linux-x64-musl 937ms (cache miss)
707 silly packumentCache full:https://registry.npmjs.org/@next%2fswc-linux-x64-musl set size:undefined disposed:false
708 silly fetch manifest use-sync-external-store@^1.2.2
709 silly packumentCache full:https://registry.npmjs.org/use-sync-external-store cache-miss
710 http cache https://registry.npmjs.org/use-sync-external-store 65ms (cache hit)
711 silly packumentCache full:https://registry.npmjs.org/use-sync-external-store set size:4925989 disposed:false
712 silly fetch manifest hast-util-to-text@^4.0.0
713 silly packumentCache full:https://registry.npmjs.org/hast-util-to-text cache-miss
714 http fetch GET 200 https://registry.npmjs.org/tiny-invariant 256ms (cache miss)
715 silly packumentCache full:https://registry.npmjs.org/tiny-invariant set size:undefined disposed:false
716 silly fetch manifest lowlight@^3.0.0
717 silly packumentCache full:https://registry.npmjs.org/lowlight cache-miss
718 http fetch GET 200 https://registry.npmjs.org/eventemitter3 288ms (cache miss)
719 silly packumentCache full:https://registry.npmjs.org/eventemitter3 set size:undefined disposed:false
720 http fetch GET 200 https://registry.npmjs.org/reselect 361ms (cache miss)
721 silly packumentCache full:https://registry.npmjs.org/reselect set size:undefined disposed:false
722 http fetch GET 200 https://registry.npmjs.org/victory-vendor 261ms (cache miss)
723 silly packumentCache full:https://registry.npmjs.org/victory-vendor set size:undefined disposed:false
724 http fetch GET 200 https://registry.npmjs.org/react-redux 352ms (cache miss)
725 silly packumentCache full:https://registry.npmjs.org/react-redux set size:undefined disposed:false
726 http fetch GET 200 https://registry.npmjs.org/@next%2fenv 1279ms (cache miss)
727 silly packumentCache full:https://registry.npmjs.org/@next%2fenv set size:undefined disposed:false
728 http fetch GET 200 https://registry.npmjs.org/@reduxjs%2ftoolkit 352ms (cache miss)
729 silly packumentCache full:https://registry.npmjs.org/@reduxjs%2ftoolkit set size:undefined disposed:false
730 http fetch GET 200 https://registry.npmjs.org/decimal.js-light 323ms (cache miss)
731 silly packumentCache full:https://registry.npmjs.org/decimal.js-light set size:undefined disposed:false
732 http fetch GET 200 https://registry.npmjs.org/@next%2fswc-linux-arm64-musl 1183ms (cache miss)
733 silly packumentCache full:https://registry.npmjs.org/@next%2fswc-linux-arm64-musl set size:undefined disposed:false
734 http fetch GET 200 https://registry.npmjs.org/lowlight 228ms (cache miss)
735 silly packumentCache full:https://registry.npmjs.org/lowlight set size:undefined disposed:false
736 http fetch GET 200 https://registry.npmjs.org/@next%2fswc-linux-arm64-gnu 1267ms (cache miss)
737 silly packumentCache full:https://registry.npmjs.org/@next%2fswc-linux-arm64-gnu set size:undefined disposed:false
738 http fetch GET 200 https://registry.npmjs.org/@next%2fswc-win32-x64-msvc 1334ms (cache miss)
739 silly packumentCache full:https://registry.npmjs.org/@next%2fswc-win32-x64-msvc set size:undefined disposed:false
740 http fetch GET 200 https://registry.npmjs.org/hast-util-to-text 337ms (cache miss)
741 silly packumentCache full:https://registry.npmjs.org/hast-util-to-text set size:undefined disposed:false
742 http fetch GET 200 https://registry.npmjs.org/es-toolkit 709ms (cache miss)
743 silly packumentCache full:https://registry.npmjs.org/es-toolkit set size:undefined disposed:false
744 http fetch GET 200 https://registry.npmjs.org/@next%2fswc-win32-arm64-msvc 1910ms (cache miss)
745 silly packumentCache full:https://registry.npmjs.org/@next%2fswc-win32-arm64-msvc set size:undefined disposed:false
746 http fetch GET 200 https://registry.npmjs.org/@next%2fswc-darwin-arm64 2721ms (cache miss)
747 silly packumentCache full:https://registry.npmjs.org/@next%2fswc-darwin-arm64 set size:undefined disposed:false
748 silly fetch manifest @types/react@*
749 silly packumentCache full:https://registry.npmjs.org/@types%2freact cache-miss
750 http cache https://registry.npmjs.org/@types%2freact 27ms (cache hit)
751 silly packumentCache full:https://registry.npmjs.org/@types%2freact set size:2637439 disposed:false
752 silly fetch manifest react@^16.8 || ^17.0 || ^18.0 || ^19.0 || ^19.0.0-rc
753 silly packumentCache full:https://registry.npmjs.org/react cache-miss
754 http cache https://registry.npmjs.org/react 22ms (cache hit)
755 silly packumentCache full:https://registry.npmjs.org/react set size:6888185 disposed:false
756 silly fetch manifest @types/react-dom@*
757 silly packumentCache full:https://registry.npmjs.org/@types%2freact-dom cache-miss
758 http cache https://registry.npmjs.org/@types%2freact-dom 17ms (cache hit)
759 silly packumentCache full:https://registry.npmjs.org/@types%2freact-dom set size:432855 disposed:false
760 silly fetch manifest react-dom@^16.8 || ^17.0 || ^18.0 || ^19.0 || ^19.0.0-rc
761 silly packumentCache full:https://registry.npmjs.org/react-dom cache-miss
762 http cache https://registry.npmjs.org/react-dom 25ms (cache hit)
763 silly packumentCache full:https://registry.npmjs.org/react-dom set size:9252416 disposed:false
764 silly placeDep ROOT @radix-ui/primitive@1.1.7 OK for: @radix-ui/react-accordion@1.2.20 want: 1.1.7
765 silly placeDep ROOT @radix-ui/react-collapsible@1.1.20 OK for: @radix-ui/react-accordion@1.2.20 want: 1.1.20
766 silly placeDep ROOT @radix-ui/react-collection@1.1.15 OK for: @radix-ui/react-accordion@1.2.20 want: 1.1.15
767 silly placeDep ROOT @radix-ui/react-compose-refs@1.1.5 OK for: @radix-ui/react-accordion@1.2.20 want: 1.1.5
768 silly placeDep ROOT @radix-ui/react-context@1.2.2 OK for: @radix-ui/react-accordion@1.2.20 want: 1.2.2
769 silly placeDep ROOT @radix-ui/react-direction@1.1.4 OK for: @radix-ui/react-accordion@1.2.20 want: 1.1.4
770 silly placeDep ROOT @radix-ui/react-id@1.1.4 OK for: @radix-ui/react-accordion@1.2.20 want: 1.1.4
771 silly placeDep ROOT @radix-ui/react-primitive@2.1.10 OK for: @radix-ui/react-accordion@1.2.20 want: 2.1.10
772 silly placeDep ROOT @radix-ui/react-use-controllable-state@1.2.6 OK for: @radix-ui/react-accordion@1.2.20 want: 1.2.6
773 silly fetch manifest @radix-ui/react-use-effect-event@0.0.5
774 silly packumentCache full:https://registry.npmjs.org/@radix-ui%2freact-use-effect-event cache-miss
775 http fetch GET 200 https://registry.npmjs.org/@radix-ui%2freact-use-effect-event 130ms (cache miss)
776 silly packumentCache full:https://registry.npmjs.org/@radix-ui%2freact-use-effect-event set size:undefined disposed:false
777 silly placeDep ROOT @radix-ui/react-use-callback-ref@1.1.4 OK for: @radix-ui/react-avatar@1.2.6 want: 1.1.4
778 silly placeDep ROOT @radix-ui/react-use-is-hydrated@0.1.3 OK for: @radix-ui/react-avatar@1.2.6 want: 0.1.3
779 silly placeDep ROOT @radix-ui/react-use-layout-effect@1.1.4 OK for: @radix-ui/react-avatar@1.2.6 want: 1.1.4
780 silly placeDep ROOT @radix-ui/react-presence@1.1.10 OK for: @radix-ui/react-collapsible@1.1.20 want: 1.1.10
781 silly placeDep ROOT @radix-ui/react-dismissable-layer@1.1.19 OK for: @radix-ui/react-dialog@1.1.23 want: 1.1.19
782 silly placeDep ROOT @radix-ui/react-focus-guards@1.1.6 OK for: @radix-ui/react-dialog@1.1.23 want: 1.1.6
783 silly placeDep ROOT @radix-ui/react-focus-scope@1.1.16 OK for: @radix-ui/react-dialog@1.1.23 want: 1.1.16
784 silly placeDep ROOT @radix-ui/react-portal@1.1.17 OK for: @radix-ui/react-dialog@1.1.23 want: 1.1.17
785 silly placeDep ROOT aria-hidden@1.2.6 OK for: @radix-ui/react-dialog@1.1.23 want: ^1.2.4
786 silly placeDep ROOT react-remove-scroll@2.7.2 OK for: @radix-ui/react-dialog@1.1.23 want: ^2.7.2
787 silly fetch manifest tslib@^2.0.0
788 silly packumentCache full:https://registry.npmjs.org/tslib cache-miss
789 silly fetch manifest react-remove-scroll-bar@^2.3.7
790 silly packumentCache full:https://registry.npmjs.org/react-remove-scroll-bar cache-miss
791 silly fetch manifest react-style-singleton@^2.2.3
792 silly packumentCache full:https://registry.npmjs.org/react-style-singleton cache-miss
793 silly fetch manifest tslib@^2.1.0
794 silly packumentCache full:https://registry.npmjs.org/tslib cache-miss
795 silly fetch manifest use-callback-ref@^1.3.3
796 silly packumentCache full:https://registry.npmjs.org/use-callback-ref cache-miss
797 silly fetch manifest use-sidecar@^1.1.3
798 silly packumentCache full:https://registry.npmjs.org/use-sidecar cache-miss
799 http cache https://registry.npmjs.org/tslib 18ms (cache hit)
800 silly packumentCache full:https://registry.npmjs.org/tslib set size:108843 disposed:false
801 http cache https://registry.npmjs.org/tslib 20ms (cache hit)
802 silly packumentCache full:https://registry.npmjs.org/tslib set size:108843 disposed:false
803 silly packumentCache full:https://registry.npmjs.org/tslib dispose
804 http fetch GET 200 https://registry.npmjs.org/react-style-singleton 129ms (cache miss)
805 silly packumentCache full:https://registry.npmjs.org/react-style-singleton set size:undefined disposed:false
806 http fetch GET 200 https://registry.npmjs.org/use-sidecar 133ms (cache miss)
807 silly packumentCache full:https://registry.npmjs.org/use-sidecar set size:undefined disposed:false
808 http fetch GET 200 https://registry.npmjs.org/react-remove-scroll-bar 142ms (cache miss)
809 silly packumentCache full:https://registry.npmjs.org/react-remove-scroll-bar set size:undefined disposed:false
810 http fetch GET 200 https://registry.npmjs.org/use-callback-ref 156ms (cache miss)
811 silly packumentCache full:https://registry.npmjs.org/use-callback-ref set size:undefined disposed:false
812 silly placeDep ROOT @radix-ui/react-use-effect-event@0.0.5 OK for: @radix-ui/react-dismissable-layer@1.1.19 want: 0.0.5
813 silly placeDep ROOT @radix-ui/react-menu@2.1.24 OK for: @radix-ui/react-dropdown-menu@2.1.24 want: 2.1.24
814 silly fetch manifest @radix-ui/react-popper@1.3.7
815 silly packumentCache full:https://registry.npmjs.org/@radix-ui%2freact-popper cache-miss
816 http fetch GET 200 https://registry.npmjs.org/@radix-ui%2freact-popper 166ms (cache miss)
817 silly packumentCache full:https://registry.npmjs.org/@radix-ui%2freact-popper set size:undefined disposed:false
818 silly placeDep ROOT @radix-ui/react-popper@1.3.7 OK for: @radix-ui/react-menu@2.1.24 want: 1.3.7
819 silly placeDep ROOT @radix-ui/react-roving-focus@1.1.19 OK for: @radix-ui/react-menu@2.1.24 want: 1.1.19
820 silly fetch manifest @radix-ui/rect@1.1.3
821 silly packumentCache full:https://registry.npmjs.org/@radix-ui%2frect cache-miss
822 silly fetch manifest @radix-ui/react-arrow@1.1.15
823 silly packumentCache full:https://registry.npmjs.org/@radix-ui%2freact-arrow cache-miss
824 silly fetch manifest @floating-ui/react-dom@^2.0.0
825 silly packumentCache full:https://registry.npmjs.org/@floating-ui%2freact-dom cache-miss
826 silly fetch manifest @radix-ui/react-use-rect@1.1.4
827 silly packumentCache full:https://registry.npmjs.org/@radix-ui%2freact-use-rect cache-miss
828 silly fetch manifest @radix-ui/react-use-size@1.1.4
829 silly packumentCache full:https://registry.npmjs.org/@radix-ui%2freact-use-size cache-miss
830 http fetch GET 200 https://registry.npmjs.org/@radix-ui%2frect 142ms (cache miss)
831 silly packumentCache full:https://registry.npmjs.org/@radix-ui%2frect set size:undefined disposed:false
832 http fetch GET 200 https://registry.npmjs.org/@radix-ui%2freact-arrow 162ms (cache miss)
833 silly packumentCache full:https://registry.npmjs.org/@radix-ui%2freact-arrow set size:undefined disposed:false
834 http fetch GET 200 https://registry.npmjs.org/@floating-ui%2freact-dom 171ms (cache miss)
835 silly packumentCache full:https://registry.npmjs.org/@floating-ui%2freact-dom set size:undefined disposed:false
836 http fetch GET 200 https://registry.npmjs.org/@radix-ui%2freact-use-size 184ms (cache miss)
837 silly packumentCache full:https://registry.npmjs.org/@radix-ui%2freact-use-size set size:undefined disposed:false
838 http fetch GET 200 https://registry.npmjs.org/@radix-ui%2freact-use-rect 193ms (cache miss)
839 silly packumentCache full:https://registry.npmjs.org/@radix-ui%2freact-use-rect set size:undefined disposed:false
840 silly placeDep ROOT @floating-ui/react-dom@2.1.9 OK for: @radix-ui/react-popper@1.3.7 want: ^2.0.0
841 silly placeDep ROOT @radix-ui/react-arrow@1.1.15 OK for: @radix-ui/react-popper@1.3.7 want: 1.1.15
842 silly placeDep ROOT @radix-ui/react-use-rect@1.1.4 OK for: @radix-ui/react-popper@1.3.7 want: 1.1.4
843 silly placeDep ROOT @radix-ui/react-use-size@1.1.4 OK for: @radix-ui/react-popper@1.3.7 want: 1.1.4
844 silly placeDep ROOT @radix-ui/rect@1.1.3 OK for: @radix-ui/react-popper@1.3.7 want: 1.1.3
845 silly fetch manifest @floating-ui/dom@^1.8.0
846 silly packumentCache full:https://registry.npmjs.org/@floating-ui%2fdom cache-miss
847 http fetch GET 200 https://registry.npmjs.org/@floating-ui%2fdom 145ms (cache miss)
848 silly packumentCache full:https://registry.npmjs.org/@floating-ui%2fdom set size:undefined disposed:false
849 silly placeDep ROOT @floating-ui/dom@1.8.0 OK for: @floating-ui/react-dom@2.1.9 want: ^1.8.0
850 silly fetch manifest @floating-ui/core@^1.8.0
851 silly packumentCache full:https://registry.npmjs.org/@floating-ui%2fcore cache-miss
852 silly fetch manifest @floating-ui/utils@^0.2.12
853 silly packumentCache full:https://registry.npmjs.org/@floating-ui%2futils cache-miss
854 http fetch GET 200 https://registry.npmjs.org/@floating-ui%2futils 143ms (cache miss)
855 silly packumentCache full:https://registry.npmjs.org/@floating-ui%2futils set size:undefined disposed:false
856 http fetch GET 200 https://registry.npmjs.org/@floating-ui%2fcore 214ms (cache miss)
857 silly packumentCache full:https://registry.npmjs.org/@floating-ui%2fcore set size:undefined disposed:false
858 silly placeDep ROOT @floating-ui/core@1.8.0 OK for: @floating-ui/dom@1.8.0 want: ^1.8.0
859 silly placeDep ROOT @floating-ui/utils@0.2.12 OK for: @floating-ui/dom@1.8.0 want: ^0.2.12
860 silly placeDep ROOT @radix-ui/number@1.1.3 OK for: @radix-ui/react-scroll-area@1.2.18 want: 1.1.3
861 silly placeDep ROOT @alloc/quick-lru@5.2.0 OK for: @tailwindcss/postcss@4.3.3 want: ^5.2.0
862 silly placeDep ROOT @tailwindcss/node@4.3.3 OK for: @tailwindcss/postcss@4.3.3 want: 4.3.3
863 silly placeDep ROOT @tailwindcss/oxide@4.3.3 OK for: @tailwindcss/postcss@4.3.3 want: 4.3.3
864 silly placeDep ROOT postcss@8.5.26 OK for: @tailwindcss/postcss@4.3.3 want: ^8.5.16
865 silly fetch manifest jiti@^2.7.0
866 silly packumentCache full:https://registry.npmjs.org/jiti cache-miss
867 silly fetch manifest lightningcss@1.32.0
868 silly packumentCache full:https://registry.npmjs.org/lightningcss cache-miss
869 silly fetch manifest magic-string@^0.30.21
870 silly packumentCache full:https://registry.npmjs.org/magic-string cache-miss
871 silly fetch manifest source-map-js@^1.2.1
872 silly packumentCache full:https://registry.npmjs.org/source-map-js cache-miss
873 silly fetch manifest enhanced-resolve@^5.24.1
874 silly packumentCache full:https://registry.npmjs.org/enhanced-resolve cache-miss
875 silly fetch manifest @jridgewell/remapping@^2.3.5
876 silly packumentCache full:https://registry.npmjs.org/@jridgewell%2fremapping cache-miss
877 silly fetch manifest @tailwindcss/oxide-darwin-x64@4.3.3
878 silly packumentCache full:https://registry.npmjs.org/@tailwindcss%2foxide-darwin-x64 cache-miss
879 silly fetch manifest @tailwindcss/oxide-freebsd-x64@4.3.3
880 silly packumentCache full:https://registry.npmjs.org/@tailwindcss%2foxide-freebsd-x64 cache-miss
881 silly fetch manifest @tailwindcss/oxide-wasm32-wasi@4.3.3
882 silly packumentCache full:https://registry.npmjs.org/@tailwindcss%2foxide-wasm32-wasi cache-miss
883 silly fetch manifest @tailwindcss/oxide-darwin-arm64@4.3.3
884 silly packumentCache full:https://registry.npmjs.org/@tailwindcss%2foxide-darwin-arm64 cache-miss
885 silly fetch manifest @tailwindcss/oxide-android-arm64@4.3.3
886 silly packumentCache full:https://registry.npmjs.org/@tailwindcss%2foxide-android-arm64 cache-miss
887 silly fetch manifest @tailwindcss/oxide-linux-x64-gnu@4.3.3
888 silly packumentCache full:https://registry.npmjs.org/@tailwindcss%2foxide-linux-x64-gnu cache-miss
889 silly fetch manifest @tailwindcss/oxide-linux-x64-musl@4.3.3
890 silly packumentCache full:https://registry.npmjs.org/@tailwindcss%2foxide-linux-x64-musl cache-miss
891 silly fetch manifest @tailwindcss/oxide-win32-x64-msvc@4.3.3
892 silly packumentCache full:https://registry.npmjs.org/@tailwindcss%2foxide-win32-x64-msvc cache-miss
893 silly fetch manifest @tailwindcss/oxide-linux-arm64-gnu@4.3.3
894 silly packumentCache full:https://registry.npmjs.org/@tailwindcss%2foxide-linux-arm64-gnu cache-miss
895 http cache https://registry.npmjs.org/jiti 23ms (cache hit)
896 silly packumentCache full:https://registry.npmjs.org/jiti set size:387989 disposed:false
897 silly fetch manifest @tailwindcss/oxide-linux-arm64-musl@4.3.3
898 silly packumentCache full:https://registry.npmjs.org/@tailwindcss%2foxide-linux-arm64-musl cache-miss
899 http fetch GET 200 https://registry.npmjs.org/source-map-js 141ms (cache miss)
900 silly packumentCache full:https://registry.npmjs.org/source-map-js set size:undefined disposed:false
901 silly fetch manifest @tailwindcss/oxide-win32-arm64-msvc@4.3.3
902 silly packumentCache full:https://registry.npmjs.org/@tailwindcss%2foxide-win32-arm64-msvc cache-miss
903 http fetch GET 200 https://registry.npmjs.org/lightningcss 151ms (cache miss)
904 silly packumentCache full:https://registry.npmjs.org/lightningcss set size:undefined disposed:false
905 silly fetch manifest @tailwindcss/oxide-linux-arm-gnueabihf@4.3.3
906 silly packumentCache full:https://registry.npmjs.org/@tailwindcss%2foxide-linux-arm-gnueabihf cache-miss
907 http fetch GET 200 https://registry.npmjs.org/@jridgewell%2fremapping 155ms (cache miss)
908 silly packumentCache full:https://registry.npmjs.org/@jridgewell%2fremapping set size:undefined disposed:false
909 silly fetch manifest nanoid@^3.3.17
910 silly packumentCache full:https://registry.npmjs.org/nanoid cache-miss
911 http fetch GET 200 https://registry.npmjs.org/magic-string 168ms (cache miss)
912 silly packumentCache full:https://registry.npmjs.org/magic-string set size:undefined disposed:false
913 silly fetch manifest picocolors@^1.1.1
914 silly packumentCache full:https://registry.npmjs.org/picocolors cache-miss
915 http fetch GET 200 https://registry.npmjs.org/enhanced-resolve 182ms (cache miss)
916 silly packumentCache full:https://registry.npmjs.org/enhanced-resolve set size:undefined disposed:false
917 http fetch GET 200 https://registry.npmjs.org/@tailwindcss%2foxide-android-arm64 219ms (cache miss)
918 silly packumentCache full:https://registry.npmjs.org/@tailwindcss%2foxide-android-arm64 set size:undefined disposed:false
919 http fetch GET 200 https://registry.npmjs.org/@tailwindcss%2foxide-wasm32-wasi 376ms (cache miss)
920 silly packumentCache full:https://registry.npmjs.org/@tailwindcss%2foxide-wasm32-wasi set size:undefined disposed:false
921 http fetch GET 200 https://registry.npmjs.org/@tailwindcss%2foxide-freebsd-x64 439ms (cache miss)
922 silly packumentCache full:https://registry.npmjs.org/@tailwindcss%2foxide-freebsd-x64 set size:undefined disposed:false
923 http fetch GET 200 https://registry.npmjs.org/@tailwindcss%2foxide-darwin-x64 480ms (cache miss)
924 silly packumentCache full:https://registry.npmjs.org/@tailwindcss%2foxide-darwin-x64 set size:undefined disposed:false
925 http fetch GET 200 https://registry.npmjs.org/@tailwindcss%2foxide-darwin-arm64 516ms (cache miss)
926 silly packumentCache full:https://registry.npmjs.org/@tailwindcss%2foxide-darwin-arm64 set size:undefined disposed:false
927 http fetch GET 200 https://registry.npmjs.org/@tailwindcss%2foxide-linux-arm64-gnu 550ms (cache miss)
928 silly packumentCache full:https://registry.npmjs.org/@tailwindcss%2foxide-linux-arm64-gnu set size:undefined disposed:false
929 http fetch GET 200 https://registry.npmjs.org/picocolors 407ms (cache miss)
930 silly packumentCache full:https://registry.npmjs.org/picocolors set size:undefined disposed:false
931 http fetch GET 200 https://registry.npmjs.org/nanoid 433ms (cache miss)
932 silly packumentCache full:https://registry.npmjs.org/nanoid set size:undefined disposed:false
933 http fetch GET 200 https://registry.npmjs.org/@tailwindcss%2foxide-linux-x64-musl 599ms (cache miss)
934 silly packumentCache full:https://registry.npmjs.org/@tailwindcss%2foxide-linux-x64-musl set size:undefined disposed:false
935 http fetch GET 200 https://registry.npmjs.org/@tailwindcss%2foxide-win32-x64-msvc 670ms (cache miss)
936 silly packumentCache full:https://registry.npmjs.org/@tailwindcss%2foxide-win32-x64-msvc set size:undefined disposed:false
937 http fetch GET 200 https://registry.npmjs.org/@tailwindcss%2foxide-win32-arm64-msvc 553ms (cache miss)
938 silly packumentCache full:https://registry.npmjs.org/@tailwindcss%2foxide-win32-arm64-msvc set size:undefined disposed:false
939 http fetch GET 200 https://registry.npmjs.org/@tailwindcss%2foxide-linux-x64-gnu 719ms (cache miss)
940 silly packumentCache full:https://registry.npmjs.org/@tailwindcss%2foxide-linux-x64-gnu set size:undefined disposed:false
941 http fetch GET 200 https://registry.npmjs.org/@tailwindcss%2foxide-linux-arm-gnueabihf 597ms (cache miss)
942 silly packumentCache full:https://registry.npmjs.org/@tailwindcss%2foxide-linux-arm-gnueabihf set size:undefined disposed:false
943 http fetch GET 200 https://registry.npmjs.org/@tailwindcss%2foxide-linux-arm64-musl 890ms (cache miss)
944 silly packumentCache full:https://registry.npmjs.org/@tailwindcss%2foxide-linux-arm64-musl set size:undefined disposed:false
945 silly placeDep ROOT @jridgewell/remapping@2.3.5 OK for: @tailwindcss/node@4.3.3 want: ^2.3.5
946 silly placeDep ROOT enhanced-resolve@5.24.5 OK for: @tailwindcss/node@4.3.3 want: ^5.24.1
947 silly placeDep ROOT jiti@2.7.0 OK for: @tailwindcss/node@4.3.3 want: ^2.7.0
948 silly placeDep ROOT lightningcss@1.32.0 OK for: @tailwindcss/node@4.3.3 want: 1.32.0
949 silly placeDep ROOT magic-string@0.30.21 OK for: @tailwindcss/node@4.3.3 want: ^0.30.21
950 silly placeDep ROOT source-map-js@1.2.1 OK for: @tailwindcss/node@4.3.3 want: ^1.2.1
951 silly fetch manifest @jridgewell/gen-mapping@^0.3.5
952 silly packumentCache full:https://registry.npmjs.org/@jridgewell%2fgen-mapping cache-miss
953 silly fetch manifest @jridgewell/trace-mapping@^0.3.24
954 silly packumentCache full:https://registry.npmjs.org/@jridgewell%2ftrace-mapping cache-miss
955 silly fetch manifest tapable@^2.3.3
956 silly packumentCache full:https://registry.npmjs.org/tapable cache-miss
957 silly fetch manifest graceful-fs@^4.2.4
958 silly packumentCache full:https://registry.npmjs.org/graceful-fs cache-miss
959 silly fetch manifest detect-libc@^2.0.3
960 silly packumentCache full:https://registry.npmjs.org/detect-libc cache-miss
961 silly fetch manifest lightningcss-darwin-x64@1.32.0
962 silly packumentCache full:https://registry.npmjs.org/lightningcss-darwin-x64 cache-miss
963 silly fetch manifest lightningcss-freebsd-x64@1.32.0
964 silly packumentCache full:https://registry.npmjs.org/lightningcss-freebsd-x64 cache-miss
965 silly fetch manifest lightningcss-darwin-arm64@1.32.0
966 silly packumentCache full:https://registry.npmjs.org/lightningcss-darwin-arm64 cache-miss
967 silly fetch manifest lightningcss-android-arm64@1.32.0
968 silly packumentCache full:https://registry.npmjs.org/lightningcss-android-arm64 cache-miss
969 silly fetch manifest lightningcss-linux-x64-gnu@1.32.0
970 silly packumentCache full:https://registry.npmjs.org/lightningcss-linux-x64-gnu cache-miss
971 silly fetch manifest lightningcss-linux-x64-musl@1.32.0
972 silly packumentCache full:https://registry.npmjs.org/lightningcss-linux-x64-musl cache-miss
973 silly fetch manifest lightningcss-win32-x64-msvc@1.32.0
974 silly packumentCache full:https://registry.npmjs.org/lightningcss-win32-x64-msvc cache-miss
975 silly fetch manifest lightningcss-linux-arm64-gnu@1.32.0
976 silly packumentCache full:https://registry.npmjs.org/lightningcss-linux-arm64-gnu cache-miss
977 silly fetch manifest lightningcss-linux-arm64-musl@1.32.0
978 silly packumentCache full:https://registry.npmjs.org/lightningcss-linux-arm64-musl cache-miss
979 silly fetch manifest lightningcss-win32-arm64-msvc@1.32.0
980 silly packumentCache full:https://registry.npmjs.org/lightningcss-win32-arm64-msvc cache-miss
981 http fetch GET 200 https://registry.npmjs.org/lightningcss-android-arm64 134ms (cache miss)
982 silly packumentCache full:https://registry.npmjs.org/lightningcss-android-arm64 set size:undefined disposed:false
983 silly fetch manifest lightningcss-linux-arm-gnueabihf@1.32.0
984 silly packumentCache full:https://registry.npmjs.org/lightningcss-linux-arm-gnueabihf cache-miss
985 http fetch GET 200 https://registry.npmjs.org/lightningcss-win32-x64-msvc 178ms (cache miss)
986 silly packumentCache full:https://registry.npmjs.org/lightningcss-win32-x64-msvc set size:undefined disposed:false
987 silly fetch manifest @jridgewell/sourcemap-codec@^1.5.5
988 silly packumentCache full:https://registry.npmjs.org/@jridgewell%2fsourcemap-codec cache-miss
989 http fetch GET 200 https://registry.npmjs.org/lightningcss-darwin-x64 190ms (cache miss)
990 silly packumentCache full:https://registry.npmjs.org/lightningcss-darwin-x64 set size:undefined disposed:false
991 http fetch GET 200 https://registry.npmjs.org/lightningcss-win32-arm64-msvc 196ms (cache miss)
992 silly packumentCache full:https://registry.npmjs.org/lightningcss-win32-arm64-msvc set size:undefined disposed:false
993 http fetch GET 200 https://registry.npmjs.org/detect-libc 199ms (cache miss)
994 silly packumentCache full:https://registry.npmjs.org/detect-libc set size:undefined disposed:false
995 http fetch GET 200 https://registry.npmjs.org/lightningcss-linux-x64-musl 199ms (cache miss)
996 silly packumentCache full:https://registry.npmjs.org/lightningcss-linux-x64-musl set size:undefined disposed:false
997 http fetch GET 200 https://registry.npmjs.org/lightningcss-freebsd-x64 202ms (cache miss)
998 silly packumentCache full:https://registry.npmjs.org/lightningcss-freebsd-x64 set size:undefined disposed:false
999 http fetch GET 200 https://registry.npmjs.org/lightningcss-darwin-arm64 217ms (cache miss)
1000 silly packumentCache full:https://registry.npmjs.org/lightningcss-darwin-arm64 set size:undefined disposed:false
1001 http fetch GET 200 https://registry.npmjs.org/tapable 223ms (cache miss)
1002 silly packumentCache full:https://registry.npmjs.org/tapable set size:undefined disposed:false
1003 http fetch GET 200 https://registry.npmjs.org/lightningcss-linux-arm64-musl 227ms (cache miss)
1004 silly packumentCache full:https://registry.npmjs.org/lightningcss-linux-arm64-musl set size:undefined disposed:false
1005 http fetch GET 200 https://registry.npmjs.org/lightningcss-linux-arm64-gnu 238ms (cache miss)
1006 silly packumentCache full:https://registry.npmjs.org/lightningcss-linux-arm64-gnu set size:undefined disposed:false
1007 http fetch GET 200 https://registry.npmjs.org/@jridgewell%2fgen-mapping 244ms (cache miss)
1008 silly packumentCache full:https://registry.npmjs.org/@jridgewell%2fgen-mapping set size:undefined disposed:false
1009 http fetch GET 200 https://registry.npmjs.org/lightningcss-linux-x64-gnu 244ms (cache miss)
1010 silly packumentCache full:https://registry.npmjs.org/lightningcss-linux-x64-gnu set size:undefined disposed:false
1011 http fetch GET 200 https://registry.npmjs.org/@jridgewell%2ftrace-mapping 250ms (cache miss)
1012 silly packumentCache full:https://registry.npmjs.org/@jridgewell%2ftrace-mapping set size:undefined disposed:false
1013 http fetch GET 200 https://registry.npmjs.org/graceful-fs 268ms (cache miss)
1014 silly packumentCache full:https://registry.npmjs.org/graceful-fs set size:undefined disposed:false
1015 http fetch GET 200 https://registry.npmjs.org/lightningcss-linux-arm-gnueabihf 145ms (cache miss)
1016 silly packumentCache full:https://registry.npmjs.org/lightningcss-linux-arm-gnueabihf set size:undefined disposed:false
1017 http fetch GET 200 https://registry.npmjs.org/@jridgewell%2fsourcemap-codec 153ms (cache miss)
1018 silly packumentCache full:https://registry.npmjs.org/@jridgewell%2fsourcemap-codec set size:undefined disposed:false
1019 silly placeDep ROOT @jridgewell/gen-mapping@0.3.13 OK for: @jridgewell/remapping@2.3.5 want: ^0.3.5
1020 silly placeDep ROOT @jridgewell/trace-mapping@0.3.31 OK for: @jridgewell/remapping@2.3.5 want: ^0.3.24
1021 silly fetch manifest @jridgewell/sourcemap-codec@^1.5.0
1022 silly packumentCache full:https://registry.npmjs.org/@jridgewell%2fsourcemap-codec cache-miss
1023 silly fetch manifest @jridgewell/resolve-uri@^3.1.0
1024 silly packumentCache full:https://registry.npmjs.org/@jridgewell%2fresolve-uri cache-miss
1025 silly fetch manifest @jridgewell/sourcemap-codec@^1.4.14
1026 silly packumentCache full:https://registry.npmjs.org/@jridgewell%2fsourcemap-codec cache-miss
1027 http cache https://registry.npmjs.org/@jridgewell%2fsourcemap-codec 32ms (cache hit)
1028 silly packumentCache full:https://registry.npmjs.org/@jridgewell%2fsourcemap-codec set size:51856 disposed:false
1029 http cache https://registry.npmjs.org/@jridgewell%2fsourcemap-codec 34ms (cache hit)
1030 silly packumentCache full:https://registry.npmjs.org/@jridgewell%2fsourcemap-codec set size:51856 disposed:false
1031 silly packumentCache full:https://registry.npmjs.org/@jridgewell%2fsourcemap-codec dispose
1032 http fetch GET 200 https://registry.npmjs.org/@jridgewell%2fresolve-uri 167ms (cache miss)
1033 silly packumentCache full:https://registry.npmjs.org/@jridgewell%2fresolve-uri set size:undefined disposed:false
1034 silly placeDep ROOT @jridgewell/sourcemap-codec@1.5.5 OK for: @jridgewell/gen-mapping@0.3.13 want: ^1.5.0
1035 silly placeDep ROOT @jridgewell/resolve-uri@3.1.2 OK for: @jridgewell/trace-mapping@0.3.31 want: ^3.1.0
1036 silly placeDep ROOT @tailwindcss/oxide-android-arm64@4.3.3 OK for: @tailwindcss/oxide@4.3.3 want: 4.3.3
1037 silly placeDep ROOT @tailwindcss/oxide-darwin-arm64@4.3.3 OK for: @tailwindcss/oxide@4.3.3 want: 4.3.3
1038 silly placeDep ROOT @tailwindcss/oxide-darwin-x64@4.3.3 OK for: @tailwindcss/oxide@4.3.3 want: 4.3.3
1039 silly placeDep ROOT @tailwindcss/oxide-freebsd-x64@4.3.3 OK for: @tailwindcss/oxide@4.3.3 want: 4.3.3
1040 silly placeDep ROOT @tailwindcss/oxide-linux-arm-gnueabihf@4.3.3 OK for: @tailwindcss/oxide@4.3.3 want: 4.3.3
1041 silly placeDep ROOT @tailwindcss/oxide-linux-arm64-gnu@4.3.3 OK for: @tailwindcss/oxide@4.3.3 want: 4.3.3
1042 silly placeDep ROOT @tailwindcss/oxide-linux-arm64-musl@4.3.3 OK for: @tailwindcss/oxide@4.3.3 want: 4.3.3
1043 silly placeDep ROOT @tailwindcss/oxide-linux-x64-gnu@4.3.3 OK for: @tailwindcss/oxide@4.3.3 want: 4.3.3
1044 silly placeDep ROOT @tailwindcss/oxide-linux-x64-musl@4.3.3 OK for: @tailwindcss/oxide@4.3.3 want: 4.3.3
1045 silly placeDep ROOT @tailwindcss/oxide-wasm32-wasi@4.3.3 OK for: @tailwindcss/oxide@4.3.3 want: 4.3.3
1046 silly placeDep ROOT @tailwindcss/oxide-win32-arm64-msvc@4.3.3 OK for: @tailwindcss/oxide@4.3.3 want: 4.3.3
1047 silly placeDep ROOT @tailwindcss/oxide-win32-x64-msvc@4.3.3 OK for: @tailwindcss/oxide@4.3.3 want: 4.3.3
1048 silly placeDep ROOT postcss-selector-parser@6.0.10 OK for: @tailwindcss/typography@0.5.20 want: 6.0.10
1049 silly fetch manifest cssesc@^3.0.0
1050 silly packumentCache full:https://registry.npmjs.org/cssesc cache-miss
1051 silly fetch manifest util-deprecate@^1.0.2
1052 silly packumentCache full:https://registry.npmjs.org/util-deprecate cache-miss
1053 http fetch GET 200 https://registry.npmjs.org/util-deprecate 135ms (cache miss)
1054 silly packumentCache full:https://registry.npmjs.org/util-deprecate set size:undefined disposed:false
1055 http fetch GET 200 https://registry.npmjs.org/cssesc 155ms (cache miss)
1056 silly packumentCache full:https://registry.npmjs.org/cssesc set size:undefined disposed:false
1057 silly placeDep ROOT undici-types@6.21.0 OK for: @types/node@20.19.43 want: ~6.21.0
1058 silly placeDep ROOT csstype@3.2.3 OK for: @types/react@19.2.18 want: ^3.2.2
1059 silly placeDep ROOT tslib@2.8.1 OK for: aria-hidden@1.2.6 want: ^2.0.0
1060 silly placeDep ROOT @babel/types@7.29.8 OK for: babel-plugin-react-compiler@1.0.0 want: ^7.26.0
1061 silly fetch manifest @babel/helper-string-parser@^7.29.7
1062 silly packumentCache full:https://registry.npmjs.org/@babel%2fhelper-string-parser cache-miss
1063 silly fetch manifest @babel/helper-validator-identifier@^7.29.7
1064 silly packumentCache full:https://registry.npmjs.org/@babel%2fhelper-validator-identifier cache-miss
1065 http fetch GET 200 https://registry.npmjs.org/@babel%2fhelper-validator-identifier 149ms (cache miss)
1066 silly packumentCache full:https://registry.npmjs.org/@babel%2fhelper-validator-identifier set size:undefined disposed:false
1067 http fetch GET 200 https://registry.npmjs.org/@babel%2fhelper-string-parser 153ms (cache miss)
1068 silly packumentCache full:https://registry.npmjs.org/@babel%2fhelper-string-parser set size:undefined disposed:false
1069 silly placeDep ROOT @babel/helper-string-parser@7.29.7 OK for: @babel/types@7.29.8 want: ^7.29.7
1070 silly placeDep ROOT @babel/helper-validator-identifier@7.29.7 OK for: @babel/types@7.29.8 want: ^7.29.7
1071 silly placeDep ROOT graceful-fs@4.2.11 OK for: enhanced-resolve@5.24.5 want: ^4.2.4
1072 silly placeDep ROOT tapable@2.3.3 OK for: enhanced-resolve@5.24.5 want: ^2.3.3
1073 silly fetch manifest eslint@^6.0.0 || ^7.0.0 || >=8.0.0
1074 silly packumentCache full:https://registry.npmjs.org/eslint cache-miss
1075 http cache https://registry.npmjs.org/eslint 19ms (cache hit)
1076 silly packumentCache full:https://registry.npmjs.org/eslint set size:2048190 disposed:false
1077 silly placeDep ROOT @eslint-community/eslint-utils@4.10.1 OK for: eslint@9.39.5 want: ^4.8.0
1078 silly placeDep ROOT @eslint-community/regexpp@4.12.2 OK for: eslint@9.39.5 want: ^4.12.1
1079 silly placeDep ROOT @eslint/config-array@0.21.2 OK for: eslint@9.39.5 want: ^0.21.2
1080 silly placeDep ROOT @eslint/config-helpers@0.4.2 OK for: eslint@9.39.5 want: ^0.4.2
1081 silly placeDep ROOT @eslint/core@0.17.0 OK for: eslint@9.39.5 want: ^0.17.0
1082 silly placeDep ROOT @eslint/eslintrc@3.3.6 OK for: eslint@9.39.5 want: ^3.3.6
1083 silly placeDep ROOT @eslint/js@9.39.5 OK for: eslint@9.39.5 want: 9.39.5
1084 silly placeDep ROOT @eslint/plugin-kit@0.4.1 OK for: eslint@9.39.5 want: ^0.4.1
1085 silly placeDep ROOT @humanfs/node@0.16.8 OK for: eslint@9.39.5 want: ^0.16.6
1086 silly placeDep ROOT @humanwhocodes/module-importer@1.0.1 OK for: eslint@9.39.5 want: ^1.0.1
1087 silly placeDep ROOT @humanwhocodes/retry@0.4.3 OK for: eslint@9.39.5 want: ^0.4.2
1088 silly placeDep ROOT @types/estree@1.0.9 OK for: eslint@9.39.5 want: ^1.0.6
1089 silly placeDep ROOT ajv@6.15.0 OK for: eslint@9.39.5 want: ^6.14.0
1090 silly placeDep ROOT chalk@4.1.2 OK for: eslint@9.39.5 want: ^4.0.0
1091 silly placeDep ROOT cross-spawn@7.0.6 OK for: eslint@9.39.5 want: ^7.0.6
1092 silly placeDep ROOT debug@4.4.3 OK for: eslint@9.39.5 want: ^4.3.2
1093 silly placeDep ROOT escape-string-regexp@4.0.0 OK for: eslint@9.39.5 want: ^4.0.0
1094 silly placeDep ROOT eslint-scope@8.4.0 OK for: eslint@9.39.5 want: ^8.4.0
1095 silly placeDep ROOT eslint-visitor-keys@4.2.1 OK for: eslint@9.39.5 want: ^4.2.1
1096 silly placeDep ROOT espree@10.4.0 OK for: eslint@9.39.5 want: ^10.4.0
1097 silly placeDep ROOT esquery@1.7.0 OK for: eslint@9.39.5 want: ^1.5.0
1098 silly placeDep ROOT esutils@2.0.3 OK for: eslint@9.39.5 want: ^2.0.2
1099 silly placeDep ROOT fast-deep-equal@3.1.3 OK for: eslint@9.39.5 want: ^3.1.3
1100 silly placeDep ROOT file-entry-cache@8.0.0 OK for: eslint@9.39.5 want: ^8.0.0
1101 silly placeDep ROOT find-up@5.0.0 OK for: eslint@9.39.5 want: ^5.0.0
1102 silly placeDep ROOT glob-parent@6.0.2 OK for: eslint@9.39.5 want: ^6.0.2
1103 silly placeDep ROOT ignore@5.3.2 OK for: eslint@9.39.5 want: ^5.2.0
1104 silly placeDep ROOT imurmurhash@0.1.4 OK for: eslint@9.39.5 want: ^0.1.4
1105 silly placeDep ROOT is-glob@4.0.3 OK for: eslint@9.39.5 want: ^4.0.0
1106 silly placeDep ROOT json-stable-stringify-without-jsonify@1.0.1 OK for: eslint@9.39.5 want: ^1.0.1
1107 silly placeDep ROOT lodash.merge@4.6.2 OK for: eslint@9.39.5 want: ^4.6.2
1108 silly placeDep ROOT minimatch@3.1.5 OK for: eslint@9.39.5 want: ^3.1.5
1109 silly placeDep ROOT natural-compare@1.4.0 OK for: eslint@9.39.5 want: ^1.4.0
1110 silly placeDep ROOT optionator@0.9.4 OK for: eslint@9.39.5 want: ^0.9.3
1111 silly fetch manifest eslint-visitor-keys@^3.4.3
1112 silly packumentCache full:https://registry.npmjs.org/eslint-visitor-keys cache-miss
1113 silly fetch manifest debug@^4.3.1
1114 silly packumentCache full:https://registry.npmjs.org/debug cache-miss
1115 silly fetch manifest @eslint/object-schema@^2.1.7
1116 silly packumentCache full:https://registry.npmjs.org/@eslint%2fobject-schema cache-miss
1117 silly fetch manifest @types/json-schema@^7.0.15
1118 silly packumentCache full:https://registry.npmjs.org/@types%2fjson-schema cache-miss
1119 silly fetch manifest espree@^10.0.1
1120 silly packumentCache full:https://registry.npmjs.org/espree cache-miss
1121 silly fetch manifest globals@^14.0.0
1122 silly packumentCache full:https://registry.npmjs.org/globals cache-miss
1123 silly fetch manifest import-fresh@^3.2.1
1124 silly packumentCache full:https://registry.npmjs.org/import-fresh cache-miss
1125 silly fetch manifest js-yaml@^4.3.0
1126 silly packumentCache full:https://registry.npmjs.org/js-yaml cache-miss
1127 silly fetch manifest strip-json-comments@^3.1.1
1128 silly packumentCache full:https://registry.npmjs.org/strip-json-comments cache-miss
1129 silly fetch manifest levn@^0.4.1
1130 silly packumentCache full:https://registry.npmjs.org/levn cache-miss
1131 silly fetch manifest @humanwhocodes/retry@^0.4.0
1132 silly packumentCache full:https://registry.npmjs.org/@humanwhocodes%2fretry cache-miss
1133 silly fetch manifest @humanfs/core@^0.19.2
1134 silly packumentCache full:https://registry.npmjs.org/@humanfs%2fcore cache-miss
1135 silly fetch manifest @humanfs/types@^0.15.0
1136 silly packumentCache full:https://registry.npmjs.org/@humanfs%2ftypes cache-miss
1137 silly fetch manifest uri-js@^4.2.2
1138 silly packumentCache full:https://registry.npmjs.org/uri-js cache-miss
1139 silly fetch manifest fast-deep-equal@^3.1.1
1140 silly packumentCache full:https://registry.npmjs.org/fast-deep-equal cache-miss
1141 http cache https://registry.npmjs.org/@humanwhocodes%2fretry 37ms (cache hit)
1142 silly packumentCache full:https://registry.npmjs.org/@humanwhocodes%2fretry set size:42348 disposed:false
1143 silly fetch manifest json-schema-traverse@^0.4.1
1144 silly packumentCache full:https://registry.npmjs.org/json-schema-traverse cache-miss
1145 http cache https://registry.npmjs.org/debug 44ms (cache hit)
1146 silly packumentCache full:https://registry.npmjs.org/debug set size:195840 disposed:false
1147 silly fetch manifest fast-json-stable-stringify@^2.0.0
1148 silly packumentCache full:https://registry.npmjs.org/fast-json-stable-stringify cache-miss
1149 http cache https://registry.npmjs.org/eslint-visitor-keys 55ms (cache hit)
1150 silly packumentCache full:https://registry.npmjs.org/eslint-visitor-keys set size:69949 disposed:false
1151 silly fetch manifest ansi-styles@^4.1.0
1152 silly packumentCache full:https://registry.npmjs.org/ansi-styles cache-miss
1153 http cache https://registry.npmjs.org/fast-deep-equal 52ms (cache hit)
1154 silly packumentCache full:https://registry.npmjs.org/fast-deep-equal set size:48634 disposed:false
1155 silly fetch manifest supports-color@^7.1.0
1156 silly packumentCache full:https://registry.npmjs.org/supports-color cache-miss
1157 http cache https://registry.npmjs.org/globals 59ms (cache hit)
1158 silly packumentCache full:https://registry.npmjs.org/globals set size:335107 disposed:false
1159 silly fetch manifest which@^2.0.1
1160 silly packumentCache full:https://registry.npmjs.org/which cache-miss
1161 http cache https://registry.npmjs.org/espree 69ms (cache hit)
1162 silly packumentCache full:https://registry.npmjs.org/espree set size:326080 disposed:false
1163 silly fetch manifest path-key@^3.1.0
1164 silly packumentCache full:https://registry.npmjs.org/path-key cache-miss
1165 http fetch GET 200 https://registry.npmjs.org/import-fresh 152ms (cache miss)
1166 silly packumentCache full:https://registry.npmjs.org/import-fresh set size:undefined disposed:false
1167 silly fetch manifest shebang-command@^2.0.0
1168 silly packumentCache full:https://registry.npmjs.org/shebang-command cache-miss
1169 http fetch GET 200 https://registry.npmjs.org/strip-json-comments 155ms (cache miss)
1170 silly packumentCache full:https://registry.npmjs.org/strip-json-comments set size:undefined disposed:false
1171 silly fetch manifest ms@^2.1.3
1172 silly packumentCache full:https://registry.npmjs.org/ms cache-miss
1173 http fetch GET 200 https://registry.npmjs.org/uri-js 156ms (cache miss)
1174 silly packumentCache full:https://registry.npmjs.org/uri-js set size:undefined disposed:false
1175 silly fetch manifest esrecurse@^4.3.0
1176 silly packumentCache full:https://registry.npmjs.org/esrecurse cache-miss
1177 http fetch GET 200 https://registry.npmjs.org/@types%2fjson-schema 162ms (cache miss)
1178 silly packumentCache full:https://registry.npmjs.org/@types%2fjson-schema set size:undefined disposed:false
1179 silly fetch manifest estraverse@^5.2.0
1180 silly packumentCache full:https://registry.npmjs.org/estraverse cache-miss
1181 http fetch GET 200 https://registry.npmjs.org/levn 196ms (cache miss)
1182 silly packumentCache full:https://registry.npmjs.org/levn set size:undefined disposed:false
1183 silly fetch manifest acorn@^8.15.0
1184 silly packumentCache full:https://registry.npmjs.org/acorn cache-miss
1185 http fetch GET 200 https://registry.npmjs.org/@eslint%2fobject-schema 218ms (cache miss)
1186 silly packumentCache full:https://registry.npmjs.org/@eslint%2fobject-schema set size:undefined disposed:false
1187 silly fetch manifest acorn-jsx@^5.3.2
1188 silly packumentCache full:https://registry.npmjs.org/acorn-jsx cache-miss
1189 http fetch GET 200 https://registry.npmjs.org/js-yaml 220ms (cache miss)
1190 silly packumentCache full:https://registry.npmjs.org/js-yaml set size:undefined disposed:false
1191 silly fetch manifest estraverse@^5.1.0
1192 silly packumentCache full:https://registry.npmjs.org/estraverse cache-miss
1193 http fetch GET 200 https://registry.npmjs.org/fast-json-stable-stringify 186ms (cache miss)
1194 silly packumentCache full:https://registry.npmjs.org/fast-json-stable-stringify set size:undefined disposed:false
1195 silly fetch manifest flat-cache@^4.0.0
1196 silly packumentCache full:https://registry.npmjs.org/flat-cache cache-miss
1197 http fetch GET 200 https://registry.npmjs.org/json-schema-traverse 196ms (cache miss)
1198 silly packumentCache full:https://registry.npmjs.org/json-schema-traverse set size:undefined disposed:false
1199 silly fetch manifest locate-path@^6.0.0
1200 silly packumentCache full:https://registry.npmjs.org/locate-path cache-miss
1201 http fetch GET 200 https://registry.npmjs.org/@humanfs%2ftypes 241ms (cache miss)
1202 silly packumentCache full:https://registry.npmjs.org/@humanfs%2ftypes set size:undefined disposed:false
1203 silly fetch manifest path-exists@^4.0.0
1204 silly packumentCache full:https://registry.npmjs.org/path-exists cache-miss
1205 http fetch GET 200 https://registry.npmjs.org/path-key 182ms (cache miss)
1206 silly packumentCache full:https://registry.npmjs.org/path-key set size:undefined disposed:false
1207 silly fetch manifest is-glob@^4.0.3
1208 silly packumentCache full:https://registry.npmjs.org/is-glob cache-miss
1209 http fetch GET 200 https://registry.npmjs.org/@humanfs%2fcore 254ms (cache miss)
1210 silly packumentCache full:https://registry.npmjs.org/@humanfs%2fcore set size:undefined disposed:false
1211 silly fetch manifest is-extglob@^2.1.1
1212 silly packumentCache full:https://registry.npmjs.org/is-extglob cache-miss
1213 http fetch GET 200 https://registry.npmjs.org/which 196ms (cache miss)
1214 silly packumentCache full:https://registry.npmjs.org/which set size:undefined disposed:false
1215 silly fetch manifest brace-expansion@^1.1.7
1216 silly packumentCache full:https://registry.npmjs.org/brace-expansion cache-miss
1217 http fetch GET 200 https://registry.npmjs.org/ansi-styles 214ms (cache miss)
1218 silly packumentCache full:https://registry.npmjs.org/ansi-styles set size:undefined disposed:false
1219 silly fetch manifest prelude-ls@^1.2.1
1220 silly packumentCache full:https://registry.npmjs.org/prelude-ls cache-miss
1221 http fetch GET 200 https://registry.npmjs.org/supports-color 215ms (cache miss)
1222 silly packumentCache full:https://registry.npmjs.org/supports-color set size:undefined disposed:false
1223 silly fetch manifest deep-is@^0.1.3
1224 silly packumentCache full:https://registry.npmjs.org/deep-is cache-miss
1225 http cache https://registry.npmjs.org/is-glob 53ms (cache hit)
1226 silly packumentCache full:https://registry.npmjs.org/is-glob set size:40530 disposed:false
1227 silly fetch manifest word-wrap@^1.2.5
1228 silly packumentCache full:https://registry.npmjs.org/word-wrap cache-miss
1229 http fetch GET 200 https://registry.npmjs.org/shebang-command 162ms (cache miss)
1230 silly packumentCache full:https://registry.npmjs.org/shebang-command set size:undefined disposed:false
1231 silly fetch manifest type-check@^0.4.0
1232 silly packumentCache full:https://registry.npmjs.org/type-check cache-miss
1233 http fetch GET 200 https://registry.npmjs.org/esrecurse 158ms (cache miss)
1234 silly packumentCache full:https://registry.npmjs.org/esrecurse set size:undefined disposed:false
1235 silly fetch manifest fast-levenshtein@^2.0.6
1236 silly packumentCache full:https://registry.npmjs.org/fast-levenshtein cache-miss
1237 http fetch GET 200 https://registry.npmjs.org/ms 165ms (cache miss)
1238 silly packumentCache full:https://registry.npmjs.org/ms set size:undefined disposed:false
1239 http fetch GET 200 https://registry.npmjs.org/estraverse 165ms (cache miss)
1240 silly packumentCache full:https://registry.npmjs.org/estraverse set size:undefined disposed:false
1241 http fetch GET 200 https://registry.npmjs.org/locate-path 132ms (cache miss)
1242 silly packumentCache full:https://registry.npmjs.org/locate-path set size:undefined disposed:false
1243 http fetch GET 200 https://registry.npmjs.org/acorn 178ms (cache miss)
1244 silly packumentCache full:https://registry.npmjs.org/acorn set size:undefined disposed:false
1245 http fetch GET 200 https://registry.npmjs.org/estraverse 157ms (cache miss)
1246 silly packumentCache full:https://registry.npmjs.org/estraverse set size:undefined disposed:false
1247 http fetch GET 200 https://registry.npmjs.org/acorn-jsx 167ms (cache miss)
1248 silly packumentCache full:https://registry.npmjs.org/acorn-jsx set size:undefined disposed:false
1249 http fetch GET 200 https://registry.npmjs.org/flat-cache 192ms (cache miss)
1250 silly packumentCache full:https://registry.npmjs.org/flat-cache set size:undefined disposed:false
1251 http fetch GET 200 https://registry.npmjs.org/path-exists 193ms (cache miss)
1252 silly packumentCache full:https://registry.npmjs.org/path-exists set size:undefined disposed:false
1253 http fetch GET 200 https://registry.npmjs.org/prelude-ls 173ms (cache miss)
1254 silly packumentCache full:https://registry.npmjs.org/prelude-ls set size:undefined disposed:false
1255 http fetch GET 200 https://registry.npmjs.org/brace-expansion 185ms (cache miss)
1256 silly packumentCache full:https://registry.npmjs.org/brace-expansion set size:undefined disposed:false
1257 http fetch GET 200 https://registry.npmjs.org/deep-is 176ms (cache miss)
1258 silly packumentCache full:https://registry.npmjs.org/deep-is set size:undefined disposed:false
1259 http fetch GET 200 https://registry.npmjs.org/is-extglob 194ms (cache miss)
1260 silly packumentCache full:https://registry.npmjs.org/is-extglob set size:undefined disposed:false
1261 http fetch GET 200 https://registry.npmjs.org/type-check 160ms (cache miss)
1262 silly packumentCache full:https://registry.npmjs.org/type-check set size:undefined disposed:false
1263 http fetch GET 200 https://registry.npmjs.org/fast-levenshtein 160ms (cache miss)
1264 silly packumentCache full:https://registry.npmjs.org/fast-levenshtein set size:undefined disposed:false
1265 http fetch GET 200 https://registry.npmjs.org/word-wrap 171ms (cache miss)
1266 silly packumentCache full:https://registry.npmjs.org/word-wrap set size:undefined disposed:false
1267 silly placeDep node_modules/@eslint-community/eslint-utils eslint-visitor-keys@3.4.3 OK for: @eslint-community/eslint-utils@4.10.1 want: ^3.4.3
1268 silly placeDep ROOT @eslint/object-schema@2.1.7 OK for: @eslint/config-array@0.21.2 want: ^2.1.7
1269 silly placeDep ROOT @types/json-schema@7.0.15 OK for: @eslint/core@0.17.0 want: ^7.0.15
1270 silly placeDep ROOT globals@14.0.0 OK for: @eslint/eslintrc@3.3.6 want: ^14.0.0
1271 silly placeDep ROOT import-fresh@3.3.1 OK for: @eslint/eslintrc@3.3.6 want: ^3.2.1
1272 silly placeDep ROOT js-yaml@4.3.1 OK for: @eslint/eslintrc@3.3.6 want: ^4.3.0
1273 silly placeDep ROOT strip-json-comments@3.1.1 OK for: @eslint/eslintrc@3.3.6 want: ^3.1.1
1274 silly fetch manifest resolve-from@^4.0.0
1275 silly packumentCache full:https://registry.npmjs.org/resolve-from cache-miss
1276 silly fetch manifest parent-module@^1.0.0
1277 silly packumentCache full:https://registry.npmjs.org/parent-module cache-miss
1278 silly fetch manifest argparse@^2.0.1
1279 silly packumentCache full:https://registry.npmjs.org/argparse cache-miss
1280 http fetch GET 200 https://registry.npmjs.org/resolve-from 121ms (cache miss)
1281 silly packumentCache full:https://registry.npmjs.org/resolve-from set size:undefined disposed:false
1282 http fetch GET 200 https://registry.npmjs.org/argparse 140ms (cache miss)
1283 silly packumentCache full:https://registry.npmjs.org/argparse set size:undefined disposed:false
1284 http fetch GET 200 https://registry.npmjs.org/parent-module 142ms (cache miss)
1285 silly packumentCache full:https://registry.npmjs.org/parent-module set size:undefined disposed:false
1286 silly placeDep ROOT levn@0.4.1 OK for: @eslint/plugin-kit@0.4.1 want: ^0.4.1
1287 silly fetch manifest type-check@~0.4.0
1288 silly packumentCache full:https://registry.npmjs.org/type-check cache-miss
1289 http cache https://registry.npmjs.org/type-check 13ms (cache hit)
1290 silly packumentCache full:https://registry.npmjs.org/type-check set size:21221 disposed:false
1291 silly placeDep ROOT @humanfs/core@0.19.2 OK for: @humanfs/node@0.16.8 want: ^0.19.2
1292 silly placeDep ROOT @humanfs/types@0.15.0 OK for: @humanfs/node@0.16.8 want: ^0.15.0
1293 silly placeDep ROOT fast-json-stable-stringify@2.1.0 OK for: ajv@6.15.0 want: ^2.0.0
1294 silly placeDep ROOT json-schema-traverse@0.4.1 OK for: ajv@6.15.0 want: ^0.4.1
1295 silly placeDep ROOT uri-js@4.4.1 OK for: ajv@6.15.0 want: ^4.2.2
1296 silly fetch manifest punycode@^2.1.0
1297 silly packumentCache full:https://registry.npmjs.org/punycode cache-miss
1298 http fetch GET 200 https://registry.npmjs.org/punycode 128ms (cache miss)
1299 silly packumentCache full:https://registry.npmjs.org/punycode set size:undefined disposed:false
1300 silly placeDep ROOT ansi-styles@4.3.0 OK for: chalk@4.1.2 want: ^4.1.0
1301 silly placeDep ROOT supports-color@7.2.0 OK for: chalk@4.1.2 want: ^7.1.0
1302 silly fetch manifest color-convert@^2.0.1
1303 silly packumentCache full:https://registry.npmjs.org/color-convert cache-miss
1304 silly fetch manifest has-flag@^4.0.0
1305 silly packumentCache full:https://registry.npmjs.org/has-flag cache-miss
1306 http fetch GET 200 https://registry.npmjs.org/has-flag 127ms (cache miss)
1307 silly packumentCache full:https://registry.npmjs.org/has-flag set size:undefined disposed:false
1308 http fetch GET 200 https://registry.npmjs.org/color-convert 128ms (cache miss)
1309 silly packumentCache full:https://registry.npmjs.org/color-convert set size:undefined disposed:false
1310 silly placeDep ROOT color-convert@2.0.1 OK for: ansi-styles@4.3.0 want: ^2.0.1
1311 silly fetch manifest color-name@~1.1.4
1312 silly packumentCache full:https://registry.npmjs.org/color-name cache-miss
1313 http fetch GET 200 https://registry.npmjs.org/color-name 136ms (cache miss)
1314 silly packumentCache full:https://registry.npmjs.org/color-name set size:undefined disposed:false
1315 silly placeDep ROOT color-name@1.1.4 OK for: color-convert@2.0.1 want: ~1.1.4
1316 silly placeDep ROOT path-key@3.1.1 OK for: cross-spawn@7.0.6 want: ^3.1.0
1317 silly placeDep ROOT shebang-command@2.0.0 OK for: cross-spawn@7.0.6 want: ^2.0.0
1318 silly placeDep ROOT which@2.0.2 OK for: cross-spawn@7.0.6 want: ^2.0.1
1319 silly fetch manifest shebang-regex@^3.0.0
1320 silly packumentCache full:https://registry.npmjs.org/shebang-regex cache-miss
1321 silly fetch manifest isexe@^2.0.0
1322 silly packumentCache full:https://registry.npmjs.org/isexe cache-miss
1323 http fetch GET 200 https://registry.npmjs.org/shebang-regex 130ms (cache miss)
1324 silly packumentCache full:https://registry.npmjs.org/shebang-regex set size:undefined disposed:false
1325 http fetch GET 200 https://registry.npmjs.org/isexe 134ms (cache miss)
1326 silly packumentCache full:https://registry.npmjs.org/isexe set size:undefined disposed:false
1327 silly placeDep ROOT ms@2.1.3 OK for: debug@4.4.3 want: ^2.1.3
1328 silly fetch manifest eslint@>=9.0.0
1329 silly packumentCache full:https://registry.npmjs.org/eslint cache-miss
1330 http cache https://registry.npmjs.org/eslint 20ms (cache hit)
1331 silly packumentCache full:https://registry.npmjs.org/eslint set size:2048190 disposed:false
1332 silly fetch manifest typescript@>=3.3.1
1333 silly packumentCache full:https://registry.npmjs.org/typescript cache-miss
1334 http cache https://registry.npmjs.org/typescript 42ms (cache hit)
1335 silly packumentCache full:https://registry.npmjs.org/typescript set size:15547442 disposed:false
1336 silly fetch manifest typescript@>=4.8.4 <6.1.0
1337 silly packumentCache full:https://registry.npmjs.org/typescript cache-miss
1338 http cache https://registry.npmjs.org/typescript 38ms (cache hit)
1339 silly packumentCache full:https://registry.npmjs.org/typescript set size:15547442 disposed:false
1340 silly fetch manifest eslint@^3 || ^4 || ^5 || ^6 || ^7 || ^8 || ^9.7
1341 silly packumentCache full:https://registry.npmjs.org/eslint cache-miss
1342 http cache https://registry.npmjs.org/eslint 19ms (cache hit)
1343 silly packumentCache full:https://registry.npmjs.org/eslint set size:2048190 disposed:false
1344 silly fetch manifest eslint@^2 || ^3 || ^4 || ^5 || ^6 || ^7.2.0 || ^8 || ^9
1345 silly packumentCache full:https://registry.npmjs.org/eslint cache-miss
1346 http cache https://registry.npmjs.org/eslint 20ms (cache hit)
1347 silly packumentCache full:https://registry.npmjs.org/eslint set size:2048190 disposed:false
1348 silly fetch manifest eslint@^3 || ^4 || ^5 || ^6 || ^7 || ^8 || ^9
1349 silly packumentCache full:https://registry.npmjs.org/eslint cache-miss
1350 http cache https://registry.npmjs.org/eslint 19ms (cache hit)
1351 silly packumentCache full:https://registry.npmjs.org/eslint set size:2048190 disposed:false
1352 silly fetch manifest eslint-plugin-import-x@*
1353 silly packumentCache full:https://registry.npmjs.org/eslint-plugin-import-x cache-miss
1354 http fetch GET 200 https://registry.npmjs.org/eslint-plugin-import-x 166ms (cache miss)
1355 silly packumentCache full:https://registry.npmjs.org/eslint-plugin-import-x set size:undefined disposed:false
1356 silly fetch manifest @typescript-eslint/utils@^8.56.0
1357 silly packumentCache full:https://registry.npmjs.org/@typescript-eslint%2futils cache-miss
1358 http fetch GET 200 https://registry.npmjs.org/@typescript-eslint%2futils 487ms (cache miss)
1359 silly packumentCache full:https://registry.npmjs.org/@typescript-eslint%2futils set size:undefined disposed:false
1360 silly placeDep ROOT @next/eslint-plugin-next@16.0.4 OK for: eslint-config-next@16.0.4 want: 16.0.4
1361 silly placeDep ROOT eslint-import-resolver-node@0.3.10 OK for: eslint-config-next@16.0.4 want: ^0.3.6
1362 silly placeDep ROOT eslint-import-resolver-typescript@3.10.1 OK for: eslint-config-next@16.0.4 want: ^3.5.2
1363 silly placeDep ROOT eslint-plugin-import@2.32.0 OK for: eslint-config-next@16.0.4 want: ^2.32.0
1364 silly placeDep ROOT eslint-plugin-jsx-a11y@6.10.2 OK for: eslint-config-next@16.0.4 want: ^6.10.0
1365 silly placeDep ROOT eslint-plugin-react@7.37.5 OK for: eslint-config-next@16.0.4 want: ^7.37.0
1366 silly placeDep ROOT eslint-plugin-react-hooks@7.1.1 OK for: eslint-config-next@16.0.4 want: ^7.0.0
1367 silly placeDep node_modules/eslint-config-next globals@16.4.0 OK for: eslint-config-next@16.0.4 want: 16.4.0
1368 silly placeDep ROOT typescript-eslint@8.67.0 OK for: eslint-config-next@16.0.4 want: ^8.46.0
1369 silly fetch manifest fast-glob@3.3.1
1370 silly packumentCache full:https://registry.npmjs.org/fast-glob cache-miss
1371 silly fetch manifest debug@^3.2.7
1372 silly packumentCache full:https://registry.npmjs.org/debug cache-hit
1373 silly fetch manifest resolve@^2.0.0-next.6
1374 silly packumentCache full:https://registry.npmjs.org/resolve cache-miss
1375 silly fetch manifest is-core-module@^2.16.1
1376 silly packumentCache full:https://registry.npmjs.org/is-core-module cache-miss
1377 silly fetch manifest tinyglobby@^0.2.13
1378 silly packumentCache full:https://registry.npmjs.org/tinyglobby cache-miss
1379 silly fetch manifest stable-hash@^0.0.5
1380 silly packumentCache full:https://registry.npmjs.org/stable-hash cache-miss
1381 silly fetch manifest get-tsconfig@^4.10.0
1382 silly packumentCache full:https://registry.npmjs.org/get-tsconfig cache-miss
1383 silly fetch manifest is-bun-module@^2.0.0
1384 silly packumentCache full:https://registry.npmjs.org/is-bun-module cache-miss
1385 silly fetch manifest unrs-resolver@^1.6.2
1386 silly packumentCache full:https://registry.npmjs.org/unrs-resolver cache-miss
1387 silly fetch manifest @nolyfill/is-core-module@1.0.39
1388 silly packumentCache full:https://registry.npmjs.org/@nolyfill%2fis-core-module cache-miss
1389 silly fetch manifest @rtsao/scc@^1.1.0
1390 silly packumentCache full:https://registry.npmjs.org/@rtsao%2fscc cache-miss
1391 silly fetch manifest array-includes@^3.1.9
1392 silly packumentCache full:https://registry.npmjs.org/array-includes cache-miss
1393 silly fetch manifest array.prototype.findlastindex@^1.2.6
1394 silly packumentCache full:https://registry.npmjs.org/array.prototype.findlastindex cache-miss
1395 silly fetch manifest array.prototype.flat@^1.3.3
1396 silly packumentCache full:https://registry.npmjs.org/array.prototype.flat cache-miss
1397 silly fetch manifest array.prototype.flatmap@^1.3.3
1398 silly packumentCache full:https://registry.npmjs.org/array.prototype.flatmap cache-miss
1399 silly fetch manifest doctrine@^2.1.0
1400 silly packumentCache full:https://registry.npmjs.org/doctrine cache-miss
1401 http fetch GET 200 https://registry.npmjs.org/is-bun-module 148ms (cache miss)
1402 silly packumentCache full:https://registry.npmjs.org/is-bun-module set size:undefined disposed:false
1403 silly fetch manifest eslint-module-utils@^2.12.1
1404 silly packumentCache full:https://registry.npmjs.org/eslint-module-utils cache-miss
1405 http fetch GET 200 https://registry.npmjs.org/stable-hash 155ms (cache miss)
1406 silly packumentCache full:https://registry.npmjs.org/stable-hash set size:undefined disposed:false
1407 silly fetch manifest hasown@^2.0.2
1408 silly packumentCache full:https://registry.npmjs.org/hasown cache-miss
1409 http fetch GET 200 https://registry.npmjs.org/tinyglobby 162ms (cache miss)
1410 silly packumentCache full:https://registry.npmjs.org/tinyglobby set size:undefined disposed:false
1411 silly fetch manifest is-core-module@^2.16.1
1412 silly packumentCache full:https://registry.npmjs.org/is-core-module cache-miss
1413 http fetch GET 200 https://registry.npmjs.org/is-core-module 186ms (cache miss)
1414 silly packumentCache full:https://registry.npmjs.org/is-core-module set size:undefined disposed:false
1415 silly fetch manifest object.fromentries@^2.0.8
1416 silly packumentCache full:https://registry.npmjs.org/object.fromentries cache-miss
1417 http fetch GET 200 https://registry.npmjs.org/fast-glob 197ms (cache miss)
1418 silly packumentCache full:https://registry.npmjs.org/fast-glob set size:undefined disposed:false
1419 silly fetch manifest object.groupby@^1.0.3
1420 silly packumentCache full:https://registry.npmjs.org/object.groupby cache-miss
1421 http fetch GET 200 https://registry.npmjs.org/@rtsao%2fscc 205ms (cache miss)
1422 silly packumentCache full:https://registry.npmjs.org/@rtsao%2fscc set size:undefined disposed:false
1423 silly fetch manifest object.values@^1.2.1
1424 silly packumentCache full:https://registry.npmjs.org/object.values cache-miss
1425 http fetch GET 200 https://registry.npmjs.org/doctrine 207ms (cache miss)
1426 silly packumentCache full:https://registry.npmjs.org/doctrine set size:undefined disposed:false
1427 silly fetch manifest semver@^6.3.1
1428 silly packumentCache full:https://registry.npmjs.org/semver cache-miss
1429 http fetch GET 200 https://registry.npmjs.org/array-includes 214ms (cache miss)
1430 silly packumentCache full:https://registry.npmjs.org/array-includes set size:undefined disposed:false
1431 silly fetch manifest string.prototype.trimend@^1.0.9
1432 silly packumentCache full:https://registry.npmjs.org/string.prototype.trimend cache-miss
1433 http fetch GET 200 https://registry.npmjs.org/@nolyfill%2fis-core-module 220ms (cache miss)
1434 silly packumentCache full:https://registry.npmjs.org/@nolyfill%2fis-core-module set size:undefined disposed:false
1435 silly fetch manifest tsconfig-paths@^3.15.0
1436 silly packumentCache full:https://registry.npmjs.org/tsconfig-paths cache-miss
1437 http fetch GET 200 https://registry.npmjs.org/array.prototype.flat 221ms (cache miss)
1438 silly packumentCache full:https://registry.npmjs.org/array.prototype.flat set size:undefined disposed:false
1439 silly fetch manifest aria-query@^5.3.2
1440 silly packumentCache full:https://registry.npmjs.org/aria-query cache-miss
1441 http fetch GET 200 https://registry.npmjs.org/array.prototype.findlastindex 226ms (cache miss)
1442 silly packumentCache full:https://registry.npmjs.org/array.prototype.findlastindex set size:undefined disposed:false
1443 silly fetch manifest array-includes@^3.1.8
1444 silly packumentCache full:https://registry.npmjs.org/array-includes cache-miss
1445 http fetch GET 200 https://registry.npmjs.org/get-tsconfig 231ms (cache miss)
1446 silly packumentCache full:https://registry.npmjs.org/get-tsconfig set size:undefined disposed:false
1447 silly fetch manifest array.prototype.flatmap@^1.3.2
1448 silly packumentCache full:https://registry.npmjs.org/array.prototype.flatmap cache-miss
1449 http fetch GET 200 https://registry.npmjs.org/array.prototype.flatmap 232ms (cache miss)
1450 silly packumentCache full:https://registry.npmjs.org/array.prototype.flatmap set size:undefined disposed:false
1451 silly fetch manifest ast-types-flow@^0.0.8
1452 silly packumentCache full:https://registry.npmjs.org/ast-types-flow cache-miss
1453 http fetch GET 200 https://registry.npmjs.org/unrs-resolver 241ms (cache miss)
1454 silly packumentCache full:https://registry.npmjs.org/unrs-resolver set size:undefined disposed:false
1455 silly fetch manifest axe-core@^4.10.0
1456 silly packumentCache full:https://registry.npmjs.org/axe-core cache-miss
1457 http fetch GET 200 https://registry.npmjs.org/resolve 250ms (cache miss)
1458 silly packumentCache full:https://registry.npmjs.org/resolve set size:undefined disposed:false
1459 silly fetch manifest axobject-query@^4.1.0
1460 silly packumentCache full:https://registry.npmjs.org/axobject-query cache-miss
1461 http cache https://registry.npmjs.org/array-includes 31ms (cache hit)
1462 silly packumentCache full:https://registry.npmjs.org/array-includes set size:77143 disposed:false
1463 silly fetch manifest damerau-levenshtein@^1.0.8
1464 silly packumentCache full:https://registry.npmjs.org/damerau-levenshtein cache-miss
1465 http cache https://registry.npmjs.org/array.prototype.flatmap 37ms (cache hit)
1466 silly packumentCache full:https://registry.npmjs.org/array.prototype.flatmap set size:51458 disposed:false
1467 silly fetch manifest emoji-regex@^9.2.2
1468 silly packumentCache full:https://registry.npmjs.org/emoji-regex cache-miss
1469 http fetch GET 200 https://registry.npmjs.org/hasown 132ms (cache miss)
1470 silly packumentCache full:https://registry.npmjs.org/hasown set size:undefined disposed:false
1471 silly fetch manifest jsx-ast-utils@^3.3.5
1472 silly packumentCache full:https://registry.npmjs.org/jsx-ast-utils cache-miss
1473 http fetch GET 200 https://registry.npmjs.org/eslint-module-utils 140ms (cache miss)
1474 silly packumentCache full:https://registry.npmjs.org/eslint-module-utils set size:undefined disposed:false
1475 silly fetch manifest language-tags@^1.0.9
1476 silly packumentCache full:https://registry.npmjs.org/language-tags cache-miss
1477 http fetch GET 200 https://registry.npmjs.org/is-core-module 146ms (cache miss)
1478 silly packumentCache full:https://registry.npmjs.org/is-core-module set size:undefined disposed:false
1479 silly fetch manifest object.fromentries@^2.0.8
1480 silly packumentCache full:https://registry.npmjs.org/object.fromentries cache-miss
1481 http fetch GET 200 https://registry.npmjs.org/object.fromentries 146ms (cache miss)
1482 silly packumentCache full:https://registry.npmjs.org/object.fromentries set size:undefined disposed:false
1483 silly fetch manifest safe-regex-test@^1.0.3
1484 silly packumentCache full:https://registry.npmjs.org/safe-regex-test cache-miss
1485 http fetch GET 200 https://registry.npmjs.org/object.groupby 137ms (cache miss)
1486 silly packumentCache full:https://registry.npmjs.org/object.groupby set size:undefined disposed:false
1487 silly fetch manifest string.prototype.includes@^2.0.1
1488 silly packumentCache full:https://registry.npmjs.org/string.prototype.includes cache-miss
1489 http fetch GET 200 https://registry.npmjs.org/object.values 154ms (cache miss)
1490 silly packumentCache full:https://registry.npmjs.org/object.values set size:undefined disposed:false
1491 silly fetch manifest array.prototype.findlast@^1.2.5
1492 silly packumentCache full:https://registry.npmjs.org/array.prototype.findlast cache-miss
1493 http fetch GET 200 https://registry.npmjs.org/aria-query 146ms (cache miss)
1494 silly packumentCache full:https://registry.npmjs.org/aria-query set size:undefined disposed:false
1495 silly fetch manifest array.prototype.tosorted@^1.1.4
1496 silly packumentCache full:https://registry.npmjs.org/array.prototype.tosorted cache-miss
1497 http fetch GET 200 https://registry.npmjs.org/semver 160ms (cache miss)
1498 silly packumentCache full:https://registry.npmjs.org/semver set size:undefined disposed:false
1499 silly fetch manifest es-iterator-helpers@^1.2.1
1500 silly packumentCache full:https://registry.npmjs.org/es-iterator-helpers cache-miss
1501 http fetch GET 200 https://registry.npmjs.org/string.prototype.trimend 165ms (cache miss)
1502 silly packumentCache full:https://registry.npmjs.org/string.prototype.trimend set size:undefined disposed:false
1503 silly fetch manifest estraverse@^5.3.0
1504 silly packumentCache full:https://registry.npmjs.org/estraverse cache-miss
1505 http fetch GET 200 https://registry.npmjs.org/tsconfig-paths 168ms (cache miss)
1506 silly packumentCache full:https://registry.npmjs.org/tsconfig-paths set size:undefined disposed:false
1507 silly fetch manifest jsx-ast-utils@^2.4.1 || ^3.0.0
1508 silly packumentCache full:https://registry.npmjs.org/jsx-ast-utils cache-miss
1509 http fetch GET 200 https://registry.npmjs.org/ast-types-flow 168ms (cache miss)
1510 silly packumentCache full:https://registry.npmjs.org/ast-types-flow set size:undefined disposed:false
1511 silly fetch manifest object.entries@^1.1.9
1512 silly packumentCache full:https://registry.npmjs.org/object.entries cache-miss
1513 http fetch GET 200 https://registry.npmjs.org/axobject-query 189ms (cache miss)
1514 silly packumentCache full:https://registry.npmjs.org/axobject-query set size:undefined disposed:false
1515 silly fetch manifest prop-types@^15.8.1
1516 silly packumentCache full:https://registry.npmjs.org/prop-types cache-miss
1517 http cache https://registry.npmjs.org/estraverse 65ms (cache hit)
1518 silly packumentCache full:https://registry.npmjs.org/estraverse set size:62412 disposed:false
1519 silly fetch manifest resolve@^2.0.0-next.5
1520 silly packumentCache full:https://registry.npmjs.org/resolve cache-miss
1521 http fetch GET 200 https://registry.npmjs.org/damerau-levenshtein 195ms (cache miss)
1522 silly packumentCache full:https://registry.npmjs.org/damerau-levenshtein set size:undefined disposed:false
1523 silly fetch manifest string.prototype.matchall@^4.0.12
1524 silly packumentCache full:https://registry.npmjs.org/string.prototype.matchall cache-miss
1525 http fetch GET 200 https://registry.npmjs.org/language-tags 170ms (cache miss)
1526 silly packumentCache full:https://registry.npmjs.org/language-tags set size:undefined disposed:false
1527 silly fetch manifest string.prototype.repeat@^1.0.0
1528 silly packumentCache full:https://registry.npmjs.org/string.prototype.repeat cache-miss
1529 http fetch GET 200 https://registry.npmjs.org/object.fromentries 170ms (cache miss)
1530 silly packumentCache full:https://registry.npmjs.org/object.fromentries set size:undefined disposed:false
1531 silly fetch manifest zod@^3.25.0 || ^4.0.0
1532 silly packumentCache full:https://registry.npmjs.org/zod cache-miss
1533 http fetch GET 200 https://registry.npmjs.org/emoji-regex 211ms (cache miss)
1534 silly packumentCache full:https://registry.npmjs.org/emoji-regex set size:undefined disposed:false
1535 silly fetch manifest @babel/core@^7.24.4
1536 silly packumentCache full:https://registry.npmjs.org/@babel%2fcore cache-miss
1537 http fetch GET 200 https://registry.npmjs.org/jsx-ast-utils 214ms (cache miss)
1538 silly packumentCache full:https://registry.npmjs.org/jsx-ast-utils set size:undefined disposed:false
1539 silly fetch manifest @babel/parser@^7.24.4
1540 silly packumentCache full:https://registry.npmjs.org/@babel%2fparser cache-miss
1541 http fetch GET 200 https://registry.npmjs.org/safe-regex-test 176ms (cache miss)
1542 silly packumentCache full:https://registry.npmjs.org/safe-regex-test set size:undefined disposed:false
1543 silly fetch manifest hermes-parser@^0.25.1
1544 silly packumentCache full:https://registry.npmjs.org/hermes-parser cache-miss
1545 http cache https://registry.npmjs.org/resolve 70ms (cache hit)
1546 silly packumentCache full:https://registry.npmjs.org/resolve set size:244568 disposed:false
1547 silly fetch manifest zod-validation-error@^3.5.0 || ^4.0.0
1548 silly packumentCache full:https://registry.npmjs.org/zod-validation-error cache-miss
1549 http fetch GET 200 https://registry.npmjs.org/string.prototype.includes 194ms (cache miss)
1550 silly packumentCache full:https://registry.npmjs.org/string.prototype.includes set size:undefined disposed:false
1551 silly fetch manifest @typescript-eslint/utils@8.67.0
1552 silly packumentCache full:https://registry.npmjs.org/@typescript-eslint%2futils cache-miss
1553 http fetch GET 200 https://registry.npmjs.org/array.prototype.findlast 177ms (cache miss)
1554 silly packumentCache full:https://registry.npmjs.org/array.prototype.findlast set size:undefined disposed:false
1555 silly fetch manifest @typescript-eslint/parser@8.67.0
1556 silly packumentCache full:https://registry.npmjs.org/@typescript-eslint%2fparser cache-miss
1557 http fetch GET 200 https://registry.npmjs.org/array.prototype.tosorted 179ms (cache miss)
1558 silly packumentCache full:https://registry.npmjs.org/array.prototype.tosorted set size:undefined disposed:false
1559 silly fetch manifest @typescript-eslint/eslint-plugin@8.67.0
1560 silly packumentCache full:https://registry.npmjs.org/@typescript-eslint%2feslint-plugin cache-miss
1561 http fetch GET 200 https://registry.npmjs.org/jsx-ast-utils 185ms (cache miss)
1562 silly packumentCache full:https://registry.npmjs.org/jsx-ast-utils set size:undefined disposed:false
1563 silly fetch manifest @typescript-eslint/typescript-estree@8.67.0
1564 silly packumentCache full:https://registry.npmjs.org/@typescript-eslint%2ftypescript-estree cache-miss
1565 http fetch GET 200 https://registry.npmjs.org/object.entries 178ms (cache miss)
1566 silly packumentCache full:https://registry.npmjs.org/object.entries set size:undefined disposed:false
1567 http cache https://registry.npmjs.org/@typescript-eslint%2futils 83ms (cache hit)
1568 silly packumentCache full:https://registry.npmjs.org/@typescript-eslint%2futils set size:10681801 disposed:false
1569 http fetch GET 200 https://registry.npmjs.org/es-iterator-helpers 369ms (cache miss)
1570 silly packumentCache full:https://registry.npmjs.org/es-iterator-helpers set size:undefined disposed:false
1571 http fetch GET 200 https://registry.npmjs.org/prop-types 310ms (cache miss)
1572 silly packumentCache full:https://registry.npmjs.org/prop-types set size:undefined disposed:false
1573 http fetch GET 200 https://registry.npmjs.org/string.prototype.repeat 295ms (cache miss)
1574 silly packumentCache full:https://registry.npmjs.org/string.prototype.repeat set size:undefined disposed:false
1575 http fetch GET 200 https://registry.npmjs.org/string.prototype.matchall 316ms (cache miss)
1576 silly packumentCache full:https://registry.npmjs.org/string.prototype.matchall set size:undefined disposed:false
1577 http fetch GET 200 https://registry.npmjs.org/zod-validation-error 280ms (cache miss)
1578 silly packumentCache full:https://registry.npmjs.org/zod-validation-error set size:undefined disposed:false
1579 http fetch GET 200 https://registry.npmjs.org/hermes-parser 303ms (cache miss)
1580 silly packumentCache full:https://registry.npmjs.org/hermes-parser set size:undefined disposed:false
1581 http fetch GET 200 https://registry.npmjs.org/@babel%2fparser 340ms (cache miss)
1582 silly packumentCache full:https://registry.npmjs.org/@babel%2fparser set size:undefined disposed:false
1583 http fetch GET 200 https://registry.npmjs.org/@babel%2fcore 379ms (cache miss)
1584 silly packumentCache full:https://registry.npmjs.org/@babel%2fcore set size:undefined disposed:false
1585 http fetch GET 200 https://registry.npmjs.org/zod 480ms (cache miss)
1586 silly packumentCache full:https://registry.npmjs.org/zod set size:undefined disposed:false
1587 http fetch GET 200 https://registry.npmjs.org/axe-core 820ms (cache miss)
1588 silly packumentCache full:https://registry.npmjs.org/axe-core set size:undefined disposed:false
1589 http fetch GET 200 https://registry.npmjs.org/@typescript-eslint%2ftypescript-estree 721ms (cache miss)
1590 silly packumentCache full:https://registry.npmjs.org/@typescript-eslint%2ftypescript-estree set size:undefined disposed:false
1591 http fetch GET 200 https://registry.npmjs.org/@typescript-eslint%2feslint-plugin 968ms (cache miss)
1592 silly packumentCache full:https://registry.npmjs.org/@typescript-eslint%2feslint-plugin set size:undefined disposed:false
1593 http fetch GET 200 https://registry.npmjs.org/@typescript-eslint%2fparser 1076ms (cache miss)
1594 silly packumentCache full:https://registry.npmjs.org/@typescript-eslint%2fparser set size:undefined disposed:false
1595 silly placeDep ROOT fast-glob@3.3.1 OK for: @next/eslint-plugin-next@16.0.4 want: 3.3.1
1596 silly fetch manifest merge2@^1.3.0
1597 silly packumentCache full:https://registry.npmjs.org/merge2 cache-miss
1598 silly fetch manifest micromatch@^4.0.4
1599 silly packumentCache full:https://registry.npmjs.org/micromatch cache-miss
1600 silly fetch manifest glob-parent@^5.1.2
1601 silly packumentCache full:https://registry.npmjs.org/glob-parent cache-miss
1602 silly fetch manifest @nodelib/fs.stat@^2.0.2
1603 silly packumentCache full:https://registry.npmjs.org/@nodelib%2ffs.stat cache-miss
1604 silly fetch manifest @nodelib/fs.walk@^1.2.3
1605 silly packumentCache full:https://registry.npmjs.org/@nodelib%2ffs.walk cache-miss
1606 http cache https://registry.npmjs.org/glob-parent 19ms (cache hit)
1607 silly packumentCache full:https://registry.npmjs.org/glob-parent set size:42445 disposed:false
1608 http fetch GET 200 https://registry.npmjs.org/merge2 127ms (cache miss)
1609 silly packumentCache full:https://registry.npmjs.org/merge2 set size:undefined disposed:false
1610 http fetch GET 200 https://registry.npmjs.org/@nodelib%2ffs.stat 136ms (cache miss)
1611 silly packumentCache full:https://registry.npmjs.org/@nodelib%2ffs.stat set size:undefined disposed:false
1612 http fetch GET 200 https://registry.npmjs.org/micromatch 143ms (cache miss)
1613 silly packumentCache full:https://registry.npmjs.org/micromatch set size:undefined disposed:false
1614 http fetch GET 200 https://registry.npmjs.org/@nodelib%2ffs.walk 158ms (cache miss)
1615 silly packumentCache full:https://registry.npmjs.org/@nodelib%2ffs.walk set size:undefined disposed:false
1616 silly placeDep node_modules/eslint-import-resolver-node debug@3.2.7 OK for: eslint-import-resolver-node@0.3.10 want: ^3.2.7
1617 silly placeDep ROOT is-core-module@2.16.2 OK for: eslint-import-resolver-node@0.3.10 want: ^2.16.1
1618 silly placeDep ROOT resolve@2.0.0-next.7 OK for: eslint-import-resolver-node@0.3.10 want: ^2.0.0-next.6
1619 silly fetch manifest hasown@^2.0.3
1620 silly packumentCache full:https://registry.npmjs.org/hasown cache-miss
1621 silly fetch manifest es-errors@^1.3.0
1622 silly packumentCache full:https://registry.npmjs.org/es-errors cache-miss
1623 silly fetch manifest node-exports-info@^1.6.0
1624 silly packumentCache full:https://registry.npmjs.org/node-exports-info cache-miss
1625 silly fetch manifest object-keys@^1.1.1
1626 silly packumentCache full:https://registry.npmjs.org/object-keys cache-miss
1627 silly fetch manifest path-parse@^1.0.7
1628 silly packumentCache full:https://registry.npmjs.org/path-parse cache-miss
1629 silly fetch manifest supports-preserve-symlinks-flag@^1.0.0
1630 silly packumentCache full:https://registry.npmjs.org/supports-preserve-symlinks-flag cache-miss
1631 http cache https://registry.npmjs.org/hasown 20ms (cache hit)
1632 silly packumentCache full:https://registry.npmjs.org/hasown set size:18361 disposed:false
1633 http fetch GET 200 https://registry.npmjs.org/supports-preserve-symlinks-flag 126ms (cache miss)
1634 silly packumentCache full:https://registry.npmjs.org/supports-preserve-symlinks-flag set size:undefined disposed:false
1635 http fetch GET 200 https://registry.npmjs.org/es-errors 134ms (cache miss)
1636 silly packumentCache full:https://registry.npmjs.org/es-errors set size:undefined disposed:false
1637 http fetch GET 200 https://registry.npmjs.org/object-keys 149ms (cache miss)
1638 silly packumentCache full:https://registry.npmjs.org/object-keys set size:undefined disposed:false
1639 http fetch GET 200 https://registry.npmjs.org/path-parse 151ms (cache miss)
1640 silly packumentCache full:https://registry.npmjs.org/path-parse set size:undefined disposed:false
1641 http fetch GET 200 https://registry.npmjs.org/node-exports-info 160ms (cache miss)
1642 silly packumentCache full:https://registry.npmjs.org/node-exports-info set size:undefined disposed:false
1643 silly placeDep ROOT @nolyfill/is-core-module@1.0.39 OK for: eslint-import-resolver-typescript@3.10.1 want: 1.0.39
1644 silly placeDep ROOT get-tsconfig@4.14.2 OK for: eslint-import-resolver-typescript@3.10.1 want: ^4.10.0
1645 silly placeDep ROOT is-bun-module@2.0.0 OK for: eslint-import-resolver-typescript@3.10.1 want: ^2.0.0
1646 silly placeDep ROOT stable-hash@0.0.5 OK for: eslint-import-resolver-typescript@3.10.1 want: ^0.0.5
1647 silly placeDep ROOT tinyglobby@0.2.17 OK for: eslint-import-resolver-typescript@3.10.1 want: ^0.2.13
1648 silly placeDep ROOT unrs-resolver@1.12.2 OK for: eslint-import-resolver-typescript@3.10.1 want: ^1.6.2
1649 silly fetch manifest resolve-pkg-maps@^1.0.0
1650 silly packumentCache full:https://registry.npmjs.org/resolve-pkg-maps cache-miss
1651 silly fetch manifest semver@^7.7.1
1652 silly packumentCache full:https://registry.npmjs.org/semver cache-miss
1653 silly fetch manifest fdir@^6.5.0
1654 silly packumentCache full:https://registry.npmjs.org/fdir cache-miss
1655 silly fetch manifest picomatch@^4.0.4
1656 silly packumentCache full:https://registry.npmjs.org/picomatch cache-miss
1657 silly fetch manifest napi-postinstall@^0.3.4
1658 silly packumentCache full:https://registry.npmjs.org/napi-postinstall cache-miss
1659 silly fetch manifest @unrs/resolver-binding-darwin-arm64@1.12.2
1660 silly packumentCache full:https://registry.npmjs.org/@unrs%2fresolver-binding-darwin-arm64 cache-miss
1661 silly fetch manifest @unrs/resolver-binding-android-arm64@1.12.2
1662 silly packumentCache full:https://registry.npmjs.org/@unrs%2fresolver-binding-android-arm64 cache-miss
1663 silly fetch manifest @unrs/resolver-binding-win32-arm64-msvc@1.12.2
1664 silly packumentCache full:https://registry.npmjs.org/@unrs%2fresolver-binding-win32-arm64-msvc cache-miss
1665 silly fetch manifest @unrs/resolver-binding-linux-arm64-gnu@1.12.2
1666 silly packumentCache full:https://registry.npmjs.org/@unrs%2fresolver-binding-linux-arm64-gnu cache-miss
1667 silly fetch manifest @unrs/resolver-binding-linux-arm64-musl@1.12.2
1668 silly packumentCache full:https://registry.npmjs.org/@unrs%2fresolver-binding-linux-arm64-musl cache-miss
1669 silly fetch manifest @unrs/resolver-binding-openharmony-arm64@1.12.2
1670 silly packumentCache full:https://registry.npmjs.org/@unrs%2fresolver-binding-openharmony-arm64 cache-miss
1671 silly fetch manifest @unrs/resolver-binding-android-arm-eabi@1.12.2
1672 silly packumentCache full:https://registry.npmjs.org/@unrs%2fresolver-binding-android-arm-eabi cache-miss
1673 silly fetch manifest @unrs/resolver-binding-linux-arm-gnueabihf@1.12.2
1674 silly packumentCache full:https://registry.npmjs.org/@unrs%2fresolver-binding-linux-arm-gnueabihf cache-miss
1675 silly fetch manifest @unrs/resolver-binding-linux-arm-musleabihf@1.12.2
1676 silly packumentCache full:https://registry.npmjs.org/@unrs%2fresolver-binding-linux-arm-musleabihf cache-miss
1677 silly fetch manifest @unrs/resolver-binding-win32-ia32-msvc@1.12.2
1678 silly packumentCache full:https://registry.npmjs.org/@unrs%2fresolver-binding-win32-ia32-msvc cache-miss
1679 http cache https://registry.npmjs.org/semver 25ms (cache hit)
1680 silly packumentCache full:https://registry.npmjs.org/semver set size:246069 disposed:false
1681 silly fetch manifest @unrs/resolver-binding-linux-loong64-gnu@1.12.2
1682 silly packumentCache full:https://registry.npmjs.org/@unrs%2fresolver-binding-linux-loong64-gnu cache-miss
1683 http fetch GET 200 https://registry.npmjs.org/resolve-pkg-maps 132ms (cache miss)
1684 silly packumentCache full:https://registry.npmjs.org/resolve-pkg-maps set size:undefined disposed:false
1685 silly fetch manifest @unrs/resolver-binding-linux-loong64-musl@1.12.2
1686 silly packumentCache full:https://registry.npmjs.org/@unrs%2fresolver-binding-linux-loong64-musl cache-miss
1687 http fetch GET 200 https://registry.npmjs.org/napi-postinstall 176ms (cache miss)
1688 silly packumentCache full:https://registry.npmjs.org/napi-postinstall set size:undefined disposed:false
1689 silly fetch manifest @unrs/resolver-binding-linux-ppc64-gnu@1.12.2
1690 silly packumentCache full:https://registry.npmjs.org/@unrs%2fresolver-binding-linux-ppc64-gnu cache-miss
1691 http fetch GET 200 https://registry.npmjs.org/@unrs%2fresolver-binding-openharmony-arm64 178ms (cache miss)
1692 silly packumentCache full:https://registry.npmjs.org/@unrs%2fresolver-binding-openharmony-arm64 set size:undefined disposed:false
1693 silly fetch manifest @unrs/resolver-binding-linux-riscv64-gnu@1.12.2
1694 silly packumentCache full:https://registry.npmjs.org/@unrs%2fresolver-binding-linux-riscv64-gnu cache-miss
1695 http fetch GET 200 https://registry.npmjs.org/fdir 182ms (cache miss)
1696 silly packumentCache full:https://registry.npmjs.org/fdir set size:undefined disposed:false
1697 silly fetch manifest @unrs/resolver-binding-linux-riscv64-musl@1.12.2
1698 silly packumentCache full:https://registry.npmjs.org/@unrs%2fresolver-binding-linux-riscv64-musl cache-miss
1699 http fetch GET 200 https://registry.npmjs.org/@unrs%2fresolver-binding-linux-arm64-gnu 185ms (cache miss)
1700 silly packumentCache full:https://registry.npmjs.org/@unrs%2fresolver-binding-linux-arm64-gnu set size:undefined disposed:false
1701 silly fetch manifest @unrs/resolver-binding-linux-s390x-gnu@1.12.2
1702 silly packumentCache full:https://registry.npmjs.org/@unrs%2fresolver-binding-linux-s390x-gnu cache-miss
1703 http fetch GET 200 https://registry.npmjs.org/@unrs%2fresolver-binding-linux-arm-musleabihf 187ms (cache miss)
1704 silly packumentCache full:https://registry.npmjs.org/@unrs%2fresolver-binding-linux-arm-musleabihf set size:undefined disposed:false
1705 silly fetch manifest @unrs/resolver-binding-wasm32-wasi@1.12.2
1706 silly packumentCache full:https://registry.npmjs.org/@unrs%2fresolver-binding-wasm32-wasi cache-miss
1707 http fetch GET 200 https://registry.npmjs.org/@unrs%2fresolver-binding-android-arm64 196ms (cache miss)
1708 silly packumentCache full:https://registry.npmjs.org/@unrs%2fresolver-binding-android-arm64 set size:undefined disposed:false
1709 silly fetch manifest @unrs/resolver-binding-darwin-x64@1.12.2
1710 silly packumentCache full:https://registry.npmjs.org/@unrs%2fresolver-binding-darwin-x64 cache-miss
1711 http fetch GET 200 https://registry.npmjs.org/picomatch 199ms (cache miss)
1712 silly packumentCache full:https://registry.npmjs.org/picomatch set size:undefined disposed:false
1713 silly fetch manifest @unrs/resolver-binding-win32-x64-msvc@1.12.2
1714 silly packumentCache full:https://registry.npmjs.org/@unrs%2fresolver-binding-win32-x64-msvc cache-miss
1715 http fetch GET 200 https://registry.npmjs.org/@unrs%2fresolver-binding-win32-arm64-msvc 205ms (cache miss)
1716 silly packumentCache full:https://registry.npmjs.org/@unrs%2fresolver-binding-win32-arm64-msvc set size:undefined disposed:false
1717 silly fetch manifest @unrs/resolver-binding-freebsd-x64@1.12.2
1718 silly packumentCache full:https://registry.npmjs.org/@unrs%2fresolver-binding-freebsd-x64 cache-miss
1719 http fetch GET 200 https://registry.npmjs.org/@unrs%2fresolver-binding-linux-loong64-gnu 184ms (cache miss)
1720 silly packumentCache full:https://registry.npmjs.org/@unrs%2fresolver-binding-linux-loong64-gnu set size:undefined disposed:false
1721 silly fetch manifest @unrs/resolver-binding-linux-x64-gnu@1.12.2
1722 silly packumentCache full:https://registry.npmjs.org/@unrs%2fresolver-binding-linux-x64-gnu cache-miss
1723 http fetch GET 200 https://registry.npmjs.org/@unrs%2fresolver-binding-android-arm-eabi 214ms (cache miss)
1724 silly packumentCache full:https://registry.npmjs.org/@unrs%2fresolver-binding-android-arm-eabi set size:undefined disposed:false
1725 silly fetch manifest @unrs/resolver-binding-linux-x64-musl@1.12.2
1726 silly packumentCache full:https://registry.npmjs.org/@unrs%2fresolver-binding-linux-x64-musl cache-miss
1727 http fetch GET 200 https://registry.npmjs.org/@unrs%2fresolver-binding-linux-arm64-musl 217ms (cache miss)
1728 silly packumentCache full:https://registry.npmjs.org/@unrs%2fresolver-binding-linux-arm64-musl set size:undefined disposed:false
1729 http fetch GET 200 https://registry.npmjs.org/@unrs%2fresolver-binding-linux-arm-gnueabihf 217ms (cache miss)
1730 silly packumentCache full:https://registry.npmjs.org/@unrs%2fresolver-binding-linux-arm-gnueabihf set size:undefined disposed:false
1731 http fetch GET 200 https://registry.npmjs.org/@unrs%2fresolver-binding-darwin-arm64 220ms (cache miss)
1732 silly packumentCache full:https://registry.npmjs.org/@unrs%2fresolver-binding-darwin-arm64 set size:undefined disposed:false
1733 http fetch GET 200 https://registry.npmjs.org/@unrs%2fresolver-binding-linux-loong64-musl 134ms (cache miss)
1734 silly packumentCache full:https://registry.npmjs.org/@unrs%2fresolver-binding-linux-loong64-musl set size:undefined disposed:false
1735 http fetch GET 200 https://registry.npmjs.org/@unrs%2fresolver-binding-win32-ia32-msvc 304ms (cache miss)
1736 silly packumentCache full:https://registry.npmjs.org/@unrs%2fresolver-binding-win32-ia32-msvc set size:undefined disposed:false
1737 http fetch GET 200 https://registry.npmjs.org/@unrs%2fresolver-binding-wasm32-wasi 153ms (cache miss)
1738 silly packumentCache full:https://registry.npmjs.org/@unrs%2fresolver-binding-wasm32-wasi set size:undefined disposed:false
1739 http fetch GET 200 https://registry.npmjs.org/@unrs%2fresolver-binding-linux-riscv64-gnu 167ms (cache miss)
1740 silly packumentCache full:https://registry.npmjs.org/@unrs%2fresolver-binding-linux-riscv64-gnu set size:undefined disposed:false
1741 http fetch GET 200 https://registry.npmjs.org/@unrs%2fresolver-binding-linux-ppc64-gnu 187ms (cache miss)
1742 silly packumentCache full:https://registry.npmjs.org/@unrs%2fresolver-binding-linux-ppc64-gnu set size:undefined disposed:false
1743 http fetch GET 200 https://registry.npmjs.org/@unrs%2fresolver-binding-linux-s390x-gnu 182ms (cache miss)
1744 silly packumentCache full:https://registry.npmjs.org/@unrs%2fresolver-binding-linux-s390x-gnu set size:undefined disposed:false
1745 http fetch GET 200 https://registry.npmjs.org/@unrs%2fresolver-binding-linux-riscv64-musl 189ms (cache miss)
1746 silly packumentCache full:https://registry.npmjs.org/@unrs%2fresolver-binding-linux-riscv64-musl set size:undefined disposed:false
1747 http fetch GET 200 https://registry.npmjs.org/@unrs%2fresolver-binding-win32-x64-msvc 173ms (cache miss)
1748 silly packumentCache full:https://registry.npmjs.org/@unrs%2fresolver-binding-win32-x64-msvc set size:undefined disposed:false
1749 http fetch GET 200 https://registry.npmjs.org/@unrs%2fresolver-binding-darwin-x64 180ms (cache miss)
1750 silly packumentCache full:https://registry.npmjs.org/@unrs%2fresolver-binding-darwin-x64 set size:undefined disposed:false
1751 http fetch GET 200 https://registry.npmjs.org/@unrs%2fresolver-binding-freebsd-x64 173ms (cache miss)
1752 silly packumentCache full:https://registry.npmjs.org/@unrs%2fresolver-binding-freebsd-x64 set size:undefined disposed:false
1753 http fetch GET 200 https://registry.npmjs.org/@unrs%2fresolver-binding-linux-x64-musl 176ms (cache miss)
1754 silly packumentCache full:https://registry.npmjs.org/@unrs%2fresolver-binding-linux-x64-musl set size:undefined disposed:false
1755 http fetch GET 200 https://registry.npmjs.org/@unrs%2fresolver-binding-linux-x64-gnu 183ms (cache miss)
1756 silly packumentCache full:https://registry.npmjs.org/@unrs%2fresolver-binding-linux-x64-gnu set size:undefined disposed:false
1757 silly placeDep ROOT @rtsao/scc@1.1.0 OK for: eslint-plugin-import@2.32.0 want: ^1.1.0
1758 silly placeDep ROOT array-includes@3.1.9 OK for: eslint-plugin-import@2.32.0 want: ^3.1.9
1759 silly placeDep ROOT array.prototype.findlastindex@1.2.6 OK for: eslint-plugin-import@2.32.0 want: ^1.2.6
1760 silly placeDep ROOT array.prototype.flat@1.3.3 OK for: eslint-plugin-import@2.32.0 want: ^1.3.3
1761 silly placeDep ROOT array.prototype.flatmap@1.3.3 OK for: eslint-plugin-import@2.32.0 want: ^1.3.3
1762 silly placeDep node_modules/eslint-plugin-import debug@3.2.7 OK for: eslint-plugin-import@2.32.0 want: ^3.2.7
1763 silly placeDep ROOT doctrine@2.1.0 OK for: eslint-plugin-import@2.32.0 want: ^2.1.0
1764 silly placeDep ROOT eslint-module-utils@2.14.0 OK for: eslint-plugin-import@2.32.0 want: ^2.12.1
1765 silly placeDep ROOT hasown@2.0.4 OK for: eslint-plugin-import@2.32.0 want: ^2.0.2
1766 silly placeDep ROOT object.fromentries@2.0.8 OK for: eslint-plugin-import@2.32.0 want: ^2.0.8
1767 silly placeDep ROOT object.groupby@1.0.3 OK for: eslint-plugin-import@2.32.0 want: ^1.0.3
1768 silly placeDep ROOT object.values@1.2.1 OK for: eslint-plugin-import@2.32.0 want: ^1.2.1
1769 silly placeDep ROOT semver@6.3.1 OK for: eslint-plugin-import@2.32.0 want: ^6.3.1
1770 silly placeDep ROOT string.prototype.trimend@1.0.10 OK for: eslint-plugin-import@2.32.0 want: ^1.0.9
1771 silly placeDep ROOT tsconfig-paths@3.15.0 OK for: eslint-plugin-import@2.32.0 want: ^3.15.0
1772 silly fetch manifest call-bind@^1.0.8
1773 silly packumentCache full:https://registry.npmjs.org/call-bind cache-miss
1774 silly fetch manifest call-bound@^1.0.4
1775 silly packumentCache full:https://registry.npmjs.org/call-bound cache-miss
1776 silly fetch manifest define-properties@^1.2.1
1777 silly packumentCache full:https://registry.npmjs.org/define-properties cache-miss
1778 silly fetch manifest es-abstract@^1.24.0
1779 silly packumentCache full:https://registry.npmjs.org/es-abstract cache-miss
1780 silly fetch manifest es-object-atoms@^1.1.1
1781 silly packumentCache full:https://registry.npmjs.org/es-object-atoms cache-miss
1782 silly fetch manifest get-intrinsic@^1.3.0
1783 silly packumentCache full:https://registry.npmjs.org/get-intrinsic cache-miss
1784 silly fetch manifest is-string@^1.1.1
1785 silly packumentCache full:https://registry.npmjs.org/is-string cache-miss
1786 silly fetch manifest math-intrinsics@^1.1.0
1787 silly packumentCache full:https://registry.npmjs.org/math-intrinsics cache-miss
1788 silly fetch manifest call-bind@^1.0.8
1789 silly packumentCache full:https://registry.npmjs.org/call-bind cache-miss
1790 silly fetch manifest call-bound@^1.0.4
1791 silly packumentCache full:https://registry.npmjs.org/call-bound cache-miss
1792 silly fetch manifest define-properties@^1.2.1
1793 silly packumentCache full:https://registry.npmjs.org/define-properties cache-miss
1794 silly fetch manifest es-abstract@^1.23.9
1795 silly packumentCache full:https://registry.npmjs.org/es-abstract cache-miss
1796 silly fetch manifest es-object-atoms@^1.1.1
1797 silly packumentCache full:https://registry.npmjs.org/es-object-atoms cache-miss
1798 silly fetch manifest es-shim-unscopables@^1.1.0
1799 silly packumentCache full:https://registry.npmjs.org/es-shim-unscopables cache-miss
1800 silly fetch manifest call-bind@^1.0.8
1801 silly packumentCache full:https://registry.npmjs.org/call-bind cache-miss
1802 http fetch GET 200 https://registry.npmjs.org/math-intrinsics 198ms (cache miss)
1803 silly packumentCache full:https://registry.npmjs.org/math-intrinsics set size:undefined disposed:false
1804 silly fetch manifest define-properties@^1.2.1
1805 silly packumentCache full:https://registry.npmjs.org/define-properties cache-miss
1806 http fetch GET 200 https://registry.npmjs.org/define-properties 201ms (cache miss)
1807 silly packumentCache full:https://registry.npmjs.org/define-properties set size:undefined disposed:false
1808 silly fetch manifest es-abstract@^1.23.5
1809 silly packumentCache full:https://registry.npmjs.org/es-abstract cache-miss
1810 http fetch GET 200 https://registry.npmjs.org/es-shim-unscopables 205ms (cache miss)
1811 silly packumentCache full:https://registry.npmjs.org/es-shim-unscopables set size:undefined disposed:false
1812 silly fetch manifest es-shim-unscopables@^1.0.2
1813 silly packumentCache full:https://registry.npmjs.org/es-shim-unscopables cache-miss
1814 http fetch GET 200 https://registry.npmjs.org/call-bound 210ms (cache miss)
1815 silly packumentCache full:https://registry.npmjs.org/call-bound set size:undefined disposed:false
1816 silly fetch manifest call-bind@^1.0.8
1817 silly packumentCache full:https://registry.npmjs.org/call-bind cache-miss
1818 http fetch GET 200 https://registry.npmjs.org/is-string 222ms (cache miss)
1819 silly packumentCache full:https://registry.npmjs.org/is-string set size:undefined disposed:false
1820 silly fetch manifest es-abstract@^1.23.5
1821 silly packumentCache full:https://registry.npmjs.org/es-abstract cache-miss
1822 http fetch GET 200 https://registry.npmjs.org/es-object-atoms 228ms (cache miss)
1823 silly packumentCache full:https://registry.npmjs.org/es-object-atoms set size:undefined disposed:false
1824 silly fetch manifest es-shim-unscopables@^1.0.2
1825 silly packumentCache full:https://registry.npmjs.org/es-shim-unscopables cache-miss
1826 http fetch GET 200 https://registry.npmjs.org/call-bind 230ms (cache miss)
1827 silly packumentCache full:https://registry.npmjs.org/call-bind set size:undefined disposed:false
1828 silly fetch manifest function-bind@^1.1.2
1829 silly packumentCache full:https://registry.npmjs.org/function-bind cache-miss
1830 http fetch GET 200 https://registry.npmjs.org/get-intrinsic 232ms (cache miss)
1831 silly packumentCache full:https://registry.npmjs.org/get-intrinsic set size:undefined disposed:false
1832 silly fetch manifest call-bind@^1.0.7
1833 silly packumentCache full:https://registry.npmjs.org/call-bind cache-miss
1834 http fetch GET 200 https://registry.npmjs.org/define-properties 236ms (cache miss)
1835 silly packumentCache full:https://registry.npmjs.org/define-properties set size:undefined disposed:false
1836 silly fetch manifest es-abstract@^1.23.2
1837 silly packumentCache full:https://registry.npmjs.org/es-abstract cache-miss
1838 http fetch GET 200 https://registry.npmjs.org/call-bound 236ms (cache miss)
1839 silly packumentCache full:https://registry.npmjs.org/call-bound set size:undefined disposed:false
1840 silly fetch manifest es-object-atoms@^1.0.0
1841 silly packumentCache full:https://registry.npmjs.org/es-object-atoms cache-miss
1842 http fetch GET 200 https://registry.npmjs.org/call-bind 251ms (cache miss)
1843 silly packumentCache full:https://registry.npmjs.org/call-bind set size:undefined disposed:false
1844 silly fetch manifest call-bind@^1.0.7
1845 silly packumentCache full:https://registry.npmjs.org/call-bind cache-miss
1846 http fetch GET 200 https://registry.npmjs.org/es-object-atoms 260ms (cache miss)
1847 silly packumentCache full:https://registry.npmjs.org/es-object-atoms set size:undefined disposed:false
1848 silly fetch manifest es-abstract@^1.23.2
1849 silly packumentCache full:https://registry.npmjs.org/es-abstract cache-miss
1850 http fetch GET 200 https://registry.npmjs.org/call-bind 269ms (cache miss)
1851 silly packumentCache full:https://registry.npmjs.org/call-bind set size:undefined disposed:false
1852 silly fetch manifest call-bound@^1.0.3
1853 silly packumentCache full:https://registry.npmjs.org/call-bound cache-miss
1854 http cache https://registry.npmjs.org/define-properties 85ms (cache hit)
1855 silly packumentCache full:https://registry.npmjs.org/define-properties set size:31491 disposed:false
1856 silly fetch manifest es-object-atoms@^1.0.0
1857 silly packumentCache full:https://registry.npmjs.org/es-object-atoms cache-miss
1858 http cache https://registry.npmjs.org/es-shim-unscopables 79ms (cache hit)
1859 silly packumentCache full:https://registry.npmjs.org/es-shim-unscopables set size:13965 disposed:false
1860 silly fetch manifest call-bind@^1.0.9
1861 silly packumentCache full:https://registry.npmjs.org/call-bind cache-miss
1862 http cache https://registry.npmjs.org/es-shim-unscopables 65ms (cache hit)
1863 silly packumentCache full:https://registry.npmjs.org/es-shim-unscopables set size:13965 disposed:false
1864 silly packumentCache full:https://registry.npmjs.org/es-shim-unscopables dispose
1865 silly fetch manifest es-object-atoms@^1.1.2
1866 silly packumentCache full:https://registry.npmjs.org/es-object-atoms cache-miss
1867 http cache https://registry.npmjs.org/es-object-atoms 61ms (cache hit)
1868 silly packumentCache full:https://registry.npmjs.org/es-object-atoms set size:18278 disposed:false
1869 silly fetch manifest json5@^1.0.2
1870 silly packumentCache full:https://registry.npmjs.org/json5 cache-miss
1871 http fetch GET 200 https://registry.npmjs.org/es-abstract 301ms (cache miss)
1872 silly packumentCache full:https://registry.npmjs.org/es-abstract set size:undefined disposed:false
1873 silly fetch manifest minimist@^1.2.6
1874 silly packumentCache full:https://registry.npmjs.org/minimist cache-miss
1875 http cache https://registry.npmjs.org/call-bind 78ms (cache hit)
1876 silly packumentCache full:https://registry.npmjs.org/call-bind set size:32985 disposed:false
1877 silly fetch manifest strip-bom@^3.0.0
1878 silly packumentCache full:https://registry.npmjs.org/strip-bom cache-miss
1879 http fetch GET 200 https://registry.npmjs.org/es-abstract 313ms (cache miss)
1880 silly packumentCache full:https://registry.npmjs.org/es-abstract set size:undefined disposed:false
1881 silly fetch manifest @types/json5@^0.0.29
1882 silly packumentCache full:https://registry.npmjs.org/@types%2fjson5 cache-miss
1883 http cache https://registry.npmjs.org/call-bind 74ms (cache hit)
1884 silly packumentCache full:https://registry.npmjs.org/call-bind set size:32985 disposed:false
1885 silly packumentCache full:https://registry.npmjs.org/call-bind dispose
1886 http cache https://registry.npmjs.org/call-bound 51ms (cache hit)
1887 silly packumentCache full:https://registry.npmjs.org/call-bound set size:15317 disposed:false
1888 http cache https://registry.npmjs.org/es-object-atoms 48ms (cache hit)
1889 silly packumentCache full:https://registry.npmjs.org/es-object-atoms set size:18278 disposed:false
1890 silly packumentCache full:https://registry.npmjs.org/es-object-atoms dispose
1891 http cache https://registry.npmjs.org/es-object-atoms 43ms (cache hit)
1892 silly packumentCache full:https://registry.npmjs.org/es-object-atoms set size:18278 disposed:true
1893 silly packumentCache full:https://registry.npmjs.org/es-object-atoms dispose
1894 http cache https://registry.npmjs.org/call-bind 56ms (cache hit)
1895 silly packumentCache full:https://registry.npmjs.org/call-bind set size:32985 disposed:true
1896 silly packumentCache full:https://registry.npmjs.org/call-bind dispose
1897 http fetch GET 200 https://registry.npmjs.org/call-bind 168ms (cache miss)
1898 silly packumentCache full:https://registry.npmjs.org/call-bind set size:undefined disposed:true
1899 silly packumentCache full:https://registry.npmjs.org/call-bind dispose
1900 http fetch GET 200 https://registry.npmjs.org/function-bind 154ms (cache miss)
1901 silly packumentCache full:https://registry.npmjs.org/function-bind set size:undefined disposed:false
1902 http fetch GET 200 https://registry.npmjs.org/es-abstract 190ms (cache miss)
1903 silly packumentCache full:https://registry.npmjs.org/es-abstract set size:undefined disposed:false
1904 http fetch GET 200 https://registry.npmjs.org/es-abstract 175ms (cache miss)
1905 silly packumentCache full:https://registry.npmjs.org/es-abstract set size:undefined disposed:false
1906 http fetch GET 200 https://registry.npmjs.org/es-abstract 191ms (cache miss)
1907 silly packumentCache full:https://registry.npmjs.org/es-abstract set size:undefined disposed:false
1908 http fetch GET 200 https://registry.npmjs.org/minimist 141ms (cache miss)
1909 silly packumentCache full:https://registry.npmjs.org/minimist set size:undefined disposed:false
1910 http fetch GET 200 https://registry.npmjs.org/@types%2fjson5 134ms (cache miss)
1911 silly packumentCache full:https://registry.npmjs.org/@types%2fjson5 set size:undefined disposed:false
1912 http fetch GET 200 https://registry.npmjs.org/strip-bom 143ms (cache miss)
1913 silly packumentCache full:https://registry.npmjs.org/strip-bom set size:undefined disposed:false
1914 http fetch GET 200 https://registry.npmjs.org/json5 157ms (cache miss)
1915 silly packumentCache full:https://registry.npmjs.org/json5 set size:undefined disposed:false
1916 http fetch GET 200 https://registry.npmjs.org/es-abstract 214ms (cache miss)
1917 silly packumentCache full:https://registry.npmjs.org/es-abstract set size:undefined disposed:false
1918 silly placeDep ROOT call-bind@1.0.9 OK for: array-includes@3.1.9 want: ^1.0.8
1919 silly placeDep ROOT call-bound@1.0.4 OK for: array-includes@3.1.9 want: ^1.0.4
1920 silly placeDep ROOT define-properties@1.2.1 OK for: array-includes@3.1.9 want: ^1.2.1
1921 silly placeDep ROOT es-abstract@1.24.2 OK for: array-includes@3.1.9 want: ^1.24.0
1922 silly placeDep ROOT es-object-atoms@1.1.2 OK for: array-includes@3.1.9 want: ^1.1.1
1923 silly placeDep ROOT get-intrinsic@1.3.0 OK for: array-includes@3.1.9 want: ^1.3.0
1924 silly placeDep ROOT is-string@1.1.1 OK for: array-includes@3.1.9 want: ^1.1.1
1925 silly placeDep ROOT math-intrinsics@1.1.0 OK for: array-includes@3.1.9 want: ^1.1.0
1926 silly fetch manifest call-bind-apply-helpers@^1.0.2
1927 silly packumentCache full:https://registry.npmjs.org/call-bind-apply-helpers cache-miss
1928 silly fetch manifest es-define-property@^1.0.1
1929 silly packumentCache full:https://registry.npmjs.org/es-define-property cache-miss
1930 silly fetch manifest set-function-length@^1.2.2
1931 silly packumentCache full:https://registry.npmjs.org/set-function-length cache-miss
1932 silly fetch manifest call-bind-apply-helpers@^1.0.2
1933 silly packumentCache full:https://registry.npmjs.org/call-bind-apply-helpers cache-miss
1934 silly fetch manifest define-data-property@^1.0.1
1935 silly packumentCache full:https://registry.npmjs.org/define-data-property cache-miss
1936 silly fetch manifest has-property-descriptors@^1.0.0
1937 silly packumentCache full:https://registry.npmjs.org/has-property-descriptors cache-miss
1938 silly fetch manifest array-buffer-byte-length@^1.0.2
1939 silly packumentCache full:https://registry.npmjs.org/array-buffer-byte-length cache-miss
1940 silly fetch manifest arraybuffer.prototype.slice@^1.0.4
1941 silly packumentCache full:https://registry.npmjs.org/arraybuffer.prototype.slice cache-miss
1942 silly fetch manifest available-typed-arrays@^1.0.7
1943 silly packumentCache full:https://registry.npmjs.org/available-typed-arrays cache-miss
1944 silly fetch manifest data-view-buffer@^1.0.2
1945 silly packumentCache full:https://registry.npmjs.org/data-view-buffer cache-miss
1946 silly fetch manifest data-view-byte-length@^1.0.2
1947 silly packumentCache full:https://registry.npmjs.org/data-view-byte-length cache-miss
1948 silly fetch manifest data-view-byte-offset@^1.0.1
1949 silly packumentCache full:https://registry.npmjs.org/data-view-byte-offset cache-miss
1950 silly fetch manifest es-define-property@^1.0.1
1951 silly packumentCache full:https://registry.npmjs.org/es-define-property cache-miss
1952 silly fetch manifest es-set-tostringtag@^2.1.0
1953 silly packumentCache full:https://registry.npmjs.org/es-set-tostringtag cache-miss
1954 silly fetch manifest es-to-primitive@^1.3.0
1955 silly packumentCache full:https://registry.npmjs.org/es-to-primitive cache-miss
1956 http fetch GET 200 https://registry.npmjs.org/data-view-byte-offset 176ms (cache miss)
1957 silly packumentCache full:https://registry.npmjs.org/data-view-byte-offset set size:undefined disposed:false
1958 silly fetch manifest function.prototype.name@^1.1.8
1959 silly packumentCache full:https://registry.npmjs.org/function.prototype.name cache-miss
1960 http fetch GET 200 https://registry.npmjs.org/es-define-property 175ms (cache miss)
1961 silly packumentCache full:https://registry.npmjs.org/es-define-property set size:undefined disposed:false
1962 silly fetch manifest get-proto@^1.0.1
1963 silly packumentCache full:https://registry.npmjs.org/get-proto cache-miss
1964 http fetch GET 200 https://registry.npmjs.org/arraybuffer.prototype.slice 181ms (cache miss)
1965 silly packumentCache full:https://registry.npmjs.org/arraybuffer.prototype.slice set size:undefined disposed:false
1966 silly fetch manifest get-symbol-description@^1.1.0
1967 silly packumentCache full:https://registry.npmjs.org/get-symbol-description cache-miss
1968 http fetch GET 200 https://registry.npmjs.org/set-function-length 190ms (cache miss)
1969 silly packumentCache full:https://registry.npmjs.org/set-function-length set size:undefined disposed:false
1970 silly fetch manifest globalthis@^1.0.4
1971 silly packumentCache full:https://registry.npmjs.org/globalthis cache-miss
1972 http fetch GET 200 https://registry.npmjs.org/data-view-byte-length 190ms (cache miss)
1973 silly packumentCache full:https://registry.npmjs.org/data-view-byte-length set size:undefined disposed:false
1974 silly fetch manifest gopd@^1.2.0
1975 silly packumentCache full:https://registry.npmjs.org/gopd cache-miss
1976 http fetch GET 200 https://registry.npmjs.org/define-data-property 198ms (cache miss)
1977 silly packumentCache full:https://registry.npmjs.org/define-data-property set size:undefined disposed:false
1978 silly fetch manifest has-property-descriptors@^1.0.2
1979 silly packumentCache full:https://registry.npmjs.org/has-property-descriptors cache-miss
1980 http fetch GET 200 https://registry.npmjs.org/call-bind-apply-helpers 203ms (cache miss)
1981 silly packumentCache full:https://registry.npmjs.org/call-bind-apply-helpers set size:undefined disposed:false
1982 silly fetch manifest has-proto@^1.2.0
1983 silly packumentCache full:https://registry.npmjs.org/has-proto cache-miss
1984 http fetch GET 200 https://registry.npmjs.org/data-view-buffer 201ms (cache miss)
1985 silly packumentCache full:https://registry.npmjs.org/data-view-buffer set size:undefined disposed:false
1986 silly fetch manifest has-symbols@^1.1.0
1987 silly packumentCache full:https://registry.npmjs.org/has-symbols cache-miss
1988 http fetch GET 200 https://registry.npmjs.org/has-property-descriptors 204ms (cache miss)
1989 silly packumentCache full:https://registry.npmjs.org/has-property-descriptors set size:undefined disposed:false
1990 silly fetch manifest internal-slot@^1.1.0
1991 silly packumentCache full:https://registry.npmjs.org/internal-slot cache-miss
1992 http fetch GET 200 https://registry.npmjs.org/available-typed-arrays 208ms (cache miss)
1993 silly packumentCache full:https://registry.npmjs.org/available-typed-arrays set size:undefined disposed:false
1994 silly fetch manifest is-array-buffer@^3.0.5
1995 silly packumentCache full:https://registry.npmjs.org/is-array-buffer cache-miss
1996 http fetch GET 200 https://registry.npmjs.org/es-define-property 217ms (cache miss)
1997 silly packumentCache full:https://registry.npmjs.org/es-define-property set size:undefined disposed:false
1998 silly fetch manifest is-callable@^1.2.7
1999 silly packumentCache full:https://registry.npmjs.org/is-callable cache-miss
2000 http fetch GET 200 https://registry.npmjs.org/es-to-primitive 213ms (cache miss)
2001 silly packumentCache full:https://registry.npmjs.org/es-to-primitive set size:undefined disposed:false
2002 silly fetch manifest is-data-view@^1.0.2
2003 silly packumentCache full:https://registry.npmjs.org/is-data-view cache-miss
2004 http fetch GET 200 https://registry.npmjs.org/call-bind-apply-helpers 226ms (cache miss)
2005 silly packumentCache full:https://registry.npmjs.org/call-bind-apply-helpers set size:undefined disposed:false
2006 silly fetch manifest is-negative-zero@^2.0.3
2007 silly packumentCache full:https://registry.npmjs.org/is-negative-zero cache-miss
2008 http fetch GET 200 https://registry.npmjs.org/es-set-tostringtag 223ms (cache miss)
2009 silly packumentCache full:https://registry.npmjs.org/es-set-tostringtag set size:undefined disposed:false
2010 silly fetch manifest is-regex@^1.2.1
2011 silly packumentCache full:https://registry.npmjs.org/is-regex cache-miss
2012 http fetch GET 200 https://registry.npmjs.org/array-buffer-byte-length 229ms (cache miss)
2013 silly packumentCache full:https://registry.npmjs.org/array-buffer-byte-length set size:undefined disposed:false
2014 silly fetch manifest is-set@^2.0.3
2015 silly packumentCache full:https://registry.npmjs.org/is-set cache-miss
2016 http cache https://registry.npmjs.org/has-property-descriptors 48ms (cache hit)
2017 silly packumentCache full:https://registry.npmjs.org/has-property-descriptors set size:12452 disposed:false
2018 silly fetch manifest is-shared-array-buffer@^1.0.4
2019 silly packumentCache full:https://registry.npmjs.org/is-shared-array-buffer cache-miss
2020 http fetch GET 200 https://registry.npmjs.org/get-proto 145ms (cache miss)
2021 silly packumentCache full:https://registry.npmjs.org/get-proto set size:undefined disposed:false
2022 silly fetch manifest is-typed-array@^1.1.15
2023 silly packumentCache full:https://registry.npmjs.org/is-typed-array cache-miss
2024 http fetch GET 200 https://registry.npmjs.org/get-symbol-description 181ms (cache miss)
2025 silly packumentCache full:https://registry.npmjs.org/get-symbol-description set size:undefined disposed:false
2026 silly fetch manifest is-weakref@^1.1.1
2027 silly packumentCache full:https://registry.npmjs.org/is-weakref cache-miss
2028 http fetch GET 200 https://registry.npmjs.org/function.prototype.name 205ms (cache miss)
2029 silly packumentCache full:https://registry.npmjs.org/function.prototype.name set size:undefined disposed:false
2030 silly fetch manifest object-inspect@^1.13.4
2031 silly packumentCache full:https://registry.npmjs.org/object-inspect cache-miss
2032 http fetch GET 200 https://registry.npmjs.org/gopd 205ms (cache miss)
2033 silly packumentCache full:https://registry.npmjs.org/gopd set size:undefined disposed:false
2034 silly fetch manifest object.assign@^4.1.7
2035 silly packumentCache full:https://registry.npmjs.org/object.assign cache-miss
2036 http fetch GET 200 https://registry.npmjs.org/globalthis 211ms (cache miss)
2037 silly packumentCache full:https://registry.npmjs.org/globalthis set size:undefined disposed:false
2038 silly fetch manifest own-keys@^1.0.1
2039 silly packumentCache full:https://registry.npmjs.org/own-keys cache-miss
2040 http fetch GET 200 https://registry.npmjs.org/internal-slot 200ms (cache miss)
2041 silly packumentCache full:https://registry.npmjs.org/internal-slot set size:undefined disposed:false
2042 silly fetch manifest regexp.prototype.flags@^1.5.4
2043 silly packumentCache full:https://registry.npmjs.org/regexp.prototype.flags cache-miss
2044 http fetch GET 200 https://registry.npmjs.org/has-proto 205ms (cache miss)
2045 silly packumentCache full:https://registry.npmjs.org/has-proto set size:undefined disposed:false
2046 silly fetch manifest safe-array-concat@^1.1.3
2047 silly packumentCache full:https://registry.npmjs.org/safe-array-concat cache-miss
2048 http fetch GET 200 https://registry.npmjs.org/has-symbols 206ms (cache miss)
2049 silly packumentCache full:https://registry.npmjs.org/has-symbols set size:undefined disposed:false
2050 silly fetch manifest safe-push-apply@^1.0.0
2051 silly packumentCache full:https://registry.npmjs.org/safe-push-apply cache-miss
2052 http fetch GET 200 https://registry.npmjs.org/is-callable 224ms (cache miss)
2053 silly packumentCache full:https://registry.npmjs.org/is-callable set size:undefined disposed:false
2054 silly fetch manifest safe-regex-test@^1.1.0
2055 silly packumentCache full:https://registry.npmjs.org/safe-regex-test cache-miss
2056 http fetch GET 200 https://registry.npmjs.org/is-regex 218ms (cache miss)
2057 silly packumentCache full:https://registry.npmjs.org/is-regex set size:undefined disposed:false
2058 silly fetch manifest set-proto@^1.0.0
2059 silly packumentCache full:https://registry.npmjs.org/set-proto cache-miss
2060 http fetch GET 200 https://registry.npmjs.org/is-negative-zero 227ms (cache miss)
2061 silly packumentCache full:https://registry.npmjs.org/is-negative-zero set size:undefined disposed:false
2062 silly fetch manifest stop-iteration-iterator@^1.1.0
2063 silly packumentCache full:https://registry.npmjs.org/stop-iteration-iterator cache-miss
2064 http fetch GET 200 https://registry.npmjs.org/is-set 225ms (cache miss)
2065 silly packumentCache full:https://registry.npmjs.org/is-set set size:undefined disposed:false
2066 silly fetch manifest string.prototype.trim@^1.2.10
2067 silly packumentCache full:https://registry.npmjs.org/string.prototype.trim cache-miss
2068 http fetch GET 200 https://registry.npmjs.org/is-data-view 238ms (cache miss)
2069 silly packumentCache full:https://registry.npmjs.org/is-data-view set size:undefined disposed:false
2070 silly fetch manifest string.prototype.trimstart@^1.0.8
2071 silly packumentCache full:https://registry.npmjs.org/string.prototype.trimstart cache-miss
2072 http fetch GET 200 https://registry.npmjs.org/is-shared-array-buffer 216ms (cache miss)
2073 silly packumentCache full:https://registry.npmjs.org/is-shared-array-buffer set size:undefined disposed:false
2074 silly fetch manifest typed-array-buffer@^1.0.3
2075 silly packumentCache full:https://registry.npmjs.org/typed-array-buffer cache-miss
2076 http fetch GET 200 https://registry.npmjs.org/is-array-buffer 259ms (cache miss)
2077 silly packumentCache full:https://registry.npmjs.org/is-array-buffer set size:undefined disposed:false
2078 silly fetch manifest typed-array-byte-length@^1.0.3
2079 silly packumentCache full:https://registry.npmjs.org/typed-array-byte-length cache-miss
2080 http cache https://registry.npmjs.org/safe-regex-test 43ms (cache hit)
2081 silly packumentCache full:https://registry.npmjs.org/safe-regex-test set size:17412 disposed:false
2082 silly fetch manifest typed-array-byte-offset@^1.0.4
2083 silly packumentCache full:https://registry.npmjs.org/typed-array-byte-offset cache-miss
2084 http fetch GET 200 https://registry.npmjs.org/is-typed-array 181ms (cache miss)
2085 silly packumentCache full:https://registry.npmjs.org/is-typed-array set size:undefined disposed:false
2086 silly fetch manifest typed-array-length@^1.0.7
2087 silly packumentCache full:https://registry.npmjs.org/typed-array-length cache-miss
2088 http fetch GET 200 https://registry.npmjs.org/is-weakref 180ms (cache miss)
2089 silly packumentCache full:https://registry.npmjs.org/is-weakref set size:undefined disposed:false
2090 silly fetch manifest unbox-primitive@^1.1.0
2091 silly packumentCache full:https://registry.npmjs.org/unbox-primitive cache-miss
2092 http fetch GET 200 https://registry.npmjs.org/own-keys 177ms (cache miss)
2093 silly packumentCache full:https://registry.npmjs.org/own-keys set size:undefined disposed:false
2094 silly fetch manifest which-typed-array@^1.1.19
2095 silly packumentCache full:https://registry.npmjs.org/which-typed-array cache-miss
2096 http fetch GET 200 https://registry.npmjs.org/safe-array-concat 184ms (cache miss)
2097 silly packumentCache full:https://registry.npmjs.org/safe-array-concat set size:undefined disposed:false
2098 silly fetch manifest has-tostringtag@^1.0.2
2099 silly packumentCache full:https://registry.npmjs.org/has-tostringtag cache-miss
2100 http fetch GET 200 https://registry.npmjs.org/safe-push-apply 191ms (cache miss)
2101 silly packumentCache full:https://registry.npmjs.org/safe-push-apply set size:undefined disposed:false
2102 http fetch GET 200 https://registry.npmjs.org/object.assign 203ms (cache miss)
2103 silly packumentCache full:https://registry.npmjs.org/object.assign set size:undefined disposed:false
2104 http fetch GET 200 https://registry.npmjs.org/object-inspect 228ms (cache miss)
2105 silly packumentCache full:https://registry.npmjs.org/object-inspect set size:undefined disposed:false
2106 http fetch GET 200 https://registry.npmjs.org/regexp.prototype.flags 213ms (cache miss)
2107 silly packumentCache full:https://registry.npmjs.org/regexp.prototype.flags set size:undefined disposed:false
2108 http fetch GET 200 https://registry.npmjs.org/set-proto 212ms (cache miss)
2109 silly packumentCache full:https://registry.npmjs.org/set-proto set size:undefined disposed:false
2110 http fetch GET 200 https://registry.npmjs.org/stop-iteration-iterator 207ms (cache miss)
2111 silly packumentCache full:https://registry.npmjs.org/stop-iteration-iterator set size:undefined disposed:false
2112 http fetch GET 200 https://registry.npmjs.org/string.prototype.trim 210ms (cache miss)
2113 silly packumentCache full:https://registry.npmjs.org/string.prototype.trim set size:undefined disposed:false
2114 http fetch GET 200 https://registry.npmjs.org/typed-array-buffer 204ms (cache miss)
2115 silly packumentCache full:https://registry.npmjs.org/typed-array-buffer set size:undefined disposed:false
2116 http fetch GET 200 https://registry.npmjs.org/typed-array-byte-length 199ms (cache miss)
2117 silly packumentCache full:https://registry.npmjs.org/typed-array-byte-length set size:undefined disposed:false
2118 http fetch GET 200 https://registry.npmjs.org/typed-array-byte-offset 191ms (cache miss)
2119 silly packumentCache full:https://registry.npmjs.org/typed-array-byte-offset set size:undefined disposed:false
2120 http fetch GET 200 https://registry.npmjs.org/string.prototype.trimstart 238ms (cache miss)
2121 silly packumentCache full:https://registry.npmjs.org/string.prototype.trimstart set size:undefined disposed:false
2122 http fetch GET 200 https://registry.npmjs.org/unbox-primitive 156ms (cache miss)
2123 silly packumentCache full:https://registry.npmjs.org/unbox-primitive set size:undefined disposed:false
2124 http fetch GET 200 https://registry.npmjs.org/typed-array-length 199ms (cache miss)
2125 silly packumentCache full:https://registry.npmjs.org/typed-array-length set size:undefined disposed:false
2126 http fetch GET 200 https://registry.npmjs.org/which-typed-array 164ms (cache miss)
2127 silly packumentCache full:https://registry.npmjs.org/which-typed-array set size:undefined disposed:false
2128 http fetch GET 200 https://registry.npmjs.org/has-tostringtag 157ms (cache miss)
2129 silly packumentCache full:https://registry.npmjs.org/has-tostringtag set size:undefined disposed:false
2130 silly placeDep ROOT es-errors@1.3.0 OK for: array.prototype.findlastindex@1.2.6 want: ^1.3.0
2131 silly placeDep ROOT es-shim-unscopables@1.1.0 OK for: array.prototype.findlastindex@1.2.6 want: ^1.1.0
2132 silly placeDep ROOT call-bind-apply-helpers@1.0.2 OK for: call-bind@1.0.9 want: ^1.0.2
2133 silly placeDep ROOT es-define-property@1.0.1 OK for: call-bind@1.0.9 want: ^1.0.1
2134 silly placeDep ROOT set-function-length@1.2.2 OK for: call-bind@1.0.9 want: ^1.2.2
2135 silly fetch manifest define-data-property@^1.1.4
2136 silly packumentCache full:https://registry.npmjs.org/define-data-property cache-miss
2137 silly fetch manifest gopd@^1.0.1
2138 silly packumentCache full:https://registry.npmjs.org/gopd cache-miss
2139 http cache https://registry.npmjs.org/define-data-property 19ms (cache hit)
2140 silly packumentCache full:https://registry.npmjs.org/define-data-property set size:28048 disposed:false
2141 http cache https://registry.npmjs.org/gopd 20ms (cache hit)
2142 silly packumentCache full:https://registry.npmjs.org/gopd set size:11483 disposed:false
2143 silly placeDep ROOT function-bind@1.1.2 OK for: call-bind-apply-helpers@1.0.2 want: ^1.1.2
2144 silly placeDep ROOT define-data-property@1.1.4 OK for: define-properties@1.2.1 want: ^1.0.1
2145 silly placeDep ROOT has-property-descriptors@1.0.2 OK for: define-properties@1.2.1 want: ^1.0.0
2146 silly placeDep ROOT object-keys@1.1.1 OK for: define-properties@1.2.1 want: ^1.1.1
2147 silly placeDep ROOT gopd@1.2.0 OK for: define-data-property@1.1.4 want: ^1.0.1
2148 silly placeDep ROOT array-buffer-byte-length@1.0.2 OK for: es-abstract@1.24.2 want: ^1.0.2
2149 silly placeDep ROOT arraybuffer.prototype.slice@1.0.4 OK for: es-abstract@1.24.2 want: ^1.0.4
2150 silly placeDep ROOT available-typed-arrays@1.0.7 OK for: es-abstract@1.24.2 want: ^1.0.7
2151 silly placeDep ROOT data-view-buffer@1.0.2 OK for: es-abstract@1.24.2 want: ^1.0.2
2152 silly placeDep ROOT data-view-byte-length@1.0.2 OK for: es-abstract@1.24.2 want: ^1.0.2
2153 silly placeDep ROOT data-view-byte-offset@1.0.1 OK for: es-abstract@1.24.2 want: ^1.0.1
2154 silly placeDep ROOT es-set-tostringtag@2.1.0 OK for: es-abstract@1.24.2 want: ^2.1.0
2155 silly placeDep ROOT es-to-primitive@1.3.4 OK for: es-abstract@1.24.2 want: ^1.3.0
2156 silly placeDep ROOT function.prototype.name@1.2.0 OK for: es-abstract@1.24.2 want: ^1.1.8
2157 silly placeDep ROOT get-proto@1.0.1 OK for: es-abstract@1.24.2 want: ^1.0.1
2158 silly placeDep ROOT get-symbol-description@1.1.0 OK for: es-abstract@1.24.2 want: ^1.1.0
2159 silly placeDep ROOT globalthis@1.0.4 OK for: es-abstract@1.24.2 want: ^1.0.4
2160 silly placeDep ROOT has-proto@1.2.0 OK for: es-abstract@1.24.2 want: ^1.2.0
2161 silly placeDep ROOT has-symbols@1.1.0 OK for: es-abstract@1.24.2 want: ^1.1.0
2162 silly placeDep ROOT internal-slot@1.1.0 OK for: es-abstract@1.24.2 want: ^1.1.0
2163 silly placeDep ROOT is-array-buffer@3.0.5 OK for: es-abstract@1.24.2 want: ^3.0.5
2164 silly placeDep ROOT is-callable@1.2.7 OK for: es-abstract@1.24.2 want: ^1.2.7
2165 silly placeDep ROOT is-data-view@1.0.2 OK for: es-abstract@1.24.2 want: ^1.0.2
2166 silly placeDep ROOT is-negative-zero@2.0.3 OK for: es-abstract@1.24.2 want: ^2.0.3
2167 silly placeDep ROOT is-regex@1.2.1 OK for: es-abstract@1.24.2 want: ^1.2.1
2168 silly placeDep ROOT is-set@2.0.3 OK for: es-abstract@1.24.2 want: ^2.0.3
2169 silly placeDep ROOT is-shared-array-buffer@1.0.4 OK for: es-abstract@1.24.2 want: ^1.0.4
2170 silly placeDep ROOT is-typed-array@1.1.15 OK for: es-abstract@1.24.2 want: ^1.1.15
2171 silly placeDep ROOT is-weakref@1.1.1 OK for: es-abstract@1.24.2 want: ^1.1.1
2172 silly placeDep ROOT object-inspect@1.13.4 OK for: es-abstract@1.24.2 want: ^1.13.4
2173 silly placeDep ROOT object.assign@4.1.7 OK for: es-abstract@1.24.2 want: ^4.1.7
2174 silly placeDep ROOT own-keys@1.0.2 OK for: es-abstract@1.24.2 want: ^1.0.1
2175 silly placeDep ROOT regexp.prototype.flags@1.5.4 OK for: es-abstract@1.24.2 want: ^1.5.4
2176 silly placeDep ROOT safe-array-concat@1.1.4 OK for: es-abstract@1.24.2 want: ^1.1.3
2177 silly placeDep ROOT safe-push-apply@1.0.0 OK for: es-abstract@1.24.2 want: ^1.0.0
2178 silly placeDep ROOT safe-regex-test@1.1.0 OK for: es-abstract@1.24.2 want: ^1.1.0
2179 silly placeDep ROOT set-proto@1.0.0 OK for: es-abstract@1.24.2 want: ^1.0.0
2180 silly placeDep ROOT stop-iteration-iterator@1.1.0 OK for: es-abstract@1.24.2 want: ^1.1.0
2181 silly placeDep ROOT string.prototype.trim@1.2.11 OK for: es-abstract@1.24.2 want: ^1.2.10
2182 silly placeDep ROOT string.prototype.trimstart@1.0.8 OK for: es-abstract@1.24.2 want: ^1.0.8
2183 silly placeDep ROOT typed-array-buffer@1.0.3 OK for: es-abstract@1.24.2 want: ^1.0.3
2184 silly placeDep ROOT typed-array-byte-length@1.0.3 OK for: es-abstract@1.24.2 want: ^1.0.3
2185 silly placeDep ROOT typed-array-byte-offset@1.0.4 OK for: es-abstract@1.24.2 want: ^1.0.4
2186 silly placeDep ROOT typed-array-length@1.0.8 OK for: es-abstract@1.24.2 want: ^1.0.7
2187 silly placeDep ROOT unbox-primitive@1.1.0 OK for: es-abstract@1.24.2 want: ^1.1.0
2188 silly placeDep ROOT which-typed-array@1.1.22 OK for: es-abstract@1.24.2 want: ^1.1.19
2189 silly fetch manifest is-array-buffer@^3.0.4
2190 silly packumentCache full:https://registry.npmjs.org/is-array-buffer cache-miss
2191 silly fetch manifest possible-typed-array-names@^1.0.0
2192 silly packumentCache full:https://registry.npmjs.org/possible-typed-array-names cache-miss
2193 silly fetch manifest is-data-view@^1.0.1
2194 silly packumentCache full:https://registry.npmjs.org/is-data-view cache-miss
2195 silly fetch manifest is-symbol@^1.1.1
2196 silly packumentCache full:https://registry.npmjs.org/is-symbol cache-miss
2197 silly fetch manifest is-date-object@^1.1.0
2198 silly packumentCache full:https://registry.npmjs.org/is-date-object cache-miss
2199 silly fetch manifest es-abstract-get@^1.0.0
2200 silly packumentCache full:https://registry.npmjs.org/es-abstract-get cache-miss
2201 silly fetch manifest is-document.all@^1.0.0
2202 silly packumentCache full:https://registry.npmjs.org/is-document.all cache-miss
2203 silly fetch manifest functions-have-names@^1.2.3
2204 silly packumentCache full:https://registry.npmjs.org/functions-have-names cache-miss
2205 silly fetch manifest dunder-proto@^1.0.1
2206 silly packumentCache full:https://registry.npmjs.org/dunder-proto cache-miss
2207 silly fetch manifest dunder-proto@^1.0.0
2208 silly packumentCache full:https://registry.npmjs.org/dunder-proto cache-miss
2209 silly fetch manifest side-channel@^1.1.0
2210 silly packumentCache full:https://registry.npmjs.org/side-channel cache-miss
2211 silly fetch manifest is-typed-array@^1.1.13
2212 silly packumentCache full:https://registry.npmjs.org/is-typed-array cache-miss
2213 silly fetch manifest which-typed-array@^1.1.16
2214 silly packumentCache full:https://registry.npmjs.org/which-typed-array cache-miss
2215 silly fetch manifest set-function-name@^2.0.2
2216 silly packumentCache full:https://registry.npmjs.org/set-function-name cache-miss
2217 silly fetch manifest isarray@^2.0.5
2218 silly packumentCache full:https://registry.npmjs.org/isarray cache-miss
2219 http cache https://registry.npmjs.org/is-array-buffer 38ms (cache hit)
2220 silly packumentCache full:https://registry.npmjs.org/is-array-buffer set size:33562 disposed:false
2221 silly fetch manifest isarray@^2.0.5
2222 silly packumentCache full:https://registry.npmjs.org/isarray cache-miss
2223 http cache https://registry.npmjs.org/is-typed-array 37ms (cache hit)
2224 silly packumentCache full:https://registry.npmjs.org/is-typed-array set size:79965 disposed:false
2225 silly fetch manifest dunder-proto@^1.0.1
2226 silly packumentCache full:https://registry.npmjs.org/dunder-proto cache-miss
2227 http cache https://registry.npmjs.org/which-typed-array 40ms (cache hit)
2228 silly packumentCache full:https://registry.npmjs.org/which-typed-array set size:101551 disposed:false
2229 silly fetch manifest for-each@^0.3.3
2230 silly packumentCache full:https://registry.npmjs.org/for-each cache-miss
2231 http cache https://registry.npmjs.org/is-data-view 48ms (cache hit)
2232 silly packumentCache full:https://registry.npmjs.org/is-data-view set size:13756 disposed:false
2233 silly fetch manifest for-each@^0.3.3
2234 silly packumentCache full:https://registry.npmjs.org/for-each cache-miss
2235 http fetch GET 200 https://registry.npmjs.org/dunder-proto 160ms (cache miss)
2236 silly packumentCache full:https://registry.npmjs.org/dunder-proto set size:undefined disposed:false
2237 silly fetch manifest reflect.getprototypeof@^1.0.9
2238 silly packumentCache full:https://registry.npmjs.org/reflect.getprototypeof cache-miss
2239 http fetch GET 200 https://registry.npmjs.org/es-abstract-get 163ms (cache miss)
2240 silly packumentCache full:https://registry.npmjs.org/es-abstract-get set size:undefined disposed:false
2241 silly fetch manifest for-each@^0.3.5
2242 silly packumentCache full:https://registry.npmjs.org/for-each cache-miss
2243 http fetch GET 200 https://registry.npmjs.org/possible-typed-array-names 166ms (cache miss)
2244 silly packumentCache full:https://registry.npmjs.org/possible-typed-array-names set size:undefined disposed:false
2245 silly fetch manifest possible-typed-array-names@^1.1.0
2246 silly packumentCache full:https://registry.npmjs.org/possible-typed-array-names cache-miss
2247 http fetch GET 200 https://registry.npmjs.org/is-date-object 181ms (cache miss)
2248 silly packumentCache full:https://registry.npmjs.org/is-date-object set size:undefined disposed:false
2249 silly fetch manifest reflect.getprototypeof@^1.0.10
2250 silly packumentCache full:https://registry.npmjs.org/reflect.getprototypeof cache-miss
2251 http fetch GET 200 https://registry.npmjs.org/is-document.all 186ms (cache miss)
2252 silly packumentCache full:https://registry.npmjs.org/is-document.all set size:undefined disposed:false
2253 silly fetch manifest has-bigints@^1.0.2
2254 silly packumentCache full:https://registry.npmjs.org/has-bigints cache-miss
2255 http fetch GET 200 https://registry.npmjs.org/dunder-proto 190ms (cache miss)
2256 silly packumentCache full:https://registry.npmjs.org/dunder-proto set size:undefined disposed:false
2257 silly fetch manifest which-boxed-primitive@^1.1.1
2258 silly packumentCache full:https://registry.npmjs.org/which-boxed-primitive cache-miss
2259 http fetch GET 200 https://registry.npmjs.org/side-channel 198ms (cache miss)
2260 silly packumentCache full:https://registry.npmjs.org/side-channel set size:undefined disposed:false
2261 silly fetch manifest for-each@^0.3.5
2262 silly packumentCache full:https://registry.npmjs.org/for-each cache-miss
2263 http fetch GET 200 https://registry.npmjs.org/isarray 197ms (cache miss)
2264 silly packumentCache full:https://registry.npmjs.org/isarray set size:undefined disposed:false
2265 http fetch GET 200 https://registry.npmjs.org/functions-have-names 205ms (cache miss)
2266 silly packumentCache full:https://registry.npmjs.org/functions-have-names set size:undefined disposed:false
2267 http fetch GET 200 https://registry.npmjs.org/is-symbol 215ms (cache miss)
2268 silly packumentCache full:https://registry.npmjs.org/is-symbol set size:undefined disposed:false
2269 http fetch GET 200 https://registry.npmjs.org/set-function-name 211ms (cache miss)
2270 silly packumentCache full:https://registry.npmjs.org/set-function-name set size:undefined disposed:false
2271 http fetch GET 200 https://registry.npmjs.org/isarray 185ms (cache miss)
2272 silly packumentCache full:https://registry.npmjs.org/isarray set size:undefined disposed:false
2273 http fetch GET 200 https://registry.npmjs.org/dunder-proto 182ms (cache miss)
2274 silly packumentCache full:https://registry.npmjs.org/dunder-proto set size:undefined disposed:false
2275 http fetch GET 200 https://registry.npmjs.org/for-each 185ms (cache miss)
2276 silly packumentCache full:https://registry.npmjs.org/for-each set size:undefined disposed:false
2277 http cache https://registry.npmjs.org/possible-typed-array-names 71ms (cache hit)
2278 silly packumentCache full:https://registry.npmjs.org/possible-typed-array-names set size:9167 disposed:false
2279 http fetch GET 200 https://registry.npmjs.org/for-each 205ms (cache miss)
2280 silly packumentCache full:https://registry.npmjs.org/for-each set size:undefined disposed:false
2281 http fetch GET 200 https://registry.npmjs.org/for-each 157ms (cache miss)
2282 silly packumentCache full:https://registry.npmjs.org/for-each set size:undefined disposed:false
2283 http fetch GET 200 https://registry.npmjs.org/reflect.getprototypeof 165ms (cache miss)
2284 silly packumentCache full:https://registry.npmjs.org/reflect.getprototypeof set size:undefined disposed:false
2285 http fetch GET 200 https://registry.npmjs.org/has-bigints 146ms (cache miss)
2286 silly packumentCache full:https://registry.npmjs.org/has-bigints set size:undefined disposed:false
2287 http fetch GET 200 https://registry.npmjs.org/reflect.getprototypeof 166ms (cache miss)
2288 silly packumentCache full:https://registry.npmjs.org/reflect.getprototypeof set size:undefined disposed:false
2289 http fetch GET 200 https://registry.npmjs.org/for-each 154ms (cache miss)
2290 silly packumentCache full:https://registry.npmjs.org/for-each set size:undefined disposed:false
2291 http fetch GET 200 https://registry.npmjs.org/which-boxed-primitive 163ms (cache miss)
2292 silly packumentCache full:https://registry.npmjs.org/which-boxed-primitive set size:undefined disposed:false
2293 silly placeDep ROOT possible-typed-array-names@1.1.0 OK for: available-typed-arrays@1.0.7 want: ^1.0.0
2294 silly placeDep ROOT has-tostringtag@1.0.2 OK for: es-set-tostringtag@2.1.0 want: ^1.0.2
2295 silly placeDep ROOT es-abstract-get@1.0.0 OK for: es-to-primitive@1.3.4 want: ^1.0.0
2296 silly placeDep ROOT is-date-object@1.1.0 OK for: es-to-primitive@1.3.4 want: ^1.1.0
2297 silly placeDep ROOT is-symbol@1.1.1 OK for: es-to-primitive@1.3.4 want: ^1.1.1
2298 silly placeDep node_modules/eslint-module-utils debug@3.2.7 OK for: eslint-module-utils@2.14.0 want: ^3.2.7
2299 silly placeDep ROOT aria-query@5.3.2 OK for: eslint-plugin-jsx-a11y@6.10.2 want: ^5.3.2
2300 silly placeDep ROOT ast-types-flow@0.0.8 OK for: eslint-plugin-jsx-a11y@6.10.2 want: ^0.0.8
2301 silly placeDep ROOT axe-core@4.13.0 OK for: eslint-plugin-jsx-a11y@6.10.2 want: ^4.10.0
2302 silly placeDep ROOT axobject-query@4.1.0 OK for: eslint-plugin-jsx-a11y@6.10.2 want: ^4.1.0
2303 silly placeDep ROOT damerau-levenshtein@1.0.8 OK for: eslint-plugin-jsx-a11y@6.10.2 want: ^1.0.8
2304 silly placeDep ROOT emoji-regex@9.2.2 OK for: eslint-plugin-jsx-a11y@6.10.2 want: ^9.2.2
2305 silly placeDep ROOT jsx-ast-utils@3.3.5 OK for: eslint-plugin-jsx-a11y@6.10.2 want: ^3.3.5
2306 silly placeDep ROOT language-tags@1.0.9 OK for: eslint-plugin-jsx-a11y@6.10.2 want: ^1.0.9
2307 silly placeDep ROOT string.prototype.includes@2.0.1 OK for: eslint-plugin-jsx-a11y@6.10.2 want: ^2.0.1
2308 silly fetch manifest language-subtag-registry@^0.3.20
2309 silly packumentCache full:https://registry.npmjs.org/language-subtag-registry cache-miss
2310 http fetch GET 200 https://registry.npmjs.org/language-subtag-registry 142ms (cache miss)
2311 silly packumentCache full:https://registry.npmjs.org/language-subtag-registry set size:undefined disposed:false
2312 silly placeDep ROOT array.prototype.findlast@1.2.5 OK for: eslint-plugin-react@7.37.5 want: ^1.2.5
2313 silly placeDep ROOT array.prototype.tosorted@1.1.4 OK for: eslint-plugin-react@7.37.5 want: ^1.1.4
2314 silly placeDep ROOT es-iterator-helpers@1.4.0 OK for: eslint-plugin-react@7.37.5 want: ^1.2.1
2315 silly placeDep ROOT estraverse@5.3.0 OK for: eslint-plugin-react@7.37.5 want: ^5.3.0
2316 silly placeDep ROOT object.entries@1.1.9 OK for: eslint-plugin-react@7.37.5 want: ^1.1.9
2317 silly placeDep ROOT prop-types@15.8.1 OK for: eslint-plugin-react@7.37.5 want: ^15.8.1
2318 silly placeDep ROOT string.prototype.matchall@4.0.12 OK for: eslint-plugin-react@7.37.5 want: ^4.0.12
2319 silly placeDep ROOT string.prototype.repeat@1.0.0 OK for: eslint-plugin-react@7.37.5 want: ^1.0.0
2320 silly fetch manifest iterator.prototype@^1.1.5
2321 silly packumentCache full:https://registry.npmjs.org/iterator.prototype cache-miss
2322 silly fetch manifest loose-envify@^1.4.0
2323 silly packumentCache full:https://registry.npmjs.org/loose-envify cache-miss
2324 silly fetch manifest object-assign@^4.1.1
2325 silly packumentCache full:https://registry.npmjs.org/object-assign cache-miss
2326 silly fetch manifest react-is@^16.13.1
2327 silly packumentCache full:https://registry.npmjs.org/react-is cache-miss
2328 http cache https://registry.npmjs.org/react-is 28ms (cache hit)
2329 silly packumentCache full:https://registry.npmjs.org/react-is set size:5573815 disposed:false
2330 http fetch GET 200 https://registry.npmjs.org/iterator.prototype 142ms (cache miss)
2331 silly packumentCache full:https://registry.npmjs.org/iterator.prototype set size:undefined disposed:false
2332 http fetch GET 200 https://registry.npmjs.org/loose-envify 145ms (cache miss)
2333 silly packumentCache full:https://registry.npmjs.org/loose-envify set size:undefined disposed:false
2334 http fetch GET 200 https://registry.npmjs.org/object-assign 151ms (cache miss)
2335 silly packumentCache full:https://registry.npmjs.org/object-assign set size:undefined disposed:false
2336 silly placeDep ROOT iterator.prototype@1.1.5 OK for: es-iterator-helpers@1.4.0 want: ^1.1.5
2337 silly placeDep ROOT @babel/core@7.29.7 OK for: eslint-plugin-react-hooks@7.1.1 want: ^7.24.4
2338 silly placeDep ROOT @babel/parser@7.29.8 OK for: eslint-plugin-react-hooks@7.1.1 want: ^7.24.4
2339 silly placeDep ROOT hermes-parser@0.25.1 OK for: eslint-plugin-react-hooks@7.1.1 want: ^0.25.1
2340 silly placeDep ROOT zod@4.4.3 OK for: eslint-plugin-react-hooks@7.1.1 want: ^3.25.0 || ^4.0.0
2341 silly placeDep ROOT zod-validation-error@4.0.2 OK for: eslint-plugin-react-hooks@7.1.1 want: ^3.5.0 || ^4.0.0
2342 silly fetch manifest json5@^2.2.3
2343 silly packumentCache full:https://registry.npmjs.org/json5 cache-miss
2344 silly fetch manifest gensync@^1.0.0-beta.2
2345 silly packumentCache full:https://registry.npmjs.org/gensync cache-miss
2346 silly fetch manifest @babel/parser@^7.29.7
2347 silly packumentCache full:https://registry.npmjs.org/@babel%2fparser cache-miss
2348 silly fetch manifest @babel/helpers@^7.29.7
2349 silly packumentCache full:https://registry.npmjs.org/@babel%2fhelpers cache-miss
2350 silly fetch manifest @babel/template@^7.29.7
2351 silly packumentCache full:https://registry.npmjs.org/@babel%2ftemplate cache-miss
2352 silly fetch manifest @babel/traverse@^7.29.7
2353 silly packumentCache full:https://registry.npmjs.org/@babel%2ftraverse cache-miss
2354 silly fetch manifest @babel/generator@^7.29.7
2355 silly packumentCache full:https://registry.npmjs.org/@babel%2fgenerator cache-miss
2356 silly fetch manifest @babel/code-frame@^7.29.7
2357 silly packumentCache full:https://registry.npmjs.org/@babel%2fcode-frame cache-miss
2358 silly fetch manifest convert-source-map@^2.0.0
2359 silly packumentCache full:https://registry.npmjs.org/convert-source-map cache-miss
2360 silly fetch manifest @babel/helper-module-transforms@^7.29.7
2361 silly packumentCache full:https://registry.npmjs.org/@babel%2fhelper-module-transforms cache-miss
2362 silly fetch manifest @babel/helper-compilation-targets@^7.29.7
2363 silly packumentCache full:https://registry.npmjs.org/@babel%2fhelper-compilation-targets cache-miss
2364 silly fetch manifest hermes-estree@0.25.1
2365 silly packumentCache full:https://registry.npmjs.org/hermes-estree cache-miss
2366 http cache https://registry.npmjs.org/json5 32ms (cache hit)
2367 silly packumentCache full:https://registry.npmjs.org/json5 set size:86136 disposed:false
2368 http cache https://registry.npmjs.org/@babel%2fparser 36ms (cache hit)
2369 silly packumentCache full:https://registry.npmjs.org/@babel%2fparser set size:737961 disposed:false
2370 http fetch GET 200 https://registry.npmjs.org/gensync 155ms (cache miss)
2371 silly packumentCache full:https://registry.npmjs.org/gensync set size:undefined disposed:false
2372 http fetch GET 200 https://registry.npmjs.org/@babel%2ftemplate 156ms (cache miss)
2373 silly packumentCache full:https://registry.npmjs.org/@babel%2ftemplate set size:undefined disposed:false
2374 http fetch GET 200 https://registry.npmjs.org/convert-source-map 161ms (cache miss)
2375 silly packumentCache full:https://registry.npmjs.org/convert-source-map set size:undefined disposed:false
2376 http fetch GET 200 https://registry.npmjs.org/@babel%2fhelpers 197ms (cache miss)
2377 silly packumentCache full:https://registry.npmjs.org/@babel%2fhelpers set size:undefined disposed:false
2378 http fetch GET 200 https://registry.npmjs.org/hermes-estree 199ms (cache miss)
2379 silly packumentCache full:https://registry.npmjs.org/hermes-estree set size:undefined disposed:false
2380 http fetch GET 200 https://registry.npmjs.org/@babel%2fhelper-compilation-targets 205ms (cache miss)
2381 silly packumentCache full:https://registry.npmjs.org/@babel%2fhelper-compilation-targets set size:undefined disposed:false
2382 http fetch GET 200 https://registry.npmjs.org/@babel%2fhelper-module-transforms 209ms (cache miss)
2383 silly packumentCache full:https://registry.npmjs.org/@babel%2fhelper-module-transforms set size:undefined disposed:false
2384 http fetch GET 200 https://registry.npmjs.org/@babel%2ftraverse 217ms (cache miss)
2385 silly packumentCache full:https://registry.npmjs.org/@babel%2ftraverse set size:undefined disposed:false
2386 http fetch GET 200 https://registry.npmjs.org/@babel%2fgenerator 226ms (cache miss)
2387 silly packumentCache full:https://registry.npmjs.org/@babel%2fgenerator set size:undefined disposed:false
2388 http fetch GET 200 https://registry.npmjs.org/@babel%2fcode-frame 231ms (cache miss)
2389 silly packumentCache full:https://registry.npmjs.org/@babel%2fcode-frame set size:undefined disposed:false
2390 silly fetch manifest @babel/core@^7.0.0
2391 silly packumentCache full:https://registry.npmjs.org/@babel%2fcore cache-miss
2392 http cache https://registry.npmjs.org/@babel%2fcore 17ms (cache hit)
2393 silly packumentCache full:https://registry.npmjs.org/@babel%2fcore set size:788273 disposed:false
2394 silly placeDep ROOT @babel/code-frame@7.29.7 OK for: @babel/core@7.29.7 want: ^7.29.7
2395 silly placeDep ROOT @babel/generator@7.29.8 OK for: @babel/core@7.29.7 want: ^7.29.7
2396 silly placeDep ROOT @babel/helper-compilation-targets@7.29.7 OK for: @babel/core@7.29.7 want: ^7.29.7
2397 silly placeDep ROOT @babel/helper-module-transforms@7.29.7 OK for: @babel/core@7.29.7 want: ^7.29.7
2398 silly placeDep ROOT @babel/helpers@7.29.7 OK for: @babel/core@7.29.7 want: ^7.29.7
2399 silly placeDep ROOT @babel/template@7.29.7 OK for: @babel/core@7.29.7 want: ^7.29.7
2400 silly placeDep ROOT @babel/traverse@7.29.8 OK for: @babel/core@7.29.7 want: ^7.29.7
2401 silly placeDep ROOT convert-source-map@2.0.0 OK for: @babel/core@7.29.7 want: ^2.0.0
2402 silly placeDep ROOT gensync@1.0.0-beta.2 OK for: @babel/core@7.29.7 want: ^1.0.0-beta.2
2403 silly placeDep ROOT json5@2.2.3 OK for: @babel/core@7.29.7 want: ^2.2.3
2404 silly fetch manifest js-tokens@^4.0.0
2405 silly packumentCache full:https://registry.npmjs.org/js-tokens cache-miss
2406 silly fetch manifest jsesc@^3.0.2
2407 silly packumentCache full:https://registry.npmjs.org/jsesc cache-miss
2408 silly fetch manifest lru-cache@^5.1.1
2409 silly packumentCache full:https://registry.npmjs.org/lru-cache cache-miss
2410 silly fetch manifest browserslist@^4.24.0
2411 silly packumentCache full:https://registry.npmjs.org/browserslist cache-miss
2412 silly fetch manifest @babel/compat-data@^7.29.7
2413 silly packumentCache full:https://registry.npmjs.org/@babel%2fcompat-data cache-miss
2414 silly fetch manifest @babel/helper-validator-option@^7.29.7
2415 silly packumentCache full:https://registry.npmjs.org/@babel%2fhelper-validator-option cache-miss
2416 silly fetch manifest @babel/helper-module-imports@^7.29.7
2417 silly packumentCache full:https://registry.npmjs.org/@babel%2fhelper-module-imports cache-miss
2418 silly fetch manifest @babel/helper-globals@^7.29.7
2419 silly packumentCache full:https://registry.npmjs.org/@babel%2fhelper-globals cache-miss
2420 http fetch GET 200 https://registry.npmjs.org/js-tokens 144ms (cache miss)
2421 silly packumentCache full:https://registry.npmjs.org/js-tokens set size:undefined disposed:false
2422 http fetch GET 200 https://registry.npmjs.org/@babel%2fhelper-globals 153ms (cache miss)
2423 silly packumentCache full:https://registry.npmjs.org/@babel%2fhelper-globals set size:undefined disposed:false
2424 http fetch GET 200 https://registry.npmjs.org/jsesc 180ms (cache miss)
2425 silly packumentCache full:https://registry.npmjs.org/jsesc set size:undefined disposed:false
2426 http fetch GET 200 https://registry.npmjs.org/@babel%2fhelper-module-imports 182ms (cache miss)
2427 silly packumentCache full:https://registry.npmjs.org/@babel%2fhelper-module-imports set size:undefined disposed:false
2428 http fetch GET 200 https://registry.npmjs.org/@babel%2fhelper-validator-option 190ms (cache miss)
2429 silly packumentCache full:https://registry.npmjs.org/@babel%2fhelper-validator-option set size:undefined disposed:false
2430 http fetch GET 200 https://registry.npmjs.org/@babel%2fcompat-data 193ms (cache miss)
2431 silly packumentCache full:https://registry.npmjs.org/@babel%2fcompat-data set size:undefined disposed:false
2432 http fetch GET 200 https://registry.npmjs.org/lru-cache 203ms (cache miss)
2433 silly packumentCache full:https://registry.npmjs.org/lru-cache set size:undefined disposed:false
2434 http fetch GET 200 https://registry.npmjs.org/browserslist 215ms (cache miss)
2435 silly packumentCache full:https://registry.npmjs.org/browserslist set size:undefined disposed:false
2436 silly placeDep ROOT js-tokens@4.0.0 OK for: @babel/code-frame@7.29.7 want: ^4.0.0
2437 silly placeDep ROOT picocolors@1.1.1 OK for: @babel/code-frame@7.29.7 want: ^1.1.1
2438 silly placeDep ROOT jsesc@3.1.0 OK for: @babel/generator@7.29.8 want: ^3.0.2
2439 silly placeDep ROOT @babel/compat-data@7.29.7 OK for: @babel/helper-compilation-targets@7.29.7 want: ^7.29.7
2440 silly placeDep ROOT @babel/helper-validator-option@7.29.7 OK for: @babel/helper-compilation-targets@7.29.7 want: ^7.29.7
2441 silly placeDep ROOT browserslist@4.28.8 OK for: @babel/helper-compilation-targets@7.29.7 want: ^4.24.0
2442 silly placeDep ROOT lru-cache@5.1.1 OK for: @babel/helper-compilation-targets@7.29.7 want: ^5.1.1
2443 silly fetch manifest caniuse-lite@^1.0.30001809
2444 silly packumentCache full:https://registry.npmjs.org/caniuse-lite cache-miss
2445 silly fetch manifest node-releases@^2.0.53
2446 silly packumentCache full:https://registry.npmjs.org/node-releases cache-miss
2447 silly fetch manifest electron-to-chromium@^1.5.402
2448 silly packumentCache full:https://registry.npmjs.org/electron-to-chromium cache-miss
2449 silly fetch manifest update-browserslist-db@^1.3.0
2450 silly packumentCache full:https://registry.npmjs.org/update-browserslist-db cache-miss
2451 silly fetch manifest yallist@^3.0.2
2452 silly packumentCache full:https://registry.npmjs.org/yallist cache-miss
2453 http cache https://registry.npmjs.org/caniuse-lite 21ms (cache hit)
2454 silly packumentCache full:https://registry.npmjs.org/caniuse-lite set size:2311190 disposed:false
2455 http fetch GET 200 https://registry.npmjs.org/node-releases 132ms (cache miss)
2456 silly packumentCache full:https://registry.npmjs.org/node-releases set size:undefined disposed:false
2457 http fetch GET 200 https://registry.npmjs.org/yallist 134ms (cache miss)
2458 silly packumentCache full:https://registry.npmjs.org/yallist set size:undefined disposed:false
2459 http fetch GET 200 https://registry.npmjs.org/update-browserslist-db 136ms (cache miss)
2460 silly packumentCache full:https://registry.npmjs.org/update-browserslist-db set size:undefined disposed:false
2461 http fetch GET 200 https://registry.npmjs.org/electron-to-chromium 883ms (cache miss)
2462 silly packumentCache full:https://registry.npmjs.org/electron-to-chromium set size:undefined disposed:false
2463 silly placeDep ROOT @babel/helper-module-imports@7.29.7 OK for: @babel/helper-module-transforms@7.29.7 want: ^7.29.7
2464 silly placeDep ROOT @babel/helper-globals@7.29.7 OK for: @babel/traverse@7.29.8 want: ^7.29.7
2465 silly fetch manifest browserslist@>= 4.21.0
2466 silly packumentCache full:https://registry.npmjs.org/browserslist cache-miss
2467 http cache https://registry.npmjs.org/browserslist 22ms (cache hit)
2468 silly packumentCache full:https://registry.npmjs.org/browserslist set size:518659 disposed:false
2469 silly placeDep ROOT caniuse-lite@1.0.30001809 OK for: browserslist@4.28.8 want: ^1.0.30001809
2470 silly placeDep ROOT electron-to-chromium@1.5.405 OK for: browserslist@4.28.8 want: ^1.5.402
2471 silly placeDep ROOT node-releases@2.0.53 OK for: browserslist@4.28.8 want: ^2.0.53
2472 silly placeDep ROOT update-browserslist-db@1.3.1 OK for: browserslist@4.28.8 want: ^1.3.0
2473 silly fetch manifest escalade@^3.2.0
2474 silly packumentCache full:https://registry.npmjs.org/escalade cache-miss
2475 http fetch GET 200 https://registry.npmjs.org/escalade 141ms (cache miss)
2476 silly packumentCache full:https://registry.npmjs.org/escalade set size:undefined disposed:false
2477 silly placeDep ROOT esrecurse@4.3.0 OK for: eslint-scope@8.4.0 want: ^4.3.0
2478 silly placeDep ROOT acorn@8.18.0 OK for: espree@10.4.0 want: ^8.15.0
2479 silly placeDep ROOT acorn-jsx@5.3.2 OK for: espree@10.4.0 want: ^5.3.2
2480 silly placeDep ROOT @nodelib/fs.stat@2.0.5 OK for: fast-glob@3.3.1 want: ^2.0.2
2481 silly placeDep ROOT @nodelib/fs.walk@1.2.8 OK for: fast-glob@3.3.1 want: ^1.2.3
2482 silly placeDep node_modules/fast-glob glob-parent@5.1.2 OK for: fast-glob@3.3.1 want: ^5.1.2
2483 silly placeDep ROOT merge2@1.4.1 OK for: fast-glob@3.3.1 want: ^1.3.0
2484 silly placeDep ROOT micromatch@4.0.8 OK for: fast-glob@3.3.1 want: ^4.0.4
2485 silly fetch manifest fastq@^1.6.0
2486 silly packumentCache full:https://registry.npmjs.org/fastq cache-miss
2487 silly fetch manifest @nodelib/fs.scandir@2.1.5
2488 silly packumentCache full:https://registry.npmjs.org/@nodelib%2ffs.scandir cache-miss
2489 silly fetch manifest braces@^3.0.3
2490 silly packumentCache full:https://registry.npmjs.org/braces cache-miss
2491 silly fetch manifest picomatch@^2.3.1
2492 silly packumentCache full:https://registry.npmjs.org/picomatch cache-miss
2493 http cache https://registry.npmjs.org/picomatch 23ms (cache hit)
2494 silly packumentCache full:https://registry.npmjs.org/picomatch set size:128942 disposed:false
2495 http fetch GET 200 https://registry.npmjs.org/@nodelib%2ffs.scandir 138ms (cache miss)
2496 silly packumentCache full:https://registry.npmjs.org/@nodelib%2ffs.scandir set size:undefined disposed:false
2497 http fetch GET 200 https://registry.npmjs.org/braces 144ms (cache miss)
2498 silly packumentCache full:https://registry.npmjs.org/braces set size:undefined disposed:false
2499 http fetch GET 200 https://registry.npmjs.org/fastq 162ms (cache miss)
2500 silly packumentCache full:https://registry.npmjs.org/fastq set size:undefined disposed:false
2501 silly placeDep ROOT @nodelib/fs.scandir@2.1.5 OK for: @nodelib/fs.walk@1.2.8 want: 2.1.5
2502 silly placeDep ROOT fastq@1.20.1 OK for: @nodelib/fs.walk@1.2.8 want: ^1.6.0
2503 silly fetch manifest run-parallel@^1.1.9
2504 silly packumentCache full:https://registry.npmjs.org/run-parallel cache-miss
2505 silly fetch manifest reusify@^1.0.4
2506 silly packumentCache full:https://registry.npmjs.org/reusify cache-miss
2507 http fetch GET 200 https://registry.npmjs.org/run-parallel 123ms (cache miss)
2508 silly packumentCache full:https://registry.npmjs.org/run-parallel set size:undefined disposed:false
2509 http fetch GET 200 https://registry.npmjs.org/reusify 126ms (cache miss)
2510 silly packumentCache full:https://registry.npmjs.org/reusify set size:undefined disposed:false
2511 silly placeDep ROOT run-parallel@1.2.0 OK for: @nodelib/fs.scandir@2.1.5 want: ^1.1.9
2512 silly fetch manifest queue-microtask@^1.2.2
2513 silly packumentCache full:https://registry.npmjs.org/queue-microtask cache-miss
2514 http fetch GET 200 https://registry.npmjs.org/queue-microtask 132ms (cache miss)
2515 silly packumentCache full:https://registry.npmjs.org/queue-microtask set size:undefined disposed:false
2516 silly placeDep ROOT reusify@1.1.0 OK for: fastq@1.20.1 want: ^1.0.4
2517 silly placeDep ROOT flat-cache@4.0.1 OK for: file-entry-cache@8.0.0 want: ^4.0.0
2518 silly fetch manifest keyv@^4.5.4
2519 silly packumentCache full:https://registry.npmjs.org/keyv cache-miss
2520 silly fetch manifest flatted@^3.2.9
2521 silly packumentCache full:https://registry.npmjs.org/flatted cache-miss
2522 http fetch GET 200 https://registry.npmjs.org/keyv 136ms (cache miss)
2523 silly packumentCache full:https://registry.npmjs.org/keyv set size:undefined disposed:false
2524 http fetch GET 200 https://registry.npmjs.org/flatted 141ms (cache miss)
2525 silly packumentCache full:https://registry.npmjs.org/flatted set size:undefined disposed:false
2526 silly placeDep ROOT locate-path@6.0.0 OK for: find-up@5.0.0 want: ^6.0.0
2527 silly placeDep ROOT path-exists@4.0.0 OK for: find-up@5.0.0 want: ^4.0.0
2528 silly fetch manifest p-locate@^5.0.0
2529 silly packumentCache full:https://registry.npmjs.org/p-locate cache-miss
2530 http fetch GET 200 https://registry.npmjs.org/p-locate 132ms (cache miss)
2531 silly packumentCache full:https://registry.npmjs.org/p-locate set size:undefined disposed:false
2532 silly placeDep ROOT flatted@3.4.4 OK for: flat-cache@4.0.1 want: ^3.2.9
2533 silly placeDep ROOT keyv@4.5.4 OK for: flat-cache@4.0.1 want: ^4.5.4
2534 silly fetch manifest json-buffer@3.0.1
2535 silly packumentCache full:https://registry.npmjs.org/json-buffer cache-miss
2536 http fetch GET 200 https://registry.npmjs.org/json-buffer 138ms (cache miss)
2537 silly packumentCache full:https://registry.npmjs.org/json-buffer set size:undefined disposed:false
2538 silly placeDep ROOT motion-dom@12.43.0 OK for: framer-motion@12.43.0 want: ^12.43.0
2539 silly placeDep ROOT motion-utils@12.39.0 OK for: framer-motion@12.43.0 want: ^12.39.0
2540 silly placeDep ROOT functions-have-names@1.2.3 OK for: function.prototype.name@1.2.0 want: ^1.2.3
2541 silly placeDep ROOT is-document.all@1.0.0 OK for: function.prototype.name@1.2.0 want: ^1.0.0
2542 silly placeDep ROOT dunder-proto@1.0.1 OK for: get-proto@1.0.1 want: ^1.0.1
2543 silly placeDep ROOT resolve-pkg-maps@1.0.0 OK for: get-tsconfig@4.14.2 want: ^1.0.0
2544 silly placeDep ROOT hermes-estree@0.25.1 OK for: hermes-parser@0.25.1 want: 0.25.1
2545 silly placeDep ROOT parent-module@1.0.1 OK for: import-fresh@3.3.1 want: ^1.0.0
2546 silly placeDep ROOT resolve-from@4.0.0 OK for: import-fresh@3.3.1 want: ^4.0.0
2547 silly fetch manifest callsites@^3.0.0
2548 silly packumentCache full:https://registry.npmjs.org/callsites cache-miss
2549 http fetch GET 200 https://registry.npmjs.org/callsites 132ms (cache miss)
2550 silly packumentCache full:https://registry.npmjs.org/callsites set size:undefined disposed:false
2551 silly placeDep ROOT side-channel@1.1.1 OK for: internal-slot@1.1.0 want: ^1.1.0
2552 silly fetch manifest side-channel-list@^1.0.1
2553 silly packumentCache full:https://registry.npmjs.org/side-channel-list cache-miss
2554 silly fetch manifest side-channel-map@^1.0.1
2555 silly packumentCache full:https://registry.npmjs.org/side-channel-map cache-miss
2556 silly fetch manifest side-channel-weakmap@^1.0.2
2557 silly packumentCache full:https://registry.npmjs.org/side-channel-weakmap cache-miss
2558 http fetch GET 200 https://registry.npmjs.org/side-channel-map 118ms (cache miss)
2559 silly packumentCache full:https://registry.npmjs.org/side-channel-map set size:undefined disposed:false
2560 http fetch GET 200 https://registry.npmjs.org/side-channel-list 123ms (cache miss)
2561 silly packumentCache full:https://registry.npmjs.org/side-channel-list set size:undefined disposed:false
2562 http fetch GET 200 https://registry.npmjs.org/side-channel-weakmap 124ms (cache miss)
2563 silly packumentCache full:https://registry.npmjs.org/side-channel-weakmap set size:undefined disposed:false
2564 silly placeDep node_modules/is-bun-module semver@7.8.5 OK for: is-bun-module@2.0.0 want: ^7.7.1
2565 silly placeDep ROOT is-extglob@2.1.1 OK for: is-glob@4.0.3 want: ^2.1.1
2566 silly placeDep ROOT set-function-name@2.0.2 OK for: iterator.prototype@1.1.5 want: ^2.0.2
2567 silly placeDep ROOT argparse@2.0.1 OK for: js-yaml@4.3.1 want: ^2.0.1
2568 silly placeDep ROOT json-buffer@3.0.1 OK for: keyv@4.5.4 want: 3.0.1
2569 silly placeDep ROOT language-subtag-registry@0.3.23 OK for: language-tags@1.0.9 want: ^0.3.20
2570 silly placeDep ROOT prelude-ls@1.2.1 OK for: levn@0.4.1 want: ^1.2.1
2571 silly placeDep ROOT type-check@0.4.0 OK for: levn@0.4.1 want: ~0.4.0
2572 silly placeDep ROOT detect-libc@2.1.2 OK for: lightningcss@1.32.0 want: ^2.0.3
2573 silly placeDep ROOT lightningcss-android-arm64@1.32.0 OK for: lightningcss@1.32.0 want: 1.32.0
2574 silly placeDep ROOT lightningcss-darwin-arm64@1.32.0 OK for: lightningcss@1.32.0 want: 1.32.0
2575 silly placeDep ROOT lightningcss-darwin-x64@1.32.0 OK for: lightningcss@1.32.0 want: 1.32.0
2576 silly placeDep ROOT lightningcss-freebsd-x64@1.32.0 OK for: lightningcss@1.32.0 want: 1.32.0
2577 silly placeDep ROOT lightningcss-linux-arm-gnueabihf@1.32.0 OK for: lightningcss@1.32.0 want: 1.32.0
2578 silly placeDep ROOT lightningcss-linux-arm64-gnu@1.32.0 OK for: lightningcss@1.32.0 want: 1.32.0
2579 silly placeDep ROOT lightningcss-linux-arm64-musl@1.32.0 OK for: lightningcss@1.32.0 want: 1.32.0
2580 silly placeDep ROOT lightningcss-linux-x64-gnu@1.32.0 OK for: lightningcss@1.32.0 want: 1.32.0
2581 silly placeDep ROOT lightningcss-linux-x64-musl@1.32.0 OK for: lightningcss@1.32.0 want: 1.32.0
2582 silly placeDep ROOT lightningcss-win32-arm64-msvc@1.32.0 OK for: lightningcss@1.32.0 want: 1.32.0
2583 silly placeDep ROOT lightningcss-win32-x64-msvc@1.32.0 OK for: lightningcss@1.32.0 want: 1.32.0
2584 silly placeDep ROOT p-locate@5.0.0 OK for: locate-path@6.0.0 want: ^5.0.0
2585 silly fetch manifest p-limit@^3.0.2
2586 silly packumentCache full:https://registry.npmjs.org/p-limit cache-miss
2587 http fetch GET 200 https://registry.npmjs.org/p-limit 132ms (cache miss)
2588 silly packumentCache full:https://registry.npmjs.org/p-limit set size:undefined disposed:false
2589 silly placeDep ROOT yallist@3.1.1 OK for: lru-cache@5.1.1 want: ^3.0.2
2590 silly placeDep ROOT braces@3.0.3 OK for: micromatch@4.0.8 want: ^3.0.3
2591 silly placeDep ROOT picomatch@2.3.2 OK for: micromatch@4.0.8 want: ^2.3.1
2592 silly fetch manifest fill-range@^7.1.1
2593 silly packumentCache full:https://registry.npmjs.org/fill-range cache-miss
2594 http fetch GET 200 https://registry.npmjs.org/fill-range 145ms (cache miss)
2595 silly packumentCache full:https://registry.npmjs.org/fill-range set size:undefined disposed:false
2596 silly placeDep ROOT fill-range@7.1.1 OK for: braces@3.0.3 want: ^7.1.1
2597 silly fetch manifest to-regex-range@^5.0.1
2598 silly packumentCache full:https://registry.npmjs.org/to-regex-range cache-miss
2599 http fetch GET 200 https://registry.npmjs.org/to-regex-range 139ms (cache miss)
2600 silly packumentCache full:https://registry.npmjs.org/to-regex-range set size:undefined disposed:false
2601 silly placeDep ROOT to-regex-range@5.0.1 OK for: fill-range@7.1.1 want: ^5.0.1
2602 silly fetch manifest is-number@^7.0.0
2603 silly packumentCache full:https://registry.npmjs.org/is-number cache-miss
2604 http fetch GET 200 https://registry.npmjs.org/is-number 142ms (cache miss)
2605 silly packumentCache full:https://registry.npmjs.org/is-number set size:undefined disposed:false
2606 silly placeDep ROOT brace-expansion@1.1.18 OK for: minimatch@3.1.5 want: ^1.1.7
2607 silly fetch manifest concat-map@0.0.1
2608 silly packumentCache full:https://registry.npmjs.org/concat-map cache-miss
2609 silly fetch manifest balanced-match@^1.0.0
2610 silly packumentCache full:https://registry.npmjs.org/balanced-match cache-miss
2611 http fetch GET 200 https://registry.npmjs.org/concat-map 137ms (cache miss)
2612 silly packumentCache full:https://registry.npmjs.org/concat-map set size:undefined disposed:false
2613 http fetch GET 200 https://registry.npmjs.org/balanced-match 142ms (cache miss)
2614 silly packumentCache full:https://registry.npmjs.org/balanced-match set size:undefined disposed:false
2615 silly placeDep ROOT balanced-match@1.0.2 OK for: brace-expansion@1.1.18 want: ^1.0.0
2616 silly placeDep ROOT concat-map@0.0.1 OK for: brace-expansion@1.1.18 want: 0.0.1
2617 silly fetch manifest react@^18.2.0 || 19.0.0-rc-de68d2f4-20241204 || ^19.0.0
2618 silly packumentCache full:https://registry.npmjs.org/react cache-miss
2619 http cache https://registry.npmjs.org/react 27ms (cache hit)
2620 silly packumentCache full:https://registry.npmjs.org/react set size:6888185 disposed:false
2621 silly placeDep ROOT @next/env@16.3.0 OK for: next@16.3.0 want: 16.3.0
2622 silly placeDep ROOT @next/swc-darwin-arm64@16.3.0 OK for: next@16.3.0 want: 16.3.0
2623 silly placeDep ROOT @next/swc-darwin-x64@16.3.0 OK for: next@16.3.0 want: 16.3.0
2624 silly placeDep ROOT @next/swc-linux-arm64-gnu@16.3.0 OK for: next@16.3.0 want: 16.3.0
2625 silly placeDep ROOT @next/swc-linux-arm64-musl@16.3.0 OK for: next@16.3.0 want: 16.3.0
2626 silly placeDep ROOT @next/swc-linux-x64-gnu@16.3.0 OK for: next@16.3.0 want: 16.3.0
2627 silly placeDep ROOT @next/swc-linux-x64-musl@16.3.0 OK for: next@16.3.0 want: 16.3.0
2628 silly placeDep ROOT @next/swc-win32-arm64-msvc@16.3.0 OK for: next@16.3.0 want: 16.3.0
2629 silly placeDep ROOT @next/swc-win32-x64-msvc@16.3.0 OK for: next@16.3.0 want: 16.3.0
2630 silly placeDep ROOT @swc/helpers@0.5.15 OK for: next@16.3.0 want: 0.5.15
2631 silly placeDep node_modules/next postcss@8.5.23 OK for: next@16.3.0 want: 8.5.23
2632 silly placeDep ROOT sharp@0.35.3 OK for: next@16.3.0 want: ^0.35.3
2633 silly placeDep ROOT styled-jsx@5.1.6 OK for: next@16.3.0 want: 5.1.6
2634 silly fetch manifest nanoid@^3.3.16
2635 silly packumentCache full:https://registry.npmjs.org/nanoid cache-miss
2636 silly fetch manifest @img/colour@^1.1.0
2637 silly packumentCache full:https://registry.npmjs.org/@img%2fcolour cache-miss
2638 silly fetch manifest semver@^7.8.5
2639 silly packumentCache full:https://registry.npmjs.org/semver cache-hit
2640 silly fetch manifest @img/sharp-darwin-arm64@0.35.3
2641 silly packumentCache full:https://registry.npmjs.org/@img%2fsharp-darwin-arm64 cache-miss
2642 silly fetch manifest @img/sharp-darwin-x64@0.35.3
2643 silly packumentCache full:https://registry.npmjs.org/@img%2fsharp-darwin-x64 cache-miss
2644 silly fetch manifest @img/sharp-freebsd-wasm32@0.35.3
2645 silly packumentCache full:https://registry.npmjs.org/@img%2fsharp-freebsd-wasm32 cache-miss
2646 silly fetch manifest @img/sharp-libvips-darwin-arm64@1.3.2
2647 silly packumentCache full:https://registry.npmjs.org/@img%2fsharp-libvips-darwin-arm64 cache-miss
2648 silly fetch manifest @img/sharp-libvips-darwin-x64@1.3.2
2649 silly packumentCache full:https://registry.npmjs.org/@img%2fsharp-libvips-darwin-x64 cache-miss
2650 silly fetch manifest @img/sharp-libvips-linux-arm@1.3.2
2651 silly packumentCache full:https://registry.npmjs.org/@img%2fsharp-libvips-linux-arm cache-miss
2652 silly fetch manifest @img/sharp-libvips-linux-arm64@1.3.2
2653 silly packumentCache full:https://registry.npmjs.org/@img%2fsharp-libvips-linux-arm64 cache-miss
2654 silly fetch manifest @img/sharp-libvips-linux-ppc64@1.3.2
2655 silly packumentCache full:https://registry.npmjs.org/@img%2fsharp-libvips-linux-ppc64 cache-miss
2656 silly fetch manifest @img/sharp-libvips-linux-riscv64@1.3.2
2657 silly packumentCache full:https://registry.npmjs.org/@img%2fsharp-libvips-linux-riscv64 cache-miss
2658 silly fetch manifest @img/sharp-libvips-linux-s390x@1.3.2
2659 silly packumentCache full:https://registry.npmjs.org/@img%2fsharp-libvips-linux-s390x cache-miss
2660 silly fetch manifest @img/sharp-libvips-linux-x64@1.3.2
2661 silly packumentCache full:https://registry.npmjs.org/@img%2fsharp-libvips-linux-x64 cache-miss
2662 silly fetch manifest @img/sharp-libvips-linuxmusl-arm64@1.3.2
2663 silly packumentCache full:https://registry.npmjs.org/@img%2fsharp-libvips-linuxmusl-arm64 cache-miss
2664 silly fetch manifest @img/sharp-libvips-linuxmusl-x64@1.3.2
2665 silly packumentCache full:https://registry.npmjs.org/@img%2fsharp-libvips-linuxmusl-x64 cache-miss
2666 http cache https://registry.npmjs.org/nanoid 32ms (cache hit)
2667 silly packumentCache full:https://registry.npmjs.org/nanoid set size:342705 disposed:false
2668 silly fetch manifest @img/sharp-linux-arm@0.35.3
2669 silly packumentCache full:https://registry.npmjs.org/@img%2fsharp-linux-arm cache-miss
2670 http fetch GET 200 https://registry.npmjs.org/@img%2fcolour 183ms (cache miss)
2671 silly packumentCache full:https://registry.npmjs.org/@img%2fcolour set size:undefined disposed:false
2672 silly fetch manifest @img/sharp-linux-arm64@0.35.3
2673 silly packumentCache full:https://registry.npmjs.org/@img%2fsharp-linux-arm64 cache-miss
2674 http fetch GET 200 https://registry.npmjs.org/@img%2fsharp-freebsd-wasm32 188ms (cache miss)
2675 silly packumentCache full:https://registry.npmjs.org/@img%2fsharp-freebsd-wasm32 set size:undefined disposed:false
2676 silly fetch manifest @img/sharp-linux-ppc64@0.35.3
2677 silly packumentCache full:https://registry.npmjs.org/@img%2fsharp-linux-ppc64 cache-miss
2678 http fetch GET 200 https://registry.npmjs.org/@img%2fsharp-darwin-arm64 196ms (cache miss)
2679 silly packumentCache full:https://registry.npmjs.org/@img%2fsharp-darwin-arm64 set size:undefined disposed:false
2680 silly fetch manifest @img/sharp-linux-riscv64@0.35.3
2681 silly packumentCache full:https://registry.npmjs.org/@img%2fsharp-linux-riscv64 cache-miss
2682 http fetch GET 200 https://registry.npmjs.org/@img%2fsharp-libvips-linux-arm64 198ms (cache miss)
2683 silly packumentCache full:https://registry.npmjs.org/@img%2fsharp-libvips-linux-arm64 set size:undefined disposed:false
2684 silly fetch manifest @img/sharp-linux-s390x@0.35.3
2685 silly packumentCache full:https://registry.npmjs.org/@img%2fsharp-linux-s390x cache-miss
2686 http fetch GET 200 https://registry.npmjs.org/@img%2fsharp-libvips-linux-ppc64 201ms (cache miss)
2687 silly packumentCache full:https://registry.npmjs.org/@img%2fsharp-libvips-linux-ppc64 set size:undefined disposed:false
2688 silly fetch manifest @img/sharp-linux-x64@0.35.3
2689 silly packumentCache full:https://registry.npmjs.org/@img%2fsharp-linux-x64 cache-miss
2690 http fetch GET 200 https://registry.npmjs.org/@img%2fsharp-libvips-linux-s390x 208ms (cache miss)
2691 silly packumentCache full:https://registry.npmjs.org/@img%2fsharp-libvips-linux-s390x set size:undefined disposed:false
2692 silly fetch manifest @img/sharp-linuxmusl-arm64@0.35.3
2693 silly packumentCache full:https://registry.npmjs.org/@img%2fsharp-linuxmusl-arm64 cache-miss
2694 http fetch GET 200 https://registry.npmjs.org/@img%2fsharp-libvips-linuxmusl-arm64 211ms (cache miss)
2695 silly packumentCache full:https://registry.npmjs.org/@img%2fsharp-libvips-linuxmusl-arm64 set size:undefined disposed:false
2696 silly fetch manifest @img/sharp-linuxmusl-x64@0.35.3
2697 silly packumentCache full:https://registry.npmjs.org/@img%2fsharp-linuxmusl-x64 cache-miss
2698 http fetch GET 200 https://registry.npmjs.org/@img%2fsharp-libvips-darwin-arm64 216ms (cache miss)
2699 silly packumentCache full:https://registry.npmjs.org/@img%2fsharp-libvips-darwin-arm64 set size:undefined disposed:false
2700 silly fetch manifest @img/sharp-webcontainers-wasm32@0.35.3
2701 silly packumentCache full:https://registry.npmjs.org/@img%2fsharp-webcontainers-wasm32 cache-miss
2702 http fetch GET 200 https://registry.npmjs.org/@img%2fsharp-libvips-linuxmusl-x64 217ms (cache miss)
2703 silly packumentCache full:https://registry.npmjs.org/@img%2fsharp-libvips-linuxmusl-x64 set size:undefined disposed:false
2704 silly fetch manifest @img/sharp-win32-arm64@0.35.3
2705 silly packumentCache full:https://registry.npmjs.org/@img%2fsharp-win32-arm64 cache-miss
2706 http fetch GET 200 https://registry.npmjs.org/@img%2fsharp-libvips-darwin-x64 228ms (cache miss)
2707 silly packumentCache full:https://registry.npmjs.org/@img%2fsharp-libvips-darwin-x64 set size:undefined disposed:false
2708 silly fetch manifest @img/sharp-win32-ia32@0.35.3
2709 silly packumentCache full:https://registry.npmjs.org/@img%2fsharp-win32-ia32 cache-miss
2710 http fetch GET 200 https://registry.npmjs.org/@img%2fsharp-libvips-linux-arm 236ms (cache miss)
2711 silly packumentCache full:https://registry.npmjs.org/@img%2fsharp-libvips-linux-arm set size:undefined disposed:false
2712 silly fetch manifest @img/sharp-win32-x64@0.35.3
2713 silly packumentCache full:https://registry.npmjs.org/@img%2fsharp-win32-x64 cache-miss
2714 http fetch GET 200 https://registry.npmjs.org/@img%2fsharp-darwin-x64 238ms (cache miss)
2715 silly packumentCache full:https://registry.npmjs.org/@img%2fsharp-darwin-x64 set size:undefined disposed:false
2716 silly fetch manifest client-only@0.0.1
2717 silly packumentCache full:https://registry.npmjs.org/client-only cache-miss
2718 http fetch GET 200 https://registry.npmjs.org/@img%2fsharp-linux-arm 210ms (cache miss)
2719 silly packumentCache full:https://registry.npmjs.org/@img%2fsharp-linux-arm set size:undefined disposed:false
2720 http fetch GET 200 https://registry.npmjs.org/@img%2fsharp-libvips-linux-x64 248ms (cache miss)
2721 silly packumentCache full:https://registry.npmjs.org/@img%2fsharp-libvips-linux-x64 set size:undefined disposed:false
2722 http fetch GET 200 https://registry.npmjs.org/@img%2fsharp-libvips-linux-riscv64 318ms (cache miss)
2723 silly packumentCache full:https://registry.npmjs.org/@img%2fsharp-libvips-linux-riscv64 set size:undefined disposed:false
2724 http fetch GET 200 https://registry.npmjs.org/@img%2fsharp-linux-arm64 158ms (cache miss)
2725 silly packumentCache full:https://registry.npmjs.org/@img%2fsharp-linux-arm64 set size:undefined disposed:false
2726 http fetch GET 200 https://registry.npmjs.org/@img%2fsharp-linux-x64 161ms (cache miss)
2727 silly packumentCache full:https://registry.npmjs.org/@img%2fsharp-linux-x64 set size:undefined disposed:false
2728 http fetch GET 200 https://registry.npmjs.org/@img%2fsharp-linux-ppc64 182ms (cache miss)
2729 silly packumentCache full:https://registry.npmjs.org/@img%2fsharp-linux-ppc64 set size:undefined disposed:false
2730 http fetch GET 200 https://registry.npmjs.org/@img%2fsharp-linux-s390x 173ms (cache miss)
2731 silly packumentCache full:https://registry.npmjs.org/@img%2fsharp-linux-s390x set size:undefined disposed:false
2732 http fetch GET 200 https://registry.npmjs.org/@img%2fsharp-linux-riscv64 184ms (cache miss)
2733 silly packumentCache full:https://registry.npmjs.org/@img%2fsharp-linux-riscv64 set size:undefined disposed:false
2734 http fetch GET 200 https://registry.npmjs.org/@img%2fsharp-linuxmusl-arm64 195ms (cache miss)
2735 silly packumentCache full:https://registry.npmjs.org/@img%2fsharp-linuxmusl-arm64 set size:undefined disposed:false
2736 http fetch GET 200 https://registry.npmjs.org/@img%2fsharp-webcontainers-wasm32 191ms (cache miss)
2737 silly packumentCache full:https://registry.npmjs.org/@img%2fsharp-webcontainers-wasm32 set size:undefined disposed:false
2738 http fetch GET 200 https://registry.npmjs.org/@img%2fsharp-linuxmusl-x64 198ms (cache miss)
2739 silly packumentCache full:https://registry.npmjs.org/@img%2fsharp-linuxmusl-x64 set size:undefined disposed:false
2740 http fetch GET 200 https://registry.npmjs.org/@img%2fsharp-win32-arm64 191ms (cache miss)
2741 silly packumentCache full:https://registry.npmjs.org/@img%2fsharp-win32-arm64 set size:undefined disposed:false
2742 http fetch GET 200 https://registry.npmjs.org/@img%2fsharp-win32-x64 178ms (cache miss)
2743 silly packumentCache full:https://registry.npmjs.org/@img%2fsharp-win32-x64 set size:undefined disposed:false
2744 http fetch GET 200 https://registry.npmjs.org/@img%2fsharp-win32-ia32 195ms (cache miss)
2745 silly packumentCache full:https://registry.npmjs.org/@img%2fsharp-win32-ia32 set size:undefined disposed:false
2746 http fetch GET 200 https://registry.npmjs.org/client-only 210ms (cache miss)
2747 silly packumentCache full:https://registry.npmjs.org/client-only set size:undefined disposed:false
2748 silly placeDep ROOT deep-is@0.1.4 OK for: optionator@0.9.4 want: ^0.1.3
2749 silly placeDep ROOT fast-levenshtein@2.0.6 OK for: optionator@0.9.4 want: ^2.0.6
2750 silly placeDep ROOT word-wrap@1.2.5 OK for: optionator@0.9.4 want: ^1.2.5
2751 silly placeDep ROOT p-limit@3.1.0 OK for: p-locate@5.0.0 want: ^3.0.2
2752 silly fetch manifest yocto-queue@^0.1.0
2753 silly packumentCache full:https://registry.npmjs.org/yocto-queue cache-miss
2754 http fetch GET 200 https://registry.npmjs.org/yocto-queue 132ms (cache miss)
2755 silly packumentCache full:https://registry.npmjs.org/yocto-queue set size:undefined disposed:false
2756 silly placeDep ROOT yocto-queue@0.1.0 OK for: p-limit@3.1.0 want: ^0.1.0
2757 silly placeDep ROOT callsites@3.1.0 OK for: parent-module@1.0.1 want: ^3.0.0
2758 silly placeDep ROOT nanoid@3.3.18 OK for: postcss@8.5.26 want: ^3.3.17
2759 silly placeDep ROOT cssesc@3.0.0 OK for: postcss-selector-parser@6.0.10 want: ^3.0.0
2760 silly placeDep ROOT util-deprecate@1.0.2 OK for: postcss-selector-parser@6.0.10 want: ^1.0.2
2761 silly placeDep ROOT loose-envify@1.4.0 OK for: prop-types@15.8.1 want: ^1.4.0
2762 silly placeDep ROOT object-assign@4.1.1 OK for: prop-types@15.8.1 want: ^4.1.1
2763 silly placeDep node_modules/prop-types react-is@16.13.1 OK for: prop-types@15.8.1 want: ^16.13.1
2764 silly placeDep ROOT scheduler@0.27.0 OK for: react-dom@19.2.0 want: ^0.27.0
2765 silly placeDep ROOT @types/hast@3.0.5 OK for: react-markdown@10.1.0 want: ^3.0.0
2766 silly placeDep ROOT @types/mdast@4.0.4 OK for: react-markdown@10.1.0 want: ^4.0.0
2767 silly placeDep ROOT devlop@1.1.0 OK for: react-markdown@10.1.0 want: ^1.0.0
2768 silly placeDep ROOT hast-util-to-jsx-runtime@2.3.6 OK for: react-markdown@10.1.0 want: ^2.0.0
2769 silly placeDep ROOT html-url-attributes@3.0.1 OK for: react-markdown@10.1.0 want: ^3.0.0
2770 silly placeDep ROOT mdast-util-to-hast@13.2.1 OK for: react-markdown@10.1.0 want: ^13.0.0
2771 silly placeDep ROOT remark-parse@11.0.0 OK for: react-markdown@10.1.0 want: ^11.0.0
2772 silly placeDep ROOT remark-rehype@11.1.2 OK for: react-markdown@10.1.0 want: ^11.0.0
2773 silly placeDep ROOT unified@11.0.5 OK for: react-markdown@10.1.0 want: ^11.0.0
2774 silly placeDep ROOT unist-util-visit@5.1.0 OK for: react-markdown@10.1.0 want: ^5.0.0
2775 silly placeDep ROOT vfile@6.0.3 OK for: react-markdown@10.1.0 want: ^6.0.0
2776 silly fetch manifest @types/unist@*
2777 silly packumentCache full:https://registry.npmjs.org/@types%2funist cache-miss
2778 silly fetch manifest @types/unist@*
2779 silly packumentCache full:https://registry.npmjs.org/@types%2funist cache-miss
2780 silly fetch manifest dequal@^2.0.0
2781 silly packumentCache full:https://registry.npmjs.org/dequal cache-miss
2782 silly fetch manifest @types/unist@^3.0.0
2783 silly packumentCache full:https://registry.npmjs.org/@types%2funist cache-miss
2784 silly fetch manifest comma-separated-tokens@^2.0.0
2785 silly packumentCache full:https://registry.npmjs.org/comma-separated-tokens cache-miss
2786 silly fetch manifest estree-util-is-identifier-name@^3.0.0
2787 silly packumentCache full:https://registry.npmjs.org/estree-util-is-identifier-name cache-miss
2788 silly fetch manifest hast-util-whitespace@^3.0.0
2789 silly packumentCache full:https://registry.npmjs.org/hast-util-whitespace cache-miss
2790 silly fetch manifest mdast-util-mdx-expression@^2.0.0
2791 silly packumentCache full:https://registry.npmjs.org/mdast-util-mdx-expression cache-miss
2792 silly fetch manifest mdast-util-mdx-jsx@^3.0.0
2793 silly packumentCache full:https://registry.npmjs.org/mdast-util-mdx-jsx cache-miss
2794 silly fetch manifest mdast-util-mdxjs-esm@^2.0.0
2795 silly packumentCache full:https://registry.npmjs.org/mdast-util-mdxjs-esm cache-miss
2796 silly fetch manifest property-information@^7.0.0
2797 silly packumentCache full:https://registry.npmjs.org/property-information cache-miss
2798 silly fetch manifest space-separated-tokens@^2.0.0
2799 silly packumentCache full:https://registry.npmjs.org/space-separated-tokens cache-miss
2800 silly fetch manifest style-to-js@^1.0.0
2801 silly packumentCache full:https://registry.npmjs.org/style-to-js cache-miss
2802 silly fetch manifest unist-util-position@^5.0.0
2803 silly packumentCache full:https://registry.npmjs.org/unist-util-position cache-miss
2804 silly fetch manifest vfile-message@^4.0.0
2805 silly packumentCache full:https://registry.npmjs.org/vfile-message cache-miss
2806 http fetch GET 200 https://registry.npmjs.org/@types%2funist 209ms (cache miss)
2807 silly packumentCache full:https://registry.npmjs.org/@types%2funist set size:undefined disposed:false
2808 silly fetch manifest @ungap/structured-clone@^1.0.0
2809 silly packumentCache full:https://registry.npmjs.org/@ungap%2fstructured-clone cache-miss
2810 http fetch GET 200 https://registry.npmjs.org/dequal 211ms (cache miss)
2811 silly packumentCache full:https://registry.npmjs.org/dequal set size:undefined disposed:false
2812 silly fetch manifest micromark-util-sanitize-uri@^2.0.0
2813 silly packumentCache full:https://registry.npmjs.org/micromark-util-sanitize-uri cache-miss
2814 http fetch GET 200 https://registry.npmjs.org/hast-util-whitespace 217ms (cache miss)
2815 silly packumentCache full:https://registry.npmjs.org/hast-util-whitespace set size:undefined disposed:false
2816 silly fetch manifest trim-lines@^3.0.0
2817 silly packumentCache full:https://registry.npmjs.org/trim-lines cache-miss
2818 http fetch GET 200 https://registry.npmjs.org/comma-separated-tokens 219ms (cache miss)
2819 silly packumentCache full:https://registry.npmjs.org/comma-separated-tokens set size:undefined disposed:false
2820 silly fetch manifest unist-util-position@^5.0.0
2821 silly packumentCache full:https://registry.npmjs.org/unist-util-position cache-miss
2822 http fetch GET 200 https://registry.npmjs.org/estree-util-is-identifier-name 227ms (cache miss)
2823 silly packumentCache full:https://registry.npmjs.org/estree-util-is-identifier-name set size:undefined disposed:false
2824 silly fetch manifest mdast-util-from-markdown@^2.0.0
2825 silly packumentCache full:https://registry.npmjs.org/mdast-util-from-markdown cache-miss
2826 http fetch GET 200 https://registry.npmjs.org/vfile-message 235ms (cache miss)
2827 silly packumentCache full:https://registry.npmjs.org/vfile-message set size:undefined disposed:false
2828 silly fetch manifest micromark-util-types@^2.0.0
2829 silly packumentCache full:https://registry.npmjs.org/micromark-util-types cache-miss
2830 http fetch GET 200 https://registry.npmjs.org/unist-util-position 240ms (cache miss)
2831 silly packumentCache full:https://registry.npmjs.org/unist-util-position set size:undefined disposed:false
2832 silly fetch manifest bail@^2.0.0
2833 silly packumentCache full:https://registry.npmjs.org/bail cache-miss
2834 http fetch GET 200 https://registry.npmjs.org/@types%2funist 244ms (cache miss)
2835 silly packumentCache full:https://registry.npmjs.org/@types%2funist set size:undefined disposed:false
2836 silly fetch manifest extend@^3.0.0
2837 silly packumentCache full:https://registry.npmjs.org/extend cache-miss
2838 http fetch GET 200 https://registry.npmjs.org/@types%2funist 250ms (cache miss)
2839 silly packumentCache full:https://registry.npmjs.org/@types%2funist set size:undefined disposed:false
2840 silly fetch manifest is-plain-obj@^4.0.0
2841 silly packumentCache full:https://registry.npmjs.org/is-plain-obj cache-miss
2842 http fetch GET 200 https://registry.npmjs.org/space-separated-tokens 262ms (cache miss)
2843 silly packumentCache full:https://registry.npmjs.org/space-separated-tokens set size:undefined disposed:false
2844 silly fetch manifest trough@^2.0.0
2845 silly packumentCache full:https://registry.npmjs.org/trough cache-miss
2846 http fetch GET 200 https://registry.npmjs.org/mdast-util-mdx-jsx 266ms (cache miss)
2847 silly packumentCache full:https://registry.npmjs.org/mdast-util-mdx-jsx set size:undefined disposed:false
2848 silly fetch manifest unist-util-is@^6.0.0
2849 silly packumentCache full:https://registry.npmjs.org/unist-util-is cache-miss
2850 http fetch GET 200 https://registry.npmjs.org/style-to-js 269ms (cache miss)
2851 silly packumentCache full:https://registry.npmjs.org/style-to-js set size:undefined disposed:false
2852 silly fetch manifest unist-util-visit-parents@^6.0.0
2853 silly packumentCache full:https://registry.npmjs.org/unist-util-visit-parents cache-miss
2854 http fetch GET 200 https://registry.npmjs.org/mdast-util-mdxjs-esm 279ms (cache miss)
2855 silly packumentCache full:https://registry.npmjs.org/mdast-util-mdxjs-esm set size:undefined disposed:false
2856 http fetch GET 200 https://registry.npmjs.org/mdast-util-mdx-expression 283ms (cache miss)
2857 silly packumentCache full:https://registry.npmjs.org/mdast-util-mdx-expression set size:undefined disposed:false
2858 http fetch GET 200 https://registry.npmjs.org/property-information 286ms (cache miss)
2859 silly packumentCache full:https://registry.npmjs.org/property-information set size:undefined disposed:false
2860 http fetch GET 200 https://registry.npmjs.org/trim-lines 151ms (cache miss)
2861 silly packumentCache full:https://registry.npmjs.org/trim-lines set size:undefined disposed:false
2862 http fetch GET 200 https://registry.npmjs.org/micromark-util-sanitize-uri 182ms (cache miss)
2863 silly packumentCache full:https://registry.npmjs.org/micromark-util-sanitize-uri set size:undefined disposed:false
2864 http fetch GET 200 https://registry.npmjs.org/is-plain-obj 163ms (cache miss)
2865 silly packumentCache full:https://registry.npmjs.org/is-plain-obj set size:undefined disposed:false
2866 http fetch GET 200 https://registry.npmjs.org/@ungap%2fstructured-clone 207ms (cache miss)
2867 silly packumentCache full:https://registry.npmjs.org/@ungap%2fstructured-clone set size:undefined disposed:false
2868 http fetch GET 200 https://registry.npmjs.org/mdast-util-from-markdown 190ms (cache miss)
2869 silly packumentCache full:https://registry.npmjs.org/mdast-util-from-markdown set size:undefined disposed:false
2870 http fetch GET 200 https://registry.npmjs.org/bail 179ms (cache miss)
2871 silly packumentCache full:https://registry.npmjs.org/bail set size:undefined disposed:false
2872 http fetch GET 200 https://registry.npmjs.org/micromark-util-types 184ms (cache miss)
2873 silly packumentCache full:https://registry.npmjs.org/micromark-util-types set size:undefined disposed:false
2874 http fetch GET 200 https://registry.npmjs.org/unist-util-position 204ms (cache miss)
2875 silly packumentCache full:https://registry.npmjs.org/unist-util-position set size:undefined disposed:false
2876 http fetch GET 200 https://registry.npmjs.org/extend 182ms (cache miss)
2877 silly packumentCache full:https://registry.npmjs.org/extend set size:undefined disposed:false
2878 http fetch GET 200 https://registry.npmjs.org/trough 179ms (cache miss)
2879 silly packumentCache full:https://registry.npmjs.org/trough set size:undefined disposed:false
2880 http fetch GET 200 https://registry.npmjs.org/unist-util-visit-parents 187ms (cache miss)
2881 silly packumentCache full:https://registry.npmjs.org/unist-util-visit-parents set size:undefined disposed:false
2882 http fetch GET 200 https://registry.npmjs.org/unist-util-is 192ms (cache miss)
2883 silly packumentCache full:https://registry.npmjs.org/unist-util-is set size:undefined disposed:false
2884 silly placeDep ROOT @types/unist@3.0.3 OK for: @types/hast@3.0.5 want: *
2885 silly placeDep ROOT dequal@2.0.3 OK for: devlop@1.1.0 want: ^2.0.0
2886 silly placeDep ROOT comma-separated-tokens@2.0.3 OK for: hast-util-to-jsx-runtime@2.3.6 want: ^2.0.0
2887 silly placeDep ROOT estree-util-is-identifier-name@3.0.0 OK for: hast-util-to-jsx-runtime@2.3.6 want: ^3.0.0
2888 silly placeDep ROOT hast-util-whitespace@3.0.0 OK for: hast-util-to-jsx-runtime@2.3.6 want: ^3.0.0
2889 silly placeDep ROOT mdast-util-mdx-expression@2.0.1 OK for: hast-util-to-jsx-runtime@2.3.6 want: ^2.0.0
2890 silly placeDep ROOT mdast-util-mdx-jsx@3.2.0 OK for: hast-util-to-jsx-runtime@2.3.6 want: ^3.0.0
2891 silly placeDep ROOT mdast-util-mdxjs-esm@2.0.1 OK for: hast-util-to-jsx-runtime@2.3.6 want: ^2.0.0
2892 silly placeDep ROOT property-information@7.2.0 OK for: hast-util-to-jsx-runtime@2.3.6 want: ^7.0.0
2893 silly placeDep ROOT space-separated-tokens@2.0.2 OK for: hast-util-to-jsx-runtime@2.3.6 want: ^2.0.0
2894 silly placeDep ROOT style-to-js@1.1.21 OK for: hast-util-to-jsx-runtime@2.3.6 want: ^1.0.0
2895 silly placeDep ROOT unist-util-position@5.0.0 OK for: hast-util-to-jsx-runtime@2.3.6 want: ^5.0.0
2896 silly placeDep ROOT vfile-message@4.0.3 OK for: hast-util-to-jsx-runtime@2.3.6 want: ^4.0.0
2897 silly fetch manifest @types/estree-jsx@^1.0.0
2898 silly packumentCache full:https://registry.npmjs.org/@types%2festree-jsx cache-miss
2899 silly fetch manifest mdast-util-to-markdown@^2.0.0
2900 silly packumentCache full:https://registry.npmjs.org/mdast-util-to-markdown cache-miss
2901 silly fetch manifest @types/estree-jsx@^1.0.0
2902 silly packumentCache full:https://registry.npmjs.org/@types%2festree-jsx cache-miss
2903 silly fetch manifest ccount@^2.0.0
2904 silly packumentCache full:https://registry.npmjs.org/ccount cache-miss
2905 silly fetch manifest mdast-util-to-markdown@^2.0.0
2906 silly packumentCache full:https://registry.npmjs.org/mdast-util-to-markdown cache-miss
2907 silly fetch manifest parse-entities@^4.0.0
2908 silly packumentCache full:https://registry.npmjs.org/parse-entities cache-miss
2909 silly fetch manifest stringify-entities@^4.0.0
2910 silly packumentCache full:https://registry.npmjs.org/stringify-entities cache-miss
2911 silly fetch manifest unist-util-stringify-position@^4.0.0
2912 silly packumentCache full:https://registry.npmjs.org/unist-util-stringify-position cache-miss
2913 silly fetch manifest @types/estree-jsx@^1.0.0
2914 silly packumentCache full:https://registry.npmjs.org/@types%2festree-jsx cache-miss
2915 silly fetch manifest mdast-util-to-markdown@^2.0.0
2916 silly packumentCache full:https://registry.npmjs.org/mdast-util-to-markdown cache-miss
2917 silly fetch manifest style-to-object@1.0.14
2918 silly packumentCache full:https://registry.npmjs.org/style-to-object cache-miss
2919 silly fetch manifest unist-util-stringify-position@^4.0.0
2920 silly packumentCache full:https://registry.npmjs.org/unist-util-stringify-position cache-miss
2921 http fetch GET 200 https://registry.npmjs.org/ccount 156ms (cache miss)
2922 silly packumentCache full:https://registry.npmjs.org/ccount set size:undefined disposed:false
2923 http fetch GET 200 https://registry.npmjs.org/@types%2festree-jsx 165ms (cache miss)
2924 silly packumentCache full:https://registry.npmjs.org/@types%2festree-jsx set size:undefined disposed:false
2925 http fetch GET 200 https://registry.npmjs.org/mdast-util-to-markdown 181ms (cache miss)
2926 silly packumentCache full:https://registry.npmjs.org/mdast-util-to-markdown set size:undefined disposed:false
2927 http fetch GET 200 https://registry.npmjs.org/unist-util-stringify-position 184ms (cache miss)
2928 silly packumentCache full:https://registry.npmjs.org/unist-util-stringify-position set size:undefined disposed:false
2929 http fetch GET 200 https://registry.npmjs.org/@types%2festree-jsx 189ms (cache miss)
2930 silly packumentCache full:https://registry.npmjs.org/@types%2festree-jsx set size:undefined disposed:false
2931 http fetch GET 200 https://registry.npmjs.org/@types%2festree-jsx 191ms (cache miss)
2932 silly packumentCache full:https://registry.npmjs.org/@types%2festree-jsx set size:undefined disposed:false
2933 http fetch GET 200 https://registry.npmjs.org/parse-entities 193ms (cache miss)
2934 silly packumentCache full:https://registry.npmjs.org/parse-entities set size:undefined disposed:false
2935 http fetch GET 200 https://registry.npmjs.org/stringify-entities 195ms (cache miss)
2936 silly packumentCache full:https://registry.npmjs.org/stringify-entities set size:undefined disposed:false
2937 http fetch GET 200 https://registry.npmjs.org/mdast-util-to-markdown 200ms (cache miss)
2938 silly packumentCache full:https://registry.npmjs.org/mdast-util-to-markdown set size:undefined disposed:false
2939 http fetch GET 200 https://registry.npmjs.org/unist-util-stringify-position 202ms (cache miss)
2940 silly packumentCache full:https://registry.npmjs.org/unist-util-stringify-position set size:undefined disposed:false
2941 http fetch GET 200 https://registry.npmjs.org/style-to-object 209ms (cache miss)
2942 silly packumentCache full:https://registry.npmjs.org/style-to-object set size:undefined disposed:false
2943 http fetch GET 200 https://registry.npmjs.org/mdast-util-to-markdown 228ms (cache miss)
2944 silly packumentCache full:https://registry.npmjs.org/mdast-util-to-markdown set size:undefined disposed:false
2945 silly placeDep ROOT @types/estree-jsx@1.0.5 OK for: mdast-util-mdx-expression@2.0.1 want: ^1.0.0
2946 silly placeDep ROOT mdast-util-from-markdown@2.0.3 OK for: mdast-util-mdx-expression@2.0.1 want: ^2.0.0
2947 silly placeDep ROOT mdast-util-to-markdown@2.1.2 OK for: mdast-util-mdx-expression@2.0.1 want: ^2.0.0
2948 silly fetch manifest decode-named-character-reference@^1.0.0
2949 silly packumentCache full:https://registry.npmjs.org/decode-named-character-reference cache-miss
2950 silly fetch manifest mdast-util-to-string@^4.0.0
2951 silly packumentCache full:https://registry.npmjs.org/mdast-util-to-string cache-miss
2952 silly fetch manifest micromark@^4.0.0
2953 silly packumentCache full:https://registry.npmjs.org/micromark cache-miss
2954 silly fetch manifest micromark-util-decode-numeric-character-reference@^2.0.0
2955 silly packumentCache full:https://registry.npmjs.org/micromark-util-decode-numeric-character-reference cache-miss
2956 silly fetch manifest micromark-util-decode-string@^2.0.0
2957 silly packumentCache full:https://registry.npmjs.org/micromark-util-decode-string cache-miss
2958 silly fetch manifest micromark-util-normalize-identifier@^2.0.0
2959 silly packumentCache full:https://registry.npmjs.org/micromark-util-normalize-identifier cache-miss
2960 silly fetch manifest micromark-util-symbol@^2.0.0
2961 silly packumentCache full:https://registry.npmjs.org/micromark-util-symbol cache-miss
2962 silly fetch manifest longest-streak@^3.0.0
2963 silly packumentCache full:https://registry.npmjs.org/longest-streak cache-miss
2964 silly fetch manifest mdast-util-phrasing@^4.0.0
2965 silly packumentCache full:https://registry.npmjs.org/mdast-util-phrasing cache-miss
2966 silly fetch manifest mdast-util-to-string@^4.0.0
2967 silly packumentCache full:https://registry.npmjs.org/mdast-util-to-string cache-miss
2968 silly fetch manifest micromark-util-classify-character@^2.0.0
2969 silly packumentCache full:https://registry.npmjs.org/micromark-util-classify-character cache-miss
2970 silly fetch manifest micromark-util-decode-string@^2.0.0
2971 silly packumentCache full:https://registry.npmjs.org/micromark-util-decode-string cache-miss
2972 silly fetch manifest zwitch@^2.0.0
2973 silly packumentCache full:https://registry.npmjs.org/zwitch cache-miss
2974 http fetch GET 200 https://registry.npmjs.org/micromark-util-decode-numeric-character-reference 192ms (cache miss)
2975 silly packumentCache full:https://registry.npmjs.org/micromark-util-decode-numeric-character-reference set size:undefined disposed:false
2976 http fetch GET 200 https://registry.npmjs.org/micromark-util-symbol 193ms (cache miss)
2977 silly packumentCache full:https://registry.npmjs.org/micromark-util-symbol set size:undefined disposed:false
2978 http fetch GET 200 https://registry.npmjs.org/decode-named-character-reference 197ms (cache miss)
2979 silly packumentCache full:https://registry.npmjs.org/decode-named-character-reference set size:undefined disposed:false
2980 http fetch GET 200 https://registry.npmjs.org/mdast-util-to-string 195ms (cache miss)
2981 silly packumentCache full:https://registry.npmjs.org/mdast-util-to-string set size:undefined disposed:false
2982 http fetch GET 200 https://registry.npmjs.org/mdast-util-phrasing 205ms (cache miss)
2983 silly packumentCache full:https://registry.npmjs.org/mdast-util-phrasing set size:undefined disposed:false
2984 http fetch GET 200 https://registry.npmjs.org/micromark-util-decode-string 209ms (cache miss)
2985 silly packumentCache full:https://registry.npmjs.org/micromark-util-decode-string set size:undefined disposed:false
2986 http fetch GET 200 https://registry.npmjs.org/micromark-util-normalize-identifier 208ms (cache miss)
2987 silly packumentCache full:https://registry.npmjs.org/micromark-util-normalize-identifier set size:undefined disposed:false
2988 http fetch GET 200 https://registry.npmjs.org/longest-streak 211ms (cache miss)
2989 silly packumentCache full:https://registry.npmjs.org/longest-streak set size:undefined disposed:false
2990 http fetch GET 200 https://registry.npmjs.org/mdast-util-to-string 215ms (cache miss)
2991 silly packumentCache full:https://registry.npmjs.org/mdast-util-to-string set size:undefined disposed:false
2992 http fetch GET 200 https://registry.npmjs.org/micromark-util-decode-string 226ms (cache miss)
2993 silly packumentCache full:https://registry.npmjs.org/micromark-util-decode-string set size:undefined disposed:false
2994 http fetch GET 200 https://registry.npmjs.org/micromark-util-classify-character 228ms (cache miss)
2995 silly packumentCache full:https://registry.npmjs.org/micromark-util-classify-character set size:undefined disposed:false
2996 http fetch GET 200 https://registry.npmjs.org/micromark 252ms (cache miss)
2997 silly packumentCache full:https://registry.npmjs.org/micromark set size:undefined disposed:false
2998 http fetch GET 200 https://registry.npmjs.org/zwitch 317ms (cache miss)
2999 silly packumentCache full:https://registry.npmjs.org/zwitch set size:undefined disposed:false
3000 silly placeDep ROOT decode-named-character-reference@1.3.0 OK for: mdast-util-from-markdown@2.0.3 want: ^1.0.0
3001 silly placeDep ROOT mdast-util-to-string@4.0.0 OK for: mdast-util-from-markdown@2.0.3 want: ^4.0.0
3002 silly placeDep ROOT micromark@4.0.2 OK for: mdast-util-from-markdown@2.0.3 want: ^4.0.0
3003 silly placeDep ROOT micromark-util-decode-numeric-character-reference@2.0.2 OK for: mdast-util-from-markdown@2.0.3 want: ^2.0.0
3004 silly placeDep ROOT micromark-util-decode-string@2.0.1 OK for: mdast-util-from-markdown@2.0.3 want: ^2.0.0
3005 silly placeDep ROOT micromark-util-normalize-identifier@2.0.1 OK for: mdast-util-from-markdown@2.0.3 want: ^2.0.0
3006 silly placeDep ROOT micromark-util-symbol@2.0.1 OK for: mdast-util-from-markdown@2.0.3 want: ^2.0.0
3007 silly placeDep ROOT micromark-util-types@2.0.2 OK for: mdast-util-from-markdown@2.0.3 want: ^2.0.0
3008 silly placeDep ROOT unist-util-stringify-position@4.0.0 OK for: mdast-util-from-markdown@2.0.3 want: ^4.0.0
3009 silly fetch manifest character-entities@^2.0.0
3010 silly packumentCache full:https://registry.npmjs.org/character-entities cache-miss
3011 silly fetch manifest @types/debug@^4.0.0
3012 silly packumentCache full:https://registry.npmjs.org/@types%2fdebug cache-miss
3013 silly fetch manifest micromark-core-commonmark@^2.0.0
3014 silly packumentCache full:https://registry.npmjs.org/micromark-core-commonmark cache-miss
3015 silly fetch manifest micromark-factory-space@^2.0.0
3016 silly packumentCache full:https://registry.npmjs.org/micromark-factory-space cache-miss
3017 silly fetch manifest micromark-util-character@^2.0.0
3018 silly packumentCache full:https://registry.npmjs.org/micromark-util-character cache-miss
3019 silly fetch manifest micromark-util-chunked@^2.0.0
3020 silly packumentCache full:https://registry.npmjs.org/micromark-util-chunked cache-miss
3021 silly fetch manifest micromark-util-combine-extensions@^2.0.0
3022 silly packumentCache full:https://registry.npmjs.org/micromark-util-combine-extensions cache-miss
3023 silly fetch manifest micromark-util-encode@^2.0.0
3024 silly packumentCache full:https://registry.npmjs.org/micromark-util-encode cache-miss
3025 silly fetch manifest micromark-util-resolve-all@^2.0.0
3026 silly packumentCache full:https://registry.npmjs.org/micromark-util-resolve-all cache-miss
3027 silly fetch manifest micromark-util-subtokenize@^2.0.0
3028 silly packumentCache full:https://registry.npmjs.org/micromark-util-subtokenize cache-miss
3029 silly fetch manifest micromark-util-character@^2.0.0
3030 silly packumentCache full:https://registry.npmjs.org/micromark-util-character cache-miss
3031 http fetch GET 200 https://registry.npmjs.org/character-entities 178ms (cache miss)
3032 silly packumentCache full:https://registry.npmjs.org/character-entities set size:undefined disposed:false
3033 http fetch GET 200 https://registry.npmjs.org/micromark-factory-space 180ms (cache miss)
3034 silly packumentCache full:https://registry.npmjs.org/micromark-factory-space set size:undefined disposed:false
3035 http fetch GET 200 https://registry.npmjs.org/micromark-util-character 177ms (cache miss)
3036 silly packumentCache full:https://registry.npmjs.org/micromark-util-character set size:undefined disposed:false
3037 http fetch GET 200 https://registry.npmjs.org/micromark-util-combine-extensions 206ms (cache miss)
3038 silly packumentCache full:https://registry.npmjs.org/micromark-util-combine-extensions set size:undefined disposed:false
3039 http fetch GET 200 https://registry.npmjs.org/@types%2fdebug 223ms (cache miss)
3040 silly packumentCache full:https://registry.npmjs.org/@types%2fdebug set size:undefined disposed:false
3041 http fetch GET 200 https://registry.npmjs.org/micromark-util-character 224ms (cache miss)
3042 silly packumentCache full:https://registry.npmjs.org/micromark-util-character set size:undefined disposed:false
3043 http fetch GET 200 https://registry.npmjs.org/micromark-util-resolve-all 224ms (cache miss)
3044 silly packumentCache full:https://registry.npmjs.org/micromark-util-resolve-all set size:undefined disposed:false
3045 http fetch GET 200 https://registry.npmjs.org/micromark-util-chunked 226ms (cache miss)
3046 silly packumentCache full:https://registry.npmjs.org/micromark-util-chunked set size:undefined disposed:false
3047 http fetch GET 200 https://registry.npmjs.org/micromark-util-subtokenize 227ms (cache miss)
3048 silly packumentCache full:https://registry.npmjs.org/micromark-util-subtokenize set size:undefined disposed:false
3049 http fetch GET 200 https://registry.npmjs.org/micromark-util-encode 232ms (cache miss)
3050 silly packumentCache full:https://registry.npmjs.org/micromark-util-encode set size:undefined disposed:false
3051 http fetch GET 200 https://registry.npmjs.org/micromark-core-commonmark 250ms (cache miss)
3052 silly packumentCache full:https://registry.npmjs.org/micromark-core-commonmark set size:undefined disposed:false
3053 silly placeDep ROOT character-entities@2.0.2 OK for: decode-named-character-reference@1.3.0 want: ^2.0.0
3054 silly placeDep ROOT ccount@2.0.1 OK for: mdast-util-mdx-jsx@3.2.0 want: ^2.0.0
3055 silly placeDep ROOT parse-entities@4.0.2 OK for: mdast-util-mdx-jsx@3.2.0 want: ^4.0.0
3056 silly placeDep ROOT stringify-entities@4.0.4 OK for: mdast-util-mdx-jsx@3.2.0 want: ^4.0.0
3057 silly fetch manifest @types/unist@^2.0.0
3058 silly packumentCache full:https://registry.npmjs.org/@types%2funist cache-miss
3059 silly fetch manifest character-entities-legacy@^3.0.0
3060 silly packumentCache full:https://registry.npmjs.org/character-entities-legacy cache-miss
3061 silly fetch manifest character-reference-invalid@^2.0.0
3062 silly packumentCache full:https://registry.npmjs.org/character-reference-invalid cache-miss
3063 silly fetch manifest is-alphanumerical@^2.0.0
3064 silly packumentCache full:https://registry.npmjs.org/is-alphanumerical cache-miss
3065 silly fetch manifest is-decimal@^2.0.0
3066 silly packumentCache full:https://registry.npmjs.org/is-decimal cache-miss
3067 silly fetch manifest is-hexadecimal@^2.0.0
3068 silly packumentCache full:https://registry.npmjs.org/is-hexadecimal cache-miss
3069 silly fetch manifest character-entities-html4@^2.0.0
3070 silly packumentCache full:https://registry.npmjs.org/character-entities-html4 cache-miss
3071 silly fetch manifest character-entities-legacy@^3.0.0
3072 silly packumentCache full:https://registry.npmjs.org/character-entities-legacy cache-miss
3073 http cache https://registry.npmjs.org/@types%2funist 32ms (cache hit)
3074 silly packumentCache full:https://registry.npmjs.org/@types%2funist set size:39215 disposed:false
3075 http fetch GET 200 https://registry.npmjs.org/is-hexadecimal 142ms (cache miss)
3076 silly packumentCache full:https://registry.npmjs.org/is-hexadecimal set size:undefined disposed:false
3077 http fetch GET 200 https://registry.npmjs.org/is-decimal 144ms (cache miss)
3078 silly packumentCache full:https://registry.npmjs.org/is-decimal set size:undefined disposed:false
3079 http fetch GET 200 https://registry.npmjs.org/is-alphanumerical 150ms (cache miss)
3080 silly packumentCache full:https://registry.npmjs.org/is-alphanumerical set size:undefined disposed:false
3081 http fetch GET 200 https://registry.npmjs.org/character-entities-legacy 150ms (cache miss)
3082 silly packumentCache full:https://registry.npmjs.org/character-entities-legacy set size:undefined disposed:false
3083 http fetch GET 200 https://registry.npmjs.org/character-entities-legacy 179ms (cache miss)
3084 silly packumentCache full:https://registry.npmjs.org/character-entities-legacy set size:undefined disposed:false
3085 http fetch GET 200 https://registry.npmjs.org/character-reference-invalid 180ms (cache miss)
3086 silly packumentCache full:https://registry.npmjs.org/character-reference-invalid set size:undefined disposed:false
3087 http fetch GET 200 https://registry.npmjs.org/character-entities-html4 180ms (cache miss)
3088 silly packumentCache full:https://registry.npmjs.org/character-entities-html4 set size:undefined disposed:false
3089 silly placeDep ROOT @ungap/structured-clone@1.3.3 OK for: mdast-util-to-hast@13.2.1 want: ^1.0.0
3090 silly placeDep ROOT micromark-util-sanitize-uri@2.0.1 OK for: mdast-util-to-hast@13.2.1 want: ^2.0.0
3091 silly placeDep ROOT trim-lines@3.0.1 OK for: mdast-util-to-hast@13.2.1 want: ^3.0.0
3092 silly placeDep ROOT longest-streak@3.1.0 OK for: mdast-util-to-markdown@2.1.2 want: ^3.0.0
3093 silly placeDep ROOT mdast-util-phrasing@4.1.0 OK for: mdast-util-to-markdown@2.1.2 want: ^4.0.0
3094 silly placeDep ROOT micromark-util-classify-character@2.0.1 OK for: mdast-util-to-markdown@2.1.2 want: ^2.0.0
3095 silly placeDep ROOT zwitch@2.0.4 OK for: mdast-util-to-markdown@2.1.2 want: ^2.0.0
3096 silly placeDep ROOT unist-util-is@6.0.1 OK for: mdast-util-phrasing@4.1.0 want: ^6.0.0
3097 silly placeDep ROOT @types/debug@4.1.13 OK for: micromark@4.0.2 want: ^4.0.0
3098 silly placeDep ROOT micromark-core-commonmark@2.0.3 OK for: micromark@4.0.2 want: ^2.0.0
3099 silly placeDep ROOT micromark-factory-space@2.0.1 OK for: micromark@4.0.2 want: ^2.0.0
3100 silly placeDep ROOT micromark-util-character@2.1.1 OK for: micromark@4.0.2 want: ^2.0.0
3101 silly placeDep ROOT micromark-util-chunked@2.0.1 OK for: micromark@4.0.2 want: ^2.0.0
3102 silly placeDep ROOT micromark-util-combine-extensions@2.0.1 OK for: micromark@4.0.2 want: ^2.0.0
3103 silly placeDep ROOT micromark-util-encode@2.0.1 OK for: micromark@4.0.2 want: ^2.0.0
3104 silly placeDep ROOT micromark-util-resolve-all@2.0.1 OK for: micromark@4.0.2 want: ^2.0.0
3105 silly placeDep ROOT micromark-util-subtokenize@2.1.0 OK for: micromark@4.0.2 want: ^2.0.0
3106 silly fetch manifest @types/ms@*
3107 silly packumentCache full:https://registry.npmjs.org/@types%2fms cache-miss
3108 silly fetch manifest micromark-factory-destination@^2.0.0
3109 silly packumentCache full:https://registry.npmjs.org/micromark-factory-destination cache-miss
3110 silly fetch manifest micromark-factory-label@^2.0.0
3111 silly packumentCache full:https://registry.npmjs.org/micromark-factory-label cache-miss
3112 silly fetch manifest micromark-factory-title@^2.0.0
3113 silly packumentCache full:https://registry.npmjs.org/micromark-factory-title cache-miss
3114 silly fetch manifest micromark-factory-whitespace@^2.0.0
3115 silly packumentCache full:https://registry.npmjs.org/micromark-factory-whitespace cache-miss
3116 silly fetch manifest micromark-util-html-tag-name@^2.0.0
3117 silly packumentCache full:https://registry.npmjs.org/micromark-util-html-tag-name cache-miss
3118 http fetch GET 200 https://registry.npmjs.org/micromark-util-html-tag-name 156ms (cache miss)
3119 silly packumentCache full:https://registry.npmjs.org/micromark-util-html-tag-name set size:undefined disposed:false
3120 http fetch GET 200 https://registry.npmjs.org/micromark-factory-title 159ms (cache miss)
3121 silly packumentCache full:https://registry.npmjs.org/micromark-factory-title set size:undefined disposed:false
3122 http fetch GET 200 https://registry.npmjs.org/micromark-factory-whitespace 160ms (cache miss)
3123 silly packumentCache full:https://registry.npmjs.org/micromark-factory-whitespace set size:undefined disposed:false
3124 http fetch GET 200 https://registry.npmjs.org/@types%2fms 166ms (cache miss)
3125 silly packumentCache full:https://registry.npmjs.org/@types%2fms set size:undefined disposed:false
3126 http fetch GET 200 https://registry.npmjs.org/micromark-factory-label 167ms (cache miss)
3127 silly packumentCache full:https://registry.npmjs.org/micromark-factory-label set size:undefined disposed:false
3128 http fetch GET 200 https://registry.npmjs.org/micromark-factory-destination 168ms (cache miss)
3129 silly packumentCache full:https://registry.npmjs.org/micromark-factory-destination set size:undefined disposed:false
3130 silly placeDep ROOT @types/ms@2.1.0 OK for: @types/debug@4.1.13 want: *
3131 silly placeDep ROOT micromark-factory-destination@2.0.1 OK for: micromark-core-commonmark@2.0.3 want: ^2.0.0
3132 silly placeDep ROOT micromark-factory-label@2.0.1 OK for: micromark-core-commonmark@2.0.3 want: ^2.0.0
3133 silly placeDep ROOT micromark-factory-title@2.0.1 OK for: micromark-core-commonmark@2.0.3 want: ^2.0.0
3134 silly placeDep ROOT micromark-factory-whitespace@2.0.1 OK for: micromark-core-commonmark@2.0.3 want: ^2.0.0
3135 silly placeDep ROOT micromark-util-html-tag-name@2.0.1 OK for: micromark-core-commonmark@2.0.3 want: ^2.0.0
3136 silly placeDep node_modules/parse-entities @types/unist@2.0.11 OK for: parse-entities@4.0.2 want: ^2.0.0
3137 silly placeDep ROOT character-entities-legacy@3.0.0 OK for: parse-entities@4.0.2 want: ^3.0.0
3138 silly placeDep ROOT character-reference-invalid@2.0.1 OK for: parse-entities@4.0.2 want: ^2.0.0
3139 silly placeDep ROOT is-alphanumerical@2.0.1 OK for: parse-entities@4.0.2 want: ^2.0.0
3140 silly placeDep ROOT is-decimal@2.0.1 OK for: parse-entities@4.0.2 want: ^2.0.0
3141 silly placeDep ROOT is-hexadecimal@2.0.1 OK for: parse-entities@4.0.2 want: ^2.0.0
3142 silly fetch manifest is-alphabetical@^2.0.0
3143 silly packumentCache full:https://registry.npmjs.org/is-alphabetical cache-miss
3144 http fetch GET 200 https://registry.npmjs.org/is-alphabetical 140ms (cache miss)
3145 silly packumentCache full:https://registry.npmjs.org/is-alphabetical set size:undefined disposed:false
3146 silly placeDep ROOT is-alphabetical@2.0.1 OK for: is-alphanumerical@2.0.1 want: ^2.0.0
3147 silly fetch manifest react@^16.8.0 || ^17.0.0 || ^18.0.0 || ^19.0.0 || ^19.0.0-rc
3148 silly packumentCache full:https://registry.npmjs.org/react cache-miss
3149 http cache https://registry.npmjs.org/react 29ms (cache hit)
3150 silly packumentCache full:https://registry.npmjs.org/react set size:6888185 disposed:false
3151 silly placeDep ROOT react-remove-scroll-bar@2.3.8 OK for: react-remove-scroll@2.7.2 want: ^2.3.7
3152 silly placeDep ROOT react-style-singleton@2.2.3 OK for: react-remove-scroll@2.7.2 want: ^2.2.3
3153 silly placeDep ROOT use-callback-ref@1.3.3 OK for: react-remove-scroll@2.7.2 want: ^1.3.3
3154 silly placeDep ROOT use-sidecar@1.1.3 OK for: react-remove-scroll@2.7.2 want: ^1.1.3
3155 silly fetch manifest react-style-singleton@^2.2.2
3156 silly packumentCache full:https://registry.npmjs.org/react-style-singleton cache-miss
3157 silly fetch manifest get-nonce@^1.0.0
3158 silly packumentCache full:https://registry.npmjs.org/get-nonce cache-miss
3159 silly fetch manifest detect-node-es@^1.1.0
3160 silly packumentCache full:https://registry.npmjs.org/detect-node-es cache-miss
3161 http cache https://registry.npmjs.org/react-style-singleton 23ms (cache hit)
3162 silly packumentCache full:https://registry.npmjs.org/react-style-singleton set size:33682 disposed:false
3163 http fetch GET 200 https://registry.npmjs.org/detect-node-es 130ms (cache miss)
3164 silly packumentCache full:https://registry.npmjs.org/detect-node-es set size:undefined disposed:false
3165 http fetch GET 200 https://registry.npmjs.org/get-nonce 131ms (cache miss)
3166 silly packumentCache full:https://registry.npmjs.org/get-nonce set size:undefined disposed:false
3167 silly placeDep ROOT get-nonce@1.0.1 OK for: react-style-singleton@2.2.3 want: ^1.0.0
3168 silly fetch manifest @types/react@^18.2.25 || ^19
3169 silly packumentCache full:https://registry.npmjs.org/@types%2freact cache-miss
3170 http cache https://registry.npmjs.org/@types%2freact 21ms (cache hit)
3171 silly packumentCache full:https://registry.npmjs.org/@types%2freact set size:2637439 disposed:false
3172 silly fetch manifest react@^16.8.0 || ^17.0.0 || ^18.0.0 || ^19.0.0
3173 silly packumentCache full:https://registry.npmjs.org/react cache-miss
3174 http cache https://registry.npmjs.org/react 25ms (cache hit)
3175 silly packumentCache full:https://registry.npmjs.org/react set size:6888185 disposed:false
3176 silly fetch manifest redux@^5.0.0
3177 silly packumentCache full:https://registry.npmjs.org/redux cache-miss
3178 http fetch GET 200 https://registry.npmjs.org/redux 132ms (cache miss)
3179 silly packumentCache full:https://registry.npmjs.org/redux set size:undefined disposed:false
3180 silly placeDep ROOT @reduxjs/toolkit@2.12.0 OK for: recharts@3.10.1 want: ^1.9.0 || 2.x.x
3181 silly placeDep ROOT decimal.js-light@2.5.1 OK for: recharts@3.10.1 want: ^2.5.1
3182 silly placeDep ROOT es-toolkit@1.50.0 OK for: recharts@3.10.1 want: ^1.39.3
3183 silly placeDep ROOT eventemitter3@5.0.4 OK for: recharts@3.10.1 want: ^5.0.1
3184 silly placeDep ROOT immer@11.1.16 OK for: recharts@3.10.1 want: ^11.1.8
3185 silly placeDep ROOT react-redux@9.3.0 OK for: recharts@3.10.1 want: 8.x.x || 9.x.x
3186 silly placeDep ROOT reselect@5.2.0 OK for: recharts@3.10.1 want: 5.2.0
3187 silly placeDep ROOT tiny-invariant@1.3.3 OK for: recharts@3.10.1 want: ^1.3.3
3188 silly placeDep ROOT use-sync-external-store@1.6.0 OK for: recharts@3.10.1 want: ^1.2.2
3189 silly placeDep ROOT victory-vendor@37.3.6 OK for: recharts@3.10.1 want: ^37.0.2
3190 silly fetch manifest @standard-schema/spec@^1.0.0
3191 silly packumentCache full:https://registry.npmjs.org/@standard-schema%2fspec cache-miss
3192 silly fetch manifest @standard-schema/utils@^0.3.0
3193 silly packumentCache full:https://registry.npmjs.org/@standard-schema%2futils cache-miss
3194 silly fetch manifest immer@^11.0.0
3195 silly packumentCache full:https://registry.npmjs.org/immer cache-hit
3196 silly fetch manifest redux@^5.0.1
3197 silly packumentCache full:https://registry.npmjs.org/redux cache-miss
3198 silly fetch manifest redux-thunk@^3.1.0
3199 silly packumentCache full:https://registry.npmjs.org/redux-thunk cache-miss
3200 silly fetch manifest reselect@^5.1.0
3201 silly packumentCache full:https://registry.npmjs.org/reselect cache-miss
3202 silly fetch manifest @types/use-sync-external-store@^0.0.6
3203 silly packumentCache full:https://registry.npmjs.org/@types%2fuse-sync-external-store cache-miss
3204 silly fetch manifest use-sync-external-store@^1.4.0
3205 silly packumentCache full:https://registry.npmjs.org/use-sync-external-store cache-miss
3206 silly fetch manifest d3-ease@^3.0.1
3207 silly packumentCache full:https://registry.npmjs.org/d3-ease cache-miss
3208 silly fetch manifest d3-time@^3.0.0
3209 silly packumentCache full:https://registry.npmjs.org/d3-time cache-miss
3210 silly fetch manifest d3-array@^3.1.6
3211 silly packumentCache full:https://registry.npmjs.org/d3-array cache-miss
3212 silly fetch manifest d3-scale@^4.0.2
3213 silly packumentCache full:https://registry.npmjs.org/d3-scale cache-miss
3214 silly fetch manifest d3-shape@^3.1.0
3215 silly packumentCache full:https://registry.npmjs.org/d3-shape cache-miss
3216 silly fetch manifest d3-timer@^3.0.1
3217 silly packumentCache full:https://registry.npmjs.org/d3-timer cache-miss
3218 silly fetch manifest @types/d3-ease@^3.0.0
3219 silly packumentCache full:https://registry.npmjs.org/@types%2fd3-ease cache-miss
3220 silly fetch manifest @types/d3-time@^3.0.0
3221 silly packumentCache full:https://registry.npmjs.org/@types%2fd3-time cache-miss
3222 http cache https://registry.npmjs.org/redux 28ms (cache hit)
3223 silly packumentCache full:https://registry.npmjs.org/redux set size:553833 disposed:false
3224 silly fetch manifest d3-interpolate@^3.0.1
3225 silly packumentCache full:https://registry.npmjs.org/d3-interpolate cache-miss
3226 http cache https://registry.npmjs.org/reselect 33ms (cache hit)
3227 silly packumentCache full:https://registry.npmjs.org/reselect set size:353417 disposed:false
3228 silly fetch manifest @types/d3-array@^3.0.3
3229 silly packumentCache full:https://registry.npmjs.org/@types%2fd3-array cache-miss
3230 http cache https://registry.npmjs.org/use-sync-external-store 49ms (cache hit)
3231 silly packumentCache full:https://registry.npmjs.org/use-sync-external-store set size:4925989 disposed:false
3232 silly fetch manifest @types/d3-scale@^4.0.2
3233 silly packumentCache full:https://registry.npmjs.org/@types%2fd3-scale cache-miss
3234 http fetch GET 200 https://registry.npmjs.org/@types%2fuse-sync-external-store 183ms (cache miss)
3235 silly packumentCache full:https://registry.npmjs.org/@types%2fuse-sync-external-store set size:undefined disposed:false
3236 silly fetch manifest @types/d3-shape@^3.1.0
3237 silly packumentCache full:https://registry.npmjs.org/@types%2fd3-shape cache-miss
3238 http fetch GET 200 https://registry.npmjs.org/@types%2fd3-ease 203ms (cache miss)
3239 silly packumentCache full:https://registry.npmjs.org/@types%2fd3-ease set size:undefined disposed:false
3240 silly fetch manifest @types/d3-timer@^3.0.0
3241 silly packumentCache full:https://registry.npmjs.org/@types%2fd3-timer cache-miss
3242 http fetch GET 200 https://registry.npmjs.org/@standard-schema%2futils 219ms (cache miss)
3243 silly packumentCache full:https://registry.npmjs.org/@standard-schema%2futils set size:undefined disposed:false
3244 silly fetch manifest @types/d3-interpolate@^3.0.1
3245 silly packumentCache full:https://registry.npmjs.org/@types%2fd3-interpolate cache-miss
3246 http fetch GET 200 https://registry.npmjs.org/@types%2fd3-time 216ms (cache miss)
3247 silly packumentCache full:https://registry.npmjs.org/@types%2fd3-time set size:undefined disposed:false
3248 http fetch GET 200 https://registry.npmjs.org/d3-time 232ms (cache miss)
3249 silly packumentCache full:https://registry.npmjs.org/d3-time set size:undefined disposed:false
3250 http fetch GET 200 https://registry.npmjs.org/@standard-schema%2fspec 244ms (cache miss)
3251 silly packumentCache full:https://registry.npmjs.org/@standard-schema%2fspec set size:undefined disposed:false
3252 http fetch GET 200 https://registry.npmjs.org/d3-timer 244ms (cache miss)
3253 silly packumentCache full:https://registry.npmjs.org/d3-timer set size:undefined disposed:false
3254 http fetch GET 200 https://registry.npmjs.org/redux-thunk 249ms (cache miss)
3255 silly packumentCache full:https://registry.npmjs.org/redux-thunk set size:undefined disposed:false
3256 http fetch GET 200 https://registry.npmjs.org/d3-ease 252ms (cache miss)
3257 silly packumentCache full:https://registry.npmjs.org/d3-ease set size:undefined disposed:false
3258 http fetch GET 200 https://registry.npmjs.org/d3-array 255ms (cache miss)
3259 silly packumentCache full:https://registry.npmjs.org/d3-array set size:undefined disposed:false
3260 http fetch GET 200 https://registry.npmjs.org/d3-shape 258ms (cache miss)
3261 silly packumentCache full:https://registry.npmjs.org/d3-shape set size:undefined disposed:false
3262 http fetch GET 200 https://registry.npmjs.org/d3-interpolate 232ms (cache miss)
3263 silly packumentCache full:https://registry.npmjs.org/d3-interpolate set size:undefined disposed:false
3264 http fetch GET 200 https://registry.npmjs.org/@types%2fd3-array 230ms (cache miss)
3265 silly packumentCache full:https://registry.npmjs.org/@types%2fd3-array set size:undefined disposed:false
3266 http fetch GET 200 https://registry.npmjs.org/@types%2fd3-scale 206ms (cache miss)
3267 silly packumentCache full:https://registry.npmjs.org/@types%2fd3-scale set size:undefined disposed:false
3268 http fetch GET 200 https://registry.npmjs.org/d3-scale 303ms (cache miss)
3269 silly packumentCache full:https://registry.npmjs.org/d3-scale set size:undefined disposed:false
3270 http fetch GET 200 https://registry.npmjs.org/@types%2fd3-shape 154ms (cache miss)
3271 silly packumentCache full:https://registry.npmjs.org/@types%2fd3-shape set size:undefined disposed:false
3272 http fetch GET 200 https://registry.npmjs.org/@types%2fd3-timer 157ms (cache miss)
3273 silly packumentCache full:https://registry.npmjs.org/@types%2fd3-timer set size:undefined disposed:false
3274 http fetch GET 200 https://registry.npmjs.org/@types%2fd3-interpolate 149ms (cache miss)
3275 silly packumentCache full:https://registry.npmjs.org/@types%2fd3-interpolate set size:undefined disposed:false
3276 silly placeDep ROOT @standard-schema/spec@1.1.0 OK for: @reduxjs/toolkit@2.12.0 want: ^1.0.0
3277 silly placeDep ROOT @standard-schema/utils@0.3.0 OK for: @reduxjs/toolkit@2.12.0 want: ^0.3.0
3278 silly placeDep ROOT redux@5.0.1 OK for: @reduxjs/toolkit@2.12.0 want: ^5.0.1
3279 silly placeDep ROOT redux-thunk@3.1.0 OK for: @reduxjs/toolkit@2.12.0 want: ^3.1.0
3280 silly placeDep ROOT @types/use-sync-external-store@0.0.6 OK for: react-redux@9.3.0 want: ^0.0.6
3281 silly placeDep ROOT hast-util-to-text@4.0.2 OK for: rehype-highlight@7.0.2 want: ^4.0.0
3282 silly placeDep ROOT lowlight@3.3.0 OK for: rehype-highlight@7.0.2 want: ^3.0.0
3283 silly fetch manifest hast-util-is-element@^3.0.0
3284 silly packumentCache full:https://registry.npmjs.org/hast-util-is-element cache-miss
3285 silly fetch manifest unist-util-find-after@^5.0.0
3286 silly packumentCache full:https://registry.npmjs.org/unist-util-find-after cache-miss
3287 silly fetch manifest highlight.js@~11.11.0
3288 silly packumentCache full:https://registry.npmjs.org/highlight.js cache-miss
3289 http cache https://registry.npmjs.org/highlight.js 19ms (cache hit)
3290 silly packumentCache full:https://registry.npmjs.org/highlight.js set size:1253828 disposed:false
3291 http fetch GET 200 https://registry.npmjs.org/hast-util-is-element 141ms (cache miss)
3292 silly packumentCache full:https://registry.npmjs.org/hast-util-is-element set size:undefined disposed:false
3293 http fetch GET 200 https://registry.npmjs.org/unist-util-find-after 148ms (cache miss)
3294 silly packumentCache full:https://registry.npmjs.org/unist-util-find-after set size:undefined disposed:false
3295 silly placeDep ROOT hast-util-is-element@3.0.0 OK for: hast-util-to-text@4.0.2 want: ^3.0.0
3296 silly placeDep ROOT unist-util-find-after@5.0.0 OK for: hast-util-to-text@4.0.2 want: ^5.0.0
3297 silly placeDep node_modules/lowlight highlight.js@11.11.2 OK for: lowlight@3.3.0 want: ~11.11.0
3298 silly placeDep ROOT node-exports-info@1.6.2 OK for: resolve@2.0.0-next.7 want: ^1.6.0
3299 silly placeDep ROOT path-parse@1.0.7 OK for: resolve@2.0.0-next.7 want: ^1.0.7
3300 silly placeDep ROOT supports-preserve-symlinks-flag@1.0.0 OK for: resolve@2.0.0-next.7 want: ^1.0.0
3301 silly placeDep ROOT queue-microtask@1.2.3 OK for: run-parallel@1.2.0 want: ^1.2.2
3302 silly placeDep ROOT isarray@2.0.5 OK for: safe-array-concat@1.1.4 want: ^2.0.5
3303 silly placeDep ROOT @img/colour@1.1.0 OK for: sharp@0.35.3 want: ^1.1.0
3304 silly placeDep ROOT @img/sharp-darwin-arm64@0.35.3 OK for: sharp@0.35.3 want: 0.35.3
3305 silly placeDep ROOT @img/sharp-darwin-x64@0.35.3 OK for: sharp@0.35.3 want: 0.35.3
3306 silly placeDep ROOT @img/sharp-freebsd-wasm32@0.35.3 OK for: sharp@0.35.3 want: 0.35.3
3307 silly placeDep ROOT @img/sharp-libvips-darwin-arm64@1.3.2 OK for: sharp@0.35.3 want: 1.3.2
3308 silly placeDep ROOT @img/sharp-libvips-darwin-x64@1.3.2 OK for: sharp@0.35.3 want: 1.3.2
3309 silly placeDep ROOT @img/sharp-libvips-linux-arm@1.3.2 OK for: sharp@0.35.3 want: 1.3.2
3310 silly placeDep ROOT @img/sharp-libvips-linux-arm64@1.3.2 OK for: sharp@0.35.3 want: 1.3.2
3311 silly placeDep ROOT @img/sharp-libvips-linux-ppc64@1.3.2 OK for: sharp@0.35.3 want: 1.3.2
3312 silly placeDep ROOT @img/sharp-libvips-linux-riscv64@1.3.2 OK for: sharp@0.35.3 want: 1.3.2
3313 silly placeDep ROOT @img/sharp-libvips-linux-s390x@1.3.2 OK for: sharp@0.35.3 want: 1.3.2
3314 silly placeDep ROOT @img/sharp-libvips-linux-x64@1.3.2 OK for: sharp@0.35.3 want: 1.3.2
3315 silly placeDep ROOT @img/sharp-libvips-linuxmusl-arm64@1.3.2 OK for: sharp@0.35.3 want: 1.3.2
3316 silly placeDep ROOT @img/sharp-libvips-linuxmusl-x64@1.3.2 OK for: sharp@0.35.3 want: 1.3.2
3317 silly placeDep ROOT @img/sharp-linux-arm@0.35.3 OK for: sharp@0.35.3 want: 0.35.3
3318 silly placeDep ROOT @img/sharp-linux-arm64@0.35.3 OK for: sharp@0.35.3 want: 0.35.3
3319 silly placeDep ROOT @img/sharp-linux-ppc64@0.35.3 OK for: sharp@0.35.3 want: 0.35.3
3320 silly placeDep ROOT @img/sharp-linux-riscv64@0.35.3 OK for: sharp@0.35.3 want: 0.35.3
3321 silly placeDep ROOT @img/sharp-linux-s390x@0.35.3 OK for: sharp@0.35.3 want: 0.35.3
3322 silly placeDep ROOT @img/sharp-linux-x64@0.35.3 OK for: sharp@0.35.3 want: 0.35.3
3323 silly placeDep ROOT @img/sharp-linuxmusl-arm64@0.35.3 OK for: sharp@0.35.3 want: 0.35.3
3324 silly placeDep ROOT @img/sharp-linuxmusl-x64@0.35.3 OK for: sharp@0.35.3 want: 0.35.3
3325 silly placeDep ROOT @img/sharp-webcontainers-wasm32@0.35.3 OK for: sharp@0.35.3 want: 0.35.3
3326 silly placeDep ROOT @img/sharp-win32-arm64@0.35.3 OK for: sharp@0.35.3 want: 0.35.3
3327 silly placeDep ROOT @img/sharp-win32-ia32@0.35.3 OK for: sharp@0.35.3 want: 0.35.3
3328 silly placeDep ROOT @img/sharp-win32-x64@0.35.3 OK for: sharp@0.35.3 want: 0.35.3
3329 silly placeDep node_modules/sharp semver@7.8.5 OK for: sharp@0.35.3 want: ^7.8.5
3330 silly fetch manifest @img/sharp-wasm32@0.35.3
3331 silly packumentCache full:https://registry.npmjs.org/@img%2fsharp-wasm32 cache-miss
3332 silly fetch manifest @img/sharp-wasm32@0.35.3
3333 silly packumentCache full:https://registry.npmjs.org/@img%2fsharp-wasm32 cache-miss
3334 http fetch GET 200 https://registry.npmjs.org/@img%2fsharp-wasm32 158ms (cache miss)
3335 silly packumentCache full:https://registry.npmjs.org/@img%2fsharp-wasm32 set size:undefined disposed:false
3336 http fetch GET 200 https://registry.npmjs.org/@img%2fsharp-wasm32 172ms (cache miss)
3337 silly packumentCache full:https://registry.npmjs.org/@img%2fsharp-wasm32 set size:undefined disposed:false
3338 silly placeDep ROOT @img/sharp-wasm32@0.35.3 OK for: @img/sharp-freebsd-wasm32@0.35.3 want: 0.35.3
3339 silly fetch manifest @emnapi/runtime@^1.11.1
3340 silly packumentCache full:https://registry.npmjs.org/@emnapi%2fruntime cache-miss
3341 http fetch GET 200 https://registry.npmjs.org/@emnapi%2fruntime 140ms (cache miss)
3342 silly packumentCache full:https://registry.npmjs.org/@emnapi%2fruntime set size:undefined disposed:false
3343 silly placeDep ROOT @emnapi/runtime@1.11.3 OK for: @img/sharp-wasm32@0.35.3 want: ^1.11.1
3344 silly placeDep ROOT shebang-regex@3.0.0 OK for: shebang-command@2.0.0 want: ^3.0.0
3345 silly placeDep ROOT side-channel-list@1.0.1 OK for: side-channel@1.1.1 want: ^1.0.1
3346 silly placeDep ROOT side-channel-map@1.0.1 OK for: side-channel@1.1.1 want: ^1.0.1
3347 silly placeDep ROOT side-channel-weakmap@1.0.2 OK for: side-channel@1.1.1 want: ^1.0.2
3348 silly placeDep ROOT character-entities-html4@2.1.0 OK for: stringify-entities@4.0.4 want: ^2.0.0
3349 silly placeDep ROOT style-to-object@1.0.14 OK for: style-to-js@1.1.21 want: 1.0.14
3350 silly fetch manifest inline-style-parser@0.2.7
3351 silly packumentCache full:https://registry.npmjs.org/inline-style-parser cache-miss
3352 http fetch GET 200 https://registry.npmjs.org/inline-style-parser 123ms (cache miss)
3353 silly packumentCache full:https://registry.npmjs.org/inline-style-parser set size:undefined disposed:false
3354 silly placeDep ROOT inline-style-parser@0.2.7 OK for: style-to-object@1.0.14 want: 0.2.7
3355 silly placeDep ROOT client-only@0.0.1 OK for: styled-jsx@5.1.6 want: 0.0.1
3356 silly placeDep ROOT has-flag@4.0.0 OK for: supports-color@7.2.0 want: ^4.0.0
3357 silly placeDep node_modules/tinyglobby fdir@6.5.0 OK for: tinyglobby@0.2.17 want: ^6.5.0
3358 silly placeDep node_modules/tinyglobby picomatch@4.0.5 OK for: fdir@6.5.0 want: ^3 || ^4
3359 silly placeDep ROOT is-number@7.0.0 OK for: to-regex-range@5.0.1 want: ^7.0.0
3360 silly placeDep ROOT @types/json5@0.0.29 OK for: tsconfig-paths@3.15.0 want: ^0.0.29
3361 silly placeDep node_modules/tsconfig-paths json5@1.0.2 OK for: tsconfig-paths@3.15.0 want: ^1.0.2
3362 silly placeDep ROOT minimist@1.2.8 OK for: tsconfig-paths@3.15.0 want: ^1.2.6
3363 silly placeDep ROOT strip-bom@3.0.0 OK for: tsconfig-paths@3.15.0 want: ^3.0.0
3364 silly fetch manifest minimist@^1.2.0
3365 silly packumentCache full:https://registry.npmjs.org/minimist cache-miss
3366 http cache https://registry.npmjs.org/minimist 24ms (cache hit)
3367 silly packumentCache full:https://registry.npmjs.org/minimist set size:77063 disposed:false
3368 silly placeDep ROOT for-each@0.3.5 OK for: typed-array-byte-length@1.0.3 want: ^0.3.3
3369 silly placeDep ROOT reflect.getprototypeof@1.0.10 OK for: typed-array-byte-offset@1.0.4 want: ^1.0.9
3370 silly fetch manifest which-builtin-type@^1.2.1
3371 silly packumentCache full:https://registry.npmjs.org/which-builtin-type cache-miss
3372 http fetch GET 200 https://registry.npmjs.org/which-builtin-type 125ms (cache miss)
3373 silly packumentCache full:https://registry.npmjs.org/which-builtin-type set size:undefined disposed:false
3374 silly placeDep ROOT which-builtin-type@1.2.1 OK for: reflect.getprototypeof@1.0.10 want: ^1.2.1
3375 silly fetch manifest is-async-function@^2.0.0
3376 silly packumentCache full:https://registry.npmjs.org/is-async-function cache-miss
3377 silly fetch manifest is-finalizationregistry@^1.1.0
3378 silly packumentCache full:https://registry.npmjs.org/is-finalizationregistry cache-miss
3379 silly fetch manifest is-generator-function@^1.0.10
3380 silly packumentCache full:https://registry.npmjs.org/is-generator-function cache-miss
3381 silly fetch manifest which-boxed-primitive@^1.1.0
3382 silly packumentCache full:https://registry.npmjs.org/which-boxed-primitive cache-miss
3383 silly fetch manifest which-collection@^1.0.2
3384 silly packumentCache full:https://registry.npmjs.org/which-collection cache-miss
3385 http cache https://registry.npmjs.org/which-boxed-primitive 14ms (cache hit)
3386 silly packumentCache full:https://registry.npmjs.org/which-boxed-primitive set size:19407 disposed:false
3387 http fetch GET 200 https://registry.npmjs.org/which-collection 125ms (cache miss)
3388 silly packumentCache full:https://registry.npmjs.org/which-collection set size:undefined disposed:false
3389 http fetch GET 200 https://registry.npmjs.org/is-finalizationregistry 144ms (cache miss)
3390 silly packumentCache full:https://registry.npmjs.org/is-finalizationregistry set size:undefined disposed:false
3391 http fetch GET 200 https://registry.npmjs.org/is-generator-function 158ms (cache miss)
3392 silly packumentCache full:https://registry.npmjs.org/is-generator-function set size:undefined disposed:false
3393 http fetch GET 200 https://registry.npmjs.org/is-async-function 164ms (cache miss)
3394 silly packumentCache full:https://registry.npmjs.org/is-async-function set size:undefined disposed:false
3395 silly fetch manifest eslint@^8.57.0 || ^9.0.0 || ^10.0.0
3396 silly packumentCache full:https://registry.npmjs.org/eslint cache-miss
3397 http cache https://registry.npmjs.org/eslint 18ms (cache hit)
3398 silly packumentCache full:https://registry.npmjs.org/eslint set size:2048190 disposed:false
3399 silly placeDep ROOT @typescript-eslint/eslint-plugin@8.67.0 OK for: typescript-eslint@8.67.0 want: 8.67.0
3400 silly placeDep ROOT @typescript-eslint/parser@8.67.0 OK for: @typescript-eslint/eslint-plugin@8.67.0 want: ^8.67.0
3401 silly placeDep ROOT @typescript-eslint/typescript-estree@8.67.0 OK for: typescript-eslint@8.67.0 want: 8.67.0
3402 silly placeDep ROOT @typescript-eslint/utils@8.67.0 OK for: typescript-eslint@8.67.0 want: 8.67.0
3403 silly fetch manifest ignore@^7.0.5
3404 silly packumentCache full:https://registry.npmjs.org/ignore cache-miss
3405 silly fetch manifest ts-api-utils@^2.5.0
3406 silly packumentCache full:https://registry.npmjs.org/ts-api-utils cache-miss
3407 silly fetch manifest @typescript-eslint/type-utils@8.67.0
3408 silly packumentCache full:https://registry.npmjs.org/@typescript-eslint%2ftype-utils cache-miss
3409 silly fetch manifest @typescript-eslint/visitor-keys@8.67.0
3410 silly packumentCache full:https://registry.npmjs.org/@typescript-eslint%2fvisitor-keys cache-miss
3411 silly fetch manifest @typescript-eslint/scope-manager@8.67.0
3412 silly packumentCache full:https://registry.npmjs.org/@typescript-eslint%2fscope-manager cache-miss
3413 silly fetch manifest @typescript-eslint/types@8.67.0
3414 silly packumentCache full:https://registry.npmjs.org/@typescript-eslint%2ftypes cache-miss
3415 silly fetch manifest @typescript-eslint/visitor-keys@8.67.0
3416 silly packumentCache full:https://registry.npmjs.org/@typescript-eslint%2fvisitor-keys cache-miss
3417 silly fetch manifest @typescript-eslint/scope-manager@8.67.0
3418 silly packumentCache full:https://registry.npmjs.org/@typescript-eslint%2fscope-manager cache-miss
3419 silly fetch manifest semver@^7.7.3
3420 silly packumentCache full:https://registry.npmjs.org/semver cache-hit
3421 silly fetch manifest minimatch@^10.2.2
3422 silly packumentCache full:https://registry.npmjs.org/minimatch cache-miss
3423 silly fetch manifest ts-api-utils@^2.5.0
3424 silly packumentCache full:https://registry.npmjs.org/ts-api-utils cache-miss
3425 silly fetch manifest @typescript-eslint/types@8.67.0
3426 silly packumentCache full:https://registry.npmjs.org/@typescript-eslint%2ftypes cache-miss
3427 silly fetch manifest @typescript-eslint/visitor-keys@8.67.0
3428 silly packumentCache full:https://registry.npmjs.org/@typescript-eslint%2fvisitor-keys cache-miss
3429 silly fetch manifest @typescript-eslint/tsconfig-utils@8.67.0
3430 silly packumentCache full:https://registry.npmjs.org/@typescript-eslint%2ftsconfig-utils cache-miss
3431 silly fetch manifest @typescript-eslint/project-service@8.67.0
3432 silly packumentCache full:https://registry.npmjs.org/@typescript-eslint%2fproject-service cache-miss
3433 silly fetch manifest @typescript-eslint/types@8.67.0
3434 silly packumentCache full:https://registry.npmjs.org/@typescript-eslint%2ftypes cache-miss
3435 http cache https://registry.npmjs.org/minimatch 24ms (cache hit)
3436 silly packumentCache full:https://registry.npmjs.org/minimatch set size:377924 disposed:false
3437 silly fetch manifest @typescript-eslint/scope-manager@8.67.0
3438 silly packumentCache full:https://registry.npmjs.org/@typescript-eslint%2fscope-manager cache-miss
3439 http cache https://registry.npmjs.org/ignore 32ms (cache hit)
3440 silly packumentCache full:https://registry.npmjs.org/ignore set size:240910 disposed:false
3441 http fetch GET 200 https://registry.npmjs.org/ts-api-utils 154ms (cache miss)
3442 silly packumentCache full:https://registry.npmjs.org/ts-api-utils set size:undefined disposed:false
3443 http fetch GET 200 https://registry.npmjs.org/ts-api-utils 172ms (cache miss)
3444 silly packumentCache full:https://registry.npmjs.org/ts-api-utils set size:undefined disposed:false
3445 http fetch GET 200 https://registry.npmjs.org/@typescript-eslint%2fproject-service 299ms (cache miss)
3446 silly packumentCache full:https://registry.npmjs.org/@typescript-eslint%2fproject-service set size:undefined disposed:false
3447 http fetch GET 200 https://registry.npmjs.org/@typescript-eslint%2ftsconfig-utils 552ms (cache miss)
3448 silly packumentCache full:https://registry.npmjs.org/@typescript-eslint%2ftsconfig-utils set size:undefined disposed:false
3449 http fetch GET 200 https://registry.npmjs.org/@typescript-eslint%2ftypes 1561ms (cache miss)
3450 silly packumentCache full:https://registry.npmjs.org/@typescript-eslint%2ftypes set size:undefined disposed:false
3451 http fetch GET 200 https://registry.npmjs.org/@typescript-eslint%2ftypes 1752ms (cache miss)
3452 silly packumentCache full:https://registry.npmjs.org/@typescript-eslint%2ftypes set size:undefined disposed:false
3453 http fetch GET 200 https://registry.npmjs.org/@typescript-eslint%2fvisitor-keys 1882ms (cache miss)
3454 silly packumentCache full:https://registry.npmjs.org/@typescript-eslint%2fvisitor-keys set size:undefined disposed:false
3455 http fetch GET 200 https://registry.npmjs.org/@typescript-eslint%2fvisitor-keys 2018ms (cache miss)
3456 silly packumentCache full:https://registry.npmjs.org/@typescript-eslint%2fvisitor-keys set size:undefined disposed:false
3457 http fetch GET 200 https://registry.npmjs.org/@typescript-eslint%2ftypes 2096ms (cache miss)
3458 silly packumentCache full:https://registry.npmjs.org/@typescript-eslint%2ftypes set size:undefined disposed:false
3459 http fetch GET 200 https://registry.npmjs.org/@typescript-eslint%2fscope-manager 2212ms (cache miss)
3460 silly packumentCache full:https://registry.npmjs.org/@typescript-eslint%2fscope-manager set size:undefined disposed:false
3461 http fetch GET 200 https://registry.npmjs.org/@typescript-eslint%2ftype-utils 2362ms (cache miss)
3462 silly packumentCache full:https://registry.npmjs.org/@typescript-eslint%2ftype-utils set size:undefined disposed:false
3463 http fetch GET 200 https://registry.npmjs.org/@typescript-eslint%2fscope-manager 2642ms (cache miss)
3464 silly packumentCache full:https://registry.npmjs.org/@typescript-eslint%2fscope-manager set size:undefined disposed:false
3465 http fetch GET 200 https://registry.npmjs.org/@typescript-eslint%2fscope-manager 2722ms (cache miss)
3466 silly packumentCache full:https://registry.npmjs.org/@typescript-eslint%2fscope-manager set size:undefined disposed:false
3467 http fetch GET 200 https://registry.npmjs.org/@typescript-eslint%2fvisitor-keys 3570ms (cache miss)
3468 silly packumentCache full:https://registry.npmjs.org/@typescript-eslint%2fvisitor-keys set size:undefined disposed:false
3469 silly placeDep ROOT @typescript-eslint/scope-manager@8.67.0 OK for: @typescript-eslint/eslint-plugin@8.67.0 want: 8.67.0
3470 silly placeDep ROOT @typescript-eslint/type-utils@8.67.0 OK for: @typescript-eslint/eslint-plugin@8.67.0 want: 8.67.0
3471 silly placeDep ROOT @typescript-eslint/visitor-keys@8.67.0 OK for: @typescript-eslint/eslint-plugin@8.67.0 want: 8.67.0
3472 silly placeDep node_modules/@typescript-eslint/eslint-plugin ignore@7.0.6 OK for: @typescript-eslint/eslint-plugin@8.67.0 want: ^7.0.5
3473 silly placeDep ROOT ts-api-utils@2.5.0 OK for: @typescript-eslint/eslint-plugin@8.67.0 want: ^2.5.0
3474 silly fetch manifest eslint-visitor-keys@^5.0.0
3475 silly packumentCache full:https://registry.npmjs.org/eslint-visitor-keys cache-hit
3476 silly placeDep ROOT @typescript-eslint/types@8.67.0 OK for: @typescript-eslint/parser@8.67.0 want: 8.67.0
3477 silly placeDep ROOT @typescript-eslint/project-service@8.67.0 OK for: @typescript-eslint/typescript-estree@8.67.0 want: 8.67.0
3478 silly placeDep ROOT @typescript-eslint/tsconfig-utils@8.67.0 OK for: @typescript-eslint/typescript-estree@8.67.0 want: 8.67.0
3479 silly placeDep node_modules/@typescript-eslint/typescript-estree minimatch@10.2.6 OK for: @typescript-eslint/typescript-estree@8.67.0 want: ^10.2.2
3480 silly placeDep node_modules/@typescript-eslint/typescript-estree semver@7.8.5 OK for: @typescript-eslint/typescript-estree@8.67.0 want: ^7.7.3
3481 silly fetch manifest @typescript-eslint/tsconfig-utils@^8.67.0
3482 silly packumentCache full:https://registry.npmjs.org/@typescript-eslint%2ftsconfig-utils cache-miss
3483 silly fetch manifest brace-expansion@^5.0.8
3484 silly packumentCache full:https://registry.npmjs.org/brace-expansion cache-miss
3485 http cache https://registry.npmjs.org/@typescript-eslint%2ftsconfig-utils 17ms (cache hit)
3486 silly packumentCache full:https://registry.npmjs.org/@typescript-eslint%2ftsconfig-utils set size:1693315 disposed:false
3487 http cache https://registry.npmjs.org/brace-expansion 29ms (cache hit)
3488 silly packumentCache full:https://registry.npmjs.org/brace-expansion set size:101024 disposed:false
3489 silly placeDep node_modules/@typescript-eslint/visitor-keys eslint-visitor-keys@5.0.1 OK for: @typescript-eslint/visitor-keys@8.67.0 want: ^5.0.0
3490 silly placeDep ROOT has-bigints@1.1.0 OK for: unbox-primitive@1.1.0 want: ^1.0.2
3491 silly placeDep ROOT which-boxed-primitive@1.1.1 OK for: unbox-primitive@1.1.0 want: ^1.1.1
3492 silly fetch manifest is-bigint@^1.1.0
3493 silly packumentCache full:https://registry.npmjs.org/is-bigint cache-miss
3494 silly fetch manifest is-boolean-object@^1.2.1
3495 silly packumentCache full:https://registry.npmjs.org/is-boolean-object cache-miss
3496 silly fetch manifest is-number-object@^1.1.1
3497 silly packumentCache full:https://registry.npmjs.org/is-number-object cache-miss
3498 http fetch GET 200 https://registry.npmjs.org/is-number-object 125ms (cache miss)
3499 silly packumentCache full:https://registry.npmjs.org/is-number-object set size:undefined disposed:false
3500 http fetch GET 200 https://registry.npmjs.org/is-boolean-object 128ms (cache miss)
3501 silly packumentCache full:https://registry.npmjs.org/is-boolean-object set size:undefined disposed:false
3502 http fetch GET 200 https://registry.npmjs.org/is-bigint 142ms (cache miss)
3503 silly packumentCache full:https://registry.npmjs.org/is-bigint set size:undefined disposed:false
3504 silly placeDep ROOT bail@2.0.2 OK for: unified@11.0.5 want: ^2.0.0
3505 silly placeDep ROOT extend@3.0.2 OK for: unified@11.0.5 want: ^3.0.0
3506 silly placeDep ROOT is-plain-obj@4.1.0 OK for: unified@11.0.5 want: ^4.0.0
3507 silly placeDep ROOT trough@2.2.0 OK for: unified@11.0.5 want: ^2.0.0
3508 silly placeDep ROOT unist-util-visit-parents@6.0.2 OK for: unist-util-visit@5.1.0 want: ^6.0.0
3509 silly placeDep ROOT @unrs/resolver-binding-android-arm-eabi@1.12.2 OK for: unrs-resolver@1.12.2 want: 1.12.2
3510 silly placeDep ROOT @unrs/resolver-binding-android-arm64@1.12.2 OK for: unrs-resolver@1.12.2 want: 1.12.2
3511 silly placeDep ROOT @unrs/resolver-binding-darwin-arm64@1.12.2 OK for: unrs-resolver@1.12.2 want: 1.12.2
3512 silly placeDep ROOT @unrs/resolver-binding-darwin-x64@1.12.2 OK for: unrs-resolver@1.12.2 want: 1.12.2
3513 silly placeDep ROOT @unrs/resolver-binding-freebsd-x64@1.12.2 OK for: unrs-resolver@1.12.2 want: 1.12.2
3514 silly placeDep ROOT @unrs/resolver-binding-linux-arm-gnueabihf@1.12.2 OK for: unrs-resolver@1.12.2 want: 1.12.2
3515 silly placeDep ROOT @unrs/resolver-binding-linux-arm-musleabihf@1.12.2 OK for: unrs-resolver@1.12.2 want: 1.12.2
3516 silly placeDep ROOT @unrs/resolver-binding-linux-arm64-gnu@1.12.2 OK for: unrs-resolver@1.12.2 want: 1.12.2
3517 silly placeDep ROOT @unrs/resolver-binding-linux-arm64-musl@1.12.2 OK for: unrs-resolver@1.12.2 want: 1.12.2
3518 silly placeDep ROOT @unrs/resolver-binding-linux-loong64-gnu@1.12.2 OK for: unrs-resolver@1.12.2 want: 1.12.2
3519 silly placeDep ROOT @unrs/resolver-binding-linux-loong64-musl@1.12.2 OK for: unrs-resolver@1.12.2 want: 1.12.2
3520 silly placeDep ROOT @unrs/resolver-binding-linux-ppc64-gnu@1.12.2 OK for: unrs-resolver@1.12.2 want: 1.12.2
3521 silly placeDep ROOT @unrs/resolver-binding-linux-riscv64-gnu@1.12.2 OK for: unrs-resolver@1.12.2 want: 1.12.2
3522 silly placeDep ROOT @unrs/resolver-binding-linux-riscv64-musl@1.12.2 OK for: unrs-resolver@1.12.2 want: 1.12.2
3523 silly placeDep ROOT @unrs/resolver-binding-linux-s390x-gnu@1.12.2 OK for: unrs-resolver@1.12.2 want: 1.12.2
3524 silly placeDep ROOT @unrs/resolver-binding-linux-x64-gnu@1.12.2 OK for: unrs-resolver@1.12.2 want: 1.12.2
3525 silly placeDep ROOT @unrs/resolver-binding-linux-x64-musl@1.12.2 OK for: unrs-resolver@1.12.2 want: 1.12.2
3526 silly placeDep ROOT @unrs/resolver-binding-openharmony-arm64@1.12.2 OK for: unrs-resolver@1.12.2 want: 1.12.2
3527 silly placeDep ROOT @unrs/resolver-binding-wasm32-wasi@1.12.2 OK for: unrs-resolver@1.12.2 want: 1.12.2
3528 silly placeDep ROOT @unrs/resolver-binding-win32-arm64-msvc@1.12.2 OK for: unrs-resolver@1.12.2 want: 1.12.2
3529 silly placeDep ROOT @unrs/resolver-binding-win32-ia32-msvc@1.12.2 OK for: unrs-resolver@1.12.2 want: 1.12.2
3530 silly placeDep ROOT @unrs/resolver-binding-win32-x64-msvc@1.12.2 OK for: unrs-resolver@1.12.2 want: 1.12.2
3531 silly placeDep ROOT napi-postinstall@0.3.4 OK for: unrs-resolver@1.12.2 want: ^0.3.4
3532 silly fetch manifest @napi-rs/wasm-runtime@^1.1.4
3533 silly packumentCache full:https://registry.npmjs.org/@napi-rs%2fwasm-runtime cache-miss
3534 silly fetch manifest @emnapi/core@1.10.0
3535 silly packumentCache full:https://registry.npmjs.org/@emnapi%2fcore cache-miss
3536 silly fetch manifest @emnapi/runtime@1.10.0
3537 silly packumentCache full:https://registry.npmjs.org/@emnapi%2fruntime cache-miss
3538 http cache https://registry.npmjs.org/@emnapi%2fruntime 14ms (cache hit)
3539 silly packumentCache full:https://registry.npmjs.org/@emnapi%2fruntime set size:125040 disposed:false
3540 http fetch GET 200 https://registry.npmjs.org/@emnapi%2fcore 191ms (cache miss)
3541 silly packumentCache full:https://registry.npmjs.org/@emnapi%2fcore set size:undefined disposed:false
3542 http fetch GET 200 https://registry.npmjs.org/@napi-rs%2fwasm-runtime 198ms (cache miss)
3543 silly packumentCache full:https://registry.npmjs.org/@napi-rs%2fwasm-runtime set size:undefined disposed:false
3544 silly placeDep ROOT @emnapi/core@1.10.0 OK for: @unrs/resolver-binding-wasm32-wasi@1.12.2 want: 1.10.0
3545 silly placeDep node_modules/@unrs/resolver-binding-wasm32-wasi @emnapi/runtime@1.10.0 OK for: @unrs/resolver-binding-wasm32-wasi@1.12.2 want: 1.10.0
3546 silly placeDep ROOT @napi-rs/wasm-runtime@1.2.3 OK for: @unrs/resolver-binding-wasm32-wasi@1.12.2 want: ^1.1.4
3547 silly fetch manifest @emnapi/wasi-threads@1.2.1
3548 silly packumentCache full:https://registry.npmjs.org/@emnapi%2fwasi-threads cache-miss
3549 silly fetch manifest @tybys/wasm-util@^0.10.3
3550 silly packumentCache full:https://registry.npmjs.org/@tybys%2fwasm-util cache-miss
3551 http fetch GET 200 https://registry.npmjs.org/@emnapi%2fwasi-threads 137ms (cache miss)
3552 silly packumentCache full:https://registry.npmjs.org/@emnapi%2fwasi-threads set size:undefined disposed:false
3553 http fetch GET 200 https://registry.npmjs.org/@tybys%2fwasm-util 149ms (cache miss)
3554 silly packumentCache full:https://registry.npmjs.org/@tybys%2fwasm-util set size:undefined disposed:false
3555 silly placeDep ROOT @emnapi/wasi-threads@1.2.1 OK for: @emnapi/core@1.10.0 want: 1.2.1
3556 silly placeDep ROOT @tybys/wasm-util@0.10.3 OK for: @napi-rs/wasm-runtime@1.2.3 want: ^0.10.3
3557 silly placeDep ROOT escalade@3.2.0 OK for: update-browserslist-db@1.3.1 want: ^3.2.0
3558 silly placeDep ROOT punycode@2.3.1 OK for: uri-js@4.4.1 want: ^2.1.0
3559 silly placeDep ROOT detect-node-es@1.1.0 OK for: use-sidecar@1.1.3 want: ^1.1.0
3560 silly placeDep ROOT @types/d3-array@3.2.2 OK for: victory-vendor@37.3.6 want: ^3.0.3
3561 silly placeDep ROOT @types/d3-ease@3.0.2 OK for: victory-vendor@37.3.6 want: ^3.0.0
3562 silly placeDep ROOT @types/d3-interpolate@3.0.4 OK for: victory-vendor@37.3.6 want: ^3.0.1
3563 silly placeDep ROOT @types/d3-scale@4.0.9 OK for: victory-vendor@37.3.6 want: ^4.0.2
3564 silly placeDep ROOT @types/d3-shape@3.1.8 OK for: victory-vendor@37.3.6 want: ^3.1.0
3565 silly placeDep ROOT @types/d3-time@3.0.4 OK for: victory-vendor@37.3.6 want: ^3.0.0
3566 silly placeDep ROOT @types/d3-timer@3.0.2 OK for: victory-vendor@37.3.6 want: ^3.0.0
3567 silly placeDep ROOT d3-array@3.2.4 OK for: victory-vendor@37.3.6 want: ^3.1.6
3568 silly placeDep ROOT d3-ease@3.0.1 OK for: victory-vendor@37.3.6 want: ^3.0.1
3569 silly placeDep ROOT d3-interpolate@3.0.1 OK for: victory-vendor@37.3.6 want: ^3.0.1
3570 silly placeDep ROOT d3-scale@4.0.2 OK for: victory-vendor@37.3.6 want: ^4.0.2
3571 silly placeDep ROOT d3-shape@3.2.0 OK for: victory-vendor@37.3.6 want: ^3.1.0
3572 silly placeDep ROOT d3-time@3.1.0 OK for: victory-vendor@37.3.6 want: ^3.0.0
3573 silly placeDep ROOT d3-timer@3.0.1 OK for: victory-vendor@37.3.6 want: ^3.0.1
3574 silly fetch manifest @types/d3-color@*
3575 silly packumentCache full:https://registry.npmjs.org/@types%2fd3-color cache-miss
3576 silly fetch manifest @types/d3-time@*
3577 silly packumentCache full:https://registry.npmjs.org/@types%2fd3-time cache-miss
3578 silly fetch manifest @types/d3-path@*
3579 silly packumentCache full:https://registry.npmjs.org/@types%2fd3-path cache-miss
3580 silly fetch manifest internmap@1 - 2
3581 silly packumentCache full:https://registry.npmjs.org/internmap cache-miss
3582 silly fetch manifest d3-color@1 - 3
3583 silly packumentCache full:https://registry.npmjs.org/d3-color cache-miss
3584 silly fetch manifest d3-format@1 - 3
3585 silly packumentCache full:https://registry.npmjs.org/d3-format cache-miss
3586 silly fetch manifest d3-time@2.1.1 - 3
3587 silly packumentCache full:https://registry.npmjs.org/d3-time cache-miss
3588 silly fetch manifest d3-time-format@2 - 4
3589 silly packumentCache full:https://registry.npmjs.org/d3-time-format cache-miss
3590 silly fetch manifest d3-path@^3.1.0
3591 silly packumentCache full:https://registry.npmjs.org/d3-path cache-miss
3592 http cache https://registry.npmjs.org/d3-time 21ms (cache hit)
3593 silly packumentCache full:https://registry.npmjs.org/d3-time set size:150406 disposed:false
3594 http cache https://registry.npmjs.org/@types%2fd3-time 24ms (cache hit)
3595 silly packumentCache full:https://registry.npmjs.org/@types%2fd3-time set size:52652 disposed:false
3596 http fetch GET 200 https://registry.npmjs.org/internmap 141ms (cache miss)
3597 silly packumentCache full:https://registry.npmjs.org/internmap set size:undefined disposed:false
3598 http fetch GET 200 https://registry.npmjs.org/@types%2fd3-path 148ms (cache miss)
3599 silly packumentCache full:https://registry.npmjs.org/@types%2fd3-path set size:undefined disposed:false
3600 http fetch GET 200 https://registry.npmjs.org/d3-time-format 149ms (cache miss)
3601 silly packumentCache full:https://registry.npmjs.org/d3-time-format set size:undefined disposed:false
3602 http fetch GET 200 https://registry.npmjs.org/d3-color 153ms (cache miss)
3603 silly packumentCache full:https://registry.npmjs.org/d3-color set size:undefined disposed:false
3604 http fetch GET 200 https://registry.npmjs.org/@types%2fd3-color 173ms (cache miss)
3605 silly packumentCache full:https://registry.npmjs.org/@types%2fd3-color set size:undefined disposed:false
3606 http fetch GET 200 https://registry.npmjs.org/d3-format 182ms (cache miss)
3607 silly packumentCache full:https://registry.npmjs.org/d3-format set size:undefined disposed:false
3608 http fetch GET 200 https://registry.npmjs.org/d3-path 184ms (cache miss)
3609 silly packumentCache full:https://registry.npmjs.org/d3-path set size:undefined disposed:false
3610 silly placeDep ROOT @types/d3-color@3.1.3 OK for: @types/d3-interpolate@3.0.4 want: *
3611 silly placeDep ROOT @types/d3-path@3.1.1 OK for: @types/d3-shape@3.1.8 want: *
3612 silly placeDep ROOT internmap@2.0.3 OK for: d3-array@3.2.4 want: 1 - 2
3613 silly placeDep ROOT d3-color@3.1.0 OK for: d3-interpolate@3.0.1 want: 1 - 3
3614 silly placeDep ROOT d3-format@3.1.2 OK for: d3-scale@4.0.2 want: 1 - 3
3615 silly placeDep ROOT d3-time-format@4.1.0 OK for: d3-scale@4.0.2 want: 2 - 4
3616 silly placeDep ROOT d3-path@3.1.0 OK for: d3-shape@3.2.0 want: ^3.1.0
3617 silly placeDep ROOT isexe@2.0.0 OK for: which@2.0.2 want: ^2.0.0
3618 silly placeDep ROOT is-bigint@1.1.0 OK for: which-boxed-primitive@1.1.1 want: ^1.1.0
3619 silly placeDep ROOT is-boolean-object@1.2.2 OK for: which-boxed-primitive@1.1.1 want: ^1.2.1
3620 silly placeDep ROOT is-number-object@1.1.1 OK for: which-boxed-primitive@1.1.1 want: ^1.1.1
3621 silly placeDep ROOT is-async-function@2.1.1 OK for: which-builtin-type@1.2.1 want: ^2.0.0
3622 silly placeDep ROOT is-finalizationregistry@1.1.1 OK for: which-builtin-type@1.2.1 want: ^1.1.0
3623 silly placeDep ROOT is-generator-function@1.1.2 OK for: which-builtin-type@1.2.1 want: ^1.0.10
3624 silly placeDep ROOT which-collection@1.0.2 OK for: which-builtin-type@1.2.1 want: ^1.0.2
3625 silly fetch manifest async-function@^1.0.0
3626 silly packumentCache full:https://registry.npmjs.org/async-function cache-miss
3627 silly fetch manifest generator-function@^2.0.0
3628 silly packumentCache full:https://registry.npmjs.org/generator-function cache-miss
3629 silly fetch manifest is-map@^2.0.3
3630 silly packumentCache full:https://registry.npmjs.org/is-map cache-miss
3631 silly fetch manifest is-weakmap@^2.0.2
3632 silly packumentCache full:https://registry.npmjs.org/is-weakmap cache-miss
3633 silly fetch manifest is-weakset@^2.0.3
3634 silly packumentCache full:https://registry.npmjs.org/is-weakset cache-miss
3635 http fetch GET 200 https://registry.npmjs.org/generator-function 128ms (cache miss)
3636 silly packumentCache full:https://registry.npmjs.org/generator-function set size:undefined disposed:false
3637 http fetch GET 200 https://registry.npmjs.org/async-function 134ms (cache miss)
3638 silly packumentCache full:https://registry.npmjs.org/async-function set size:undefined disposed:false
3639 http fetch GET 200 https://registry.npmjs.org/is-map 135ms (cache miss)
3640 silly packumentCache full:https://registry.npmjs.org/is-map set size:undefined disposed:false
3641 http fetch GET 200 https://registry.npmjs.org/is-weakmap 145ms (cache miss)
3642 silly packumentCache full:https://registry.npmjs.org/is-weakmap set size:undefined disposed:false
3643 http fetch GET 200 https://registry.npmjs.org/is-weakset 162ms (cache miss)
3644 silly packumentCache full:https://registry.npmjs.org/is-weakset set size:undefined disposed:false
3645 silly placeDep ROOT async-function@1.0.0 OK for: is-async-function@2.1.1 want: ^1.0.0
3646 silly placeDep ROOT generator-function@2.0.1 OK for: is-generator-function@1.1.2 want: ^2.0.0
3647 silly placeDep ROOT is-map@2.0.3 OK for: which-collection@1.0.2 want: ^2.0.3
3648 silly placeDep ROOT is-weakmap@2.0.2 OK for: which-collection@1.0.2 want: ^2.0.2
3649 silly placeDep ROOT is-weakset@2.0.4 OK for: which-collection@1.0.2 want: ^2.0.3
3650 silly placeDep node_modules/@typescript-eslint/typescript-estree brace-expansion@5.0.9 OK for: minimatch@10.2.6 want: ^5.0.8
3651 silly fetch manifest balanced-match@^4.0.2
3652 silly packumentCache full:https://registry.npmjs.org/balanced-match cache-miss
3653 http cache https://registry.npmjs.org/balanced-match 13ms (cache hit)
3654 silly packumentCache full:https://registry.npmjs.org/balanced-match set size:39082 disposed:false
3655 silly placeDep node_modules/@typescript-eslint/typescript-estree balanced-match@4.0.4 OK for: brace-expansion@5.0.9 want: ^4.0.2
3656 silly reify moves {}
3657 verbose reify failed optional dependency C:\Users\肖欣睿\Desktop\ai_interview-main\web\node_modules\@tailwindcss\oxide-wasm32-wasi
3658 silly reify mark deleted [
3658 silly reify   'C:\\Users\\肖欣睿\\Desktop\\ai_interview-main\\web\\node_modules\\@tailwindcss\\oxide-wasm32-wasi'
3658 silly reify ]
3659 silly audit bulk request {
3659 silly audit   '@radix-ui/react-accordion': [ '1.2.20' ],
3659 silly audit   react: [ '19.2.0' ],
3659 silly audit   'react-dom': [ '19.2.0' ],
3659 silly audit   '@radix-ui/react-alert-dialog': [ '1.1.23' ],
3659 silly audit   '@radix-ui/react-avatar': [ '1.2.6' ],
3659 silly audit   '@radix-ui/react-dialog': [ '1.1.23' ],
3659 silly audit   '@radix-ui/react-dropdown-menu': [ '2.1.24' ],
3659 silly audit   '@radix-ui/react-scroll-area': [ '1.2.18' ],
3659 silly audit   '@radix-ui/react-separator': [ '1.1.15' ],
3659 silly audit   '@radix-ui/react-slot': [ '1.3.3' ],
3659 silly audit   '@radix-ui/react-tabs': [ '1.1.21' ],
3659 silly audit   '@tailwindcss/postcss': [ '4.3.3' ],
3659 silly audit   '@tailwindcss/typography': [ '0.5.20' ],
3659 silly audit   tailwindcss: [ '4.3.3' ],
3659 silly audit   '@types/node': [ '20.19.43' ],
3659 silly audit   '@types/react': [ '19.2.18' ],
3659 silly audit   '@types/react-dom': [ '19.2.4' ],
3659 silly audit   '@types/uuid': [ '10.0.0' ],
3659 silly audit   'babel-plugin-react-compiler': [ '1.0.0' ],
3659 silly audit   'baseline-browser-mapping': [ '2.11.13' ],
3659 silly audit   'class-variance-authority': [ '0.7.1' ],
3659 silly audit   clsx: [ '2.1.1' ],
3659 silly audit   eslint: [ '9.39.5' ],
3659 silly audit   'eslint-config-next': [ '16.0.4' ],
3659 silly audit   'framer-motion': [ '12.43.0' ],
3659 silly audit   'highlight.js': [ '11.12.0', '11.11.2' ],
3659 silly audit   'lucide-react': [ '0.555.0' ],
3659 silly audit   next: [ '16.3.0' ],
3659 silly audit   'react-markdown': [ '10.1.0' ],
3659 silly audit   recharts: [ '3.10.1' ],
3659 silly audit   'react-is': [ '19.2.8', '16.13.1' ],
3659 silly audit   'rehype-highlight': [ '7.0.2' ],
3659 silly audit   sonner: [ '2.0.8' ],
3659 silly audit   'tailwind-merge': [ '3.6.0' ],
3659 silly audit   'tw-animate-css': [ '1.4.0' ],
3659 silly audit   typescript: [ '5.9.3' ],
3659 silly audit   uuid: [ '13.0.2' ],
3659 silly audit   zustand: [ '5.0.15' ],
3659 silly audit   '@radix-ui/primitive': [ '1.1.7' ],
3659 silly audit   '@radix-ui/react-collapsible': [ '1.1.20' ],
3659 silly audit   '@radix-ui/react-collection': [ '1.1.15' ],
3659 silly audit   '@radix-ui/react-compose-refs': [ '1.1.5' ],
3659 silly audit   '@radix-ui/react-context': [ '1.2.2' ],
3659 silly audit   '@radix-ui/react-direction': [ '1.1.4' ],
3659 silly audit   '@radix-ui/react-id': [ '1.1.4' ],
3659 silly audit   '@radix-ui/react-primitive': [ '2.1.10' ],
3659 silly audit   '@radix-ui/react-use-controllable-state': [ '1.2.6' ],
3659 silly audit   '@radix-ui/react-use-callback-ref': [ '1.1.4' ],
3659 silly audit   '@radix-ui/react-use-is-hydrated': [ '0.1.3' ],
3659 silly audit   '@radix-ui/react-use-layout-effect': [ '1.1.4' ],
3659 silly audit   '@radix-ui/react-presence': [ '1.1.10' ],
3659 silly audit   '@radix-ui/react-dismissable-layer': [ '1.1.19' ],
3659 silly audit   '@radix-ui/react-focus-guards': [ '1.1.6' ],
3659 silly audit   '@radix-ui/react-focus-scope': [ '1.1.16' ],
3659 silly audit   '@radix-ui/react-portal': [ '1.1.17' ],
3659 silly audit   'aria-hidden': [ '1.2.6' ],
3659 silly audit   'react-remove-scroll': [ '2.7.2' ],
3659 silly audit   '@radix-ui/react-use-effect-event': [ '0.0.5' ],
3659 silly audit   '@radix-ui/react-menu': [ '2.1.24' ],
3659 silly audit   '@radix-ui/react-popper': [ '1.3.7' ],
3659 silly audit   '@radix-ui/react-roving-focus': [ '1.1.19' ],
3659 silly audit   '@floating-ui/react-dom': [ '2.1.9' ],
3659 silly audit   '@radix-ui/react-arrow': [ '1.1.15' ],
3659 silly audit   '@radix-ui/react-use-rect': [ '1.1.4' ],
3659 silly audit   '@radix-ui/react-use-size': [ '1.1.4' ],
3659 silly audit   '@radix-ui/rect': [ '1.1.3' ],
3659 silly audit   '@floating-ui/dom': [ '1.8.0' ],
3659 silly audit   '@floating-ui/core': [ '1.8.0' ],
3659 silly audit   '@floating-ui/utils': [ '0.2.12' ],
3659 silly audit   '@radix-ui/number': [ '1.1.3' ],
3659 silly audit   '@alloc/quick-lru': [ '5.2.0' ],
3659 silly audit   '@tailwindcss/node': [ '4.3.3' ],
3659 silly audit   '@tailwindcss/oxide': [ '4.3.3' ],
3659 silly audit   postcss: [ '8.5.26', '8.5.23' ],
3659 silly audit   '@jridgewell/remapping': [ '2.3.5' ],
3659 silly audit   'enhanced-resolve': [ '5.24.5' ],
3659 silly audit   jiti: [ '2.7.0' ],
3659 silly audit   lightningcss: [ '1.32.0' ],
3659 silly audit   'magic-string': [ '0.30.21' ],
3659 silly audit   'source-map-js': [ '1.2.1' ],
3659 silly audit   '@jridgewell/gen-mapping': [ '0.3.13' ],
3659 silly audit   '@jridgewell/trace-mapping': [ '0.3.31' ],
3659 silly audit   '@jridgewell/sourcemap-codec': [ '1.5.5' ],
3659 silly audit   '@jridgewell/resolve-uri': [ '3.1.2' ],
3659 silly audit   '@tailwindcss/oxide-android-arm64': [ '4.3.3' ],
3659 silly audit   '@tailwindcss/oxide-darwin-arm64': [ '4.3.3' ],
3659 silly audit   '@tailwindcss/oxide-darwin-x64': [ '4.3.3' ],
3659 silly audit   '@tailwindcss/oxide-freebsd-x64': [ '4.3.3' ],
3659 silly audit   '@tailwindcss/oxide-linux-arm-gnueabihf': [ '4.3.3' ],
3659 silly audit   '@tailwindcss/oxide-linux-arm64-gnu': [ '4.3.3' ],
3659 silly audit   '@tailwindcss/oxide-linux-arm64-musl': [ '4.3.3' ],
3659 silly audit   '@tailwindcss/oxide-linux-x64-gnu': [ '4.3.3' ],
3659 silly audit   '@tailwindcss/oxide-linux-x64-musl': [ '4.3.3' ],
3659 silly audit   '@tailwindcss/oxide-win32-arm64-msvc': [ '4.3.3' ],
3659 silly audit   '@tailwindcss/oxide-win32-x64-msvc': [ '4.3.3' ],
3659 silly audit   'postcss-selector-parser': [ '6.0.10' ],
3659 silly audit   'undici-types': [ '6.21.0' ],
3659 silly audit   csstype: [ '3.2.3' ],
3659 silly audit   tslib: [ '2.8.1' ],
3659 silly audit   '@babel/types': [ '7.29.8' ],
3659 silly audit   '@babel/helper-string-parser': [ '7.29.7' ],
3659 silly audit   '@babel/helper-validator-identifier': [ '7.29.7' ],
3659 silly audit   'graceful-fs': [ '4.2.11' ],
3659 silly audit   tapable: [ '2.3.3' ],
3659 silly audit   '@eslint-community/eslint-utils': [ '4.10.1' ],
3659 silly audit   '@eslint-community/regexpp': [ '4.12.2' ],
3659 silly audit   '@eslint/config-array': [ '0.21.2' ],
3659 silly audit   '@eslint/config-helpers': [ '0.4.2' ],
3659 silly audit   '@eslint/core': [ '0.17.0' ],
3659 silly audit   '@eslint/eslintrc': [ '3.3.6' ],
3659 silly audit   '@eslint/js': [ '9.39.5' ],
3659 silly audit   '@eslint/plugin-kit': [ '0.4.1' ],
3659 silly audit   '@humanfs/node': [ '0.16.8' ],
3659 silly audit   '@humanwhocodes/module-importer': [ '1.0.1' ],
3659 silly audit   '@humanwhocodes/retry': [ '0.4.3' ],
3659 silly audit   '@types/estree': [ '1.0.9' ],
3659 silly audit   ajv: [ '6.15.0' ],
3659 silly audit   chalk: [ '4.1.2' ],
3659 silly audit   'cross-spawn': [ '7.0.6' ],
3659 silly audit   debug: [ '4.4.3', '3.2.7' ],
3659 silly audit   'escape-string-regexp': [ '4.0.0' ],
3659 silly audit   'eslint-scope': [ '8.4.0' ],
3659 silly audit   'eslint-visitor-keys': [ '4.2.1', '3.4.3', '5.0.1' ],
3659 silly audit   espree: [ '10.4.0' ],
3659 silly audit   esquery: [ '1.7.0' ],
3659 silly audit   esutils: [ '2.0.3' ],
3659 silly audit   'fast-deep-equal': [ '3.1.3' ],
3659 silly audit   'file-entry-cache': [ '8.0.0' ],
3659 silly audit   'find-up': [ '5.0.0' ],
3659 silly audit   'glob-parent': [ '6.0.2', '5.1.2' ],
3659 silly audit   ignore: [ '5.3.2', '7.0.6' ],
3659 silly audit   imurmurhash: [ '0.1.4' ],
3659 silly audit   'is-glob': [ '4.0.3' ],
3659 silly audit   'json-stable-stringify-without-jsonify': [ '1.0.1' ],
3659 silly audit   'lodash.merge': [ '4.6.2' ],
3659 silly audit   minimatch: [ '3.1.5', '10.2.6' ],
3659 silly audit   'natural-compare': [ '1.4.0' ],
3659 silly audit   optionator: [ '0.9.4' ],
3659 silly audit   '@eslint/object-schema': [ '2.1.7' ],
3659 silly audit   '@types/json-schema': [ '7.0.15' ],
3659 silly audit   globals: [ '14.0.0', '16.4.0' ],
3659 silly audit   'import-fresh': [ '3.3.1' ],
3659 silly audit   'js-yaml': [ '4.3.1' ],
3659 silly audit   'strip-json-comments': [ '3.1.1' ],
3659 silly audit   levn: [ '0.4.1' ],
3659 silly audit   '@humanfs/core': [ '0.19.2' ],
3659 silly audit   '@humanfs/types': [ '0.15.0' ],
3659 silly audit   'fast-json-stable-stringify': [ '2.1.0' ],
3659 silly audit   'json-schema-traverse': [ '0.4.1' ],
3659 silly audit   'uri-js': [ '4.4.1' ],
3659 silly audit   'ansi-styles': [ '4.3.0' ],
3659 silly audit   'supports-color': [ '7.2.0' ],
3659 silly audit   'color-convert': [ '2.0.1' ],
3659 silly audit   'color-name': [ '1.1.4' ],
3659 silly audit   'path-key': [ '3.1.1' ],
3659 silly audit   'shebang-command': [ '2.0.0' ],
3659 silly audit   which: [ '2.0.2' ],
3659 silly audit   ms: [ '2.1.3' ],
3659 silly audit   '@next/eslint-plugin-next': [ '16.0.4' ],
3659 silly audit   'eslint-import-resolver-node': [ '0.3.10' ],
3659 silly audit   'eslint-import-resolver-typescript': [ '3.10.1' ],
3659 silly audit   'eslint-plugin-import': [ '2.32.0' ],
3659 silly audit   'eslint-plugin-jsx-a11y': [ '6.10.2' ],
3659 silly audit   'eslint-plugin-react': [ '7.37.5' ],
3659 silly audit   'eslint-plugin-react-hooks': [ '7.1.1' ],
3659 silly audit   'typescript-eslint': [ '8.67.0' ],
3659 silly audit   'fast-glob': [ '3.3.1' ],
3659 silly audit   'is-core-module': [ '2.16.2' ],
3659 silly audit   resolve: [ '2.0.0-next.7' ],
3659 silly audit   '@nolyfill/is-core-module': [ '1.0.39' ],
3659 silly audit   'get-tsconfig': [ '4.14.2' ],
3659 silly audit   'is-bun-module': [ '2.0.0' ],
3659 silly audit   'stable-hash': [ '0.0.5' ],
3659 silly audit   tinyglobby: [ '0.2.17' ],
3659 silly audit   'unrs-resolver': [ '1.12.2' ],
3659 silly audit   '@rtsao/scc': [ '1.1.0' ],
3659 silly audit   'array-includes': [ '3.1.9' ],
3659 silly audit   'array.prototype.findlastindex': [ '1.2.6' ],
3659 silly audit   'array.prototype.flat': [ '1.3.3' ],
3659 silly audit   'array.prototype.flatmap': [ '1.3.3' ],
3659 silly audit   doctrine: [ '2.1.0' ],
3659 silly audit   'eslint-module-utils': [ '2.14.0' ],
3659 silly audit   hasown: [ '2.0.4' ],
3659 silly audit   'object.fromentries': [ '2.0.8' ],
3659 silly audit   'object.groupby': [ '1.0.3' ],
3659 silly audit   'object.values': [ '1.2.1' ],
3659 silly audit   semver: [ '6.3.1', '7.8.5' ],
3659 silly audit   'string.prototype.trimend': [ '1.0.10' ],
3659 silly audit   'tsconfig-paths': [ '3.15.0' ],
3659 silly audit   'call-bind': [ '1.0.9' ],
3659 silly audit   'call-bound': [ '1.0.4' ],
3659 silly audit   'define-properties': [ '1.2.1' ],
3659 silly audit   'es-abstract': [ '1.24.2' ],
3659 silly audit   'es-object-atoms': [ '1.1.2' ],
3659 silly audit   'get-intrinsic': [ '1.3.0' ],
3659 silly audit   'is-string': [ '1.1.1' ],
3659 silly audit   'math-intrinsics': [ '1.1.0' ],
3659 silly audit   'es-errors': [ '1.3.0' ],
3659 silly audit   'es-shim-unscopables': [ '1.1.0' ],
3659 silly audit   'call-bind-apply-helpers': [ '1.0.2' ],
3659 silly audit   'es-define-property': [ '1.0.1' ],
3659 silly audit   'set-function-length': [ '1.2.2' ],
3659 silly audit   'function-bind': [ '1.1.2' ],
3659 silly audit   'define-data-property': [ '1.1.4' ],
3659 silly audit   'has-property-descriptors': [ '1.0.2' ],
3659 silly audit   'object-keys': [ '1.1.1' ],
3659 silly audit   gopd: [ '1.2.0' ],
3659 silly audit   'array-buffer-byte-length': [ '1.0.2' ],
3659 silly audit   'arraybuffer.prototype.slice': [ '1.0.4' ],
3659 silly audit   'available-typed-arrays': [ '1.0.7' ],
3659 silly audit   'data-view-buffer': [ '1.0.2' ],
3659 silly audit   'data-view-byte-length': [ '1.0.2' ],
3659 silly audit   'data-view-byte-offset': [ '1.0.1' ],
3659 silly audit   'es-set-tostringtag': [ '2.1.0' ],
3659 silly audit   'es-to-primitive': [ '1.3.4' ],
3659 silly audit   'function.prototype.name': [ '1.2.0' ],
3659 silly audit   'get-proto': [ '1.0.1' ],
3659 silly audit   'get-symbol-description': [ '1.1.0' ],
3659 silly audit   globalthis: [ '1.0.4' ],
3659 silly audit   'has-proto': [ '1.2.0' ],
3659 silly audit   'has-symbols': [ '1.1.0' ],
3659 silly audit   'internal-slot': [ '1.1.0' ],
3659 silly audit   'is-array-buffer': [ '3.0.5' ],
3659 silly audit   'is-callable': [ '1.2.7' ],
3659 silly audit   'is-data-view': [ '1.0.2' ],
3659 silly audit   'is-negative-zero': [ '2.0.3' ],
3659 silly audit   'is-regex': [ '1.2.1' ],
3659 silly audit   'is-set': [ '2.0.3' ],
3659 silly audit   'is-shared-array-buffer': [ '1.0.4' ],
3659 silly audit   'is-typed-array': [ '1.1.15' ],
3659 silly audit   'is-weakref': [ '1.1.1' ],
3659 silly audit   'object-inspect': [ '1.13.4' ],
3659 silly audit   'object.assign': [ '4.1.7' ],
3659 silly audit   'own-keys': [ '1.0.2' ],
3659 silly audit   'regexp.prototype.flags': [ '1.5.4' ],
3659 silly audit   'safe-array-concat': [ '1.1.4' ],
3659 silly audit   'safe-push-apply': [ '1.0.0' ],
3659 silly audit   'safe-regex-test': [ '1.1.0' ],
3659 silly audit   'set-proto': [ '1.0.0' ],
3659 silly audit   'stop-iteration-iterator': [ '1.1.0' ],
3659 silly audit   'string.prototype.trim': [ '1.2.11' ],
3659 silly audit   'string.prototype.trimstart': [ '1.0.8' ],
3659 silly audit   'typed-array-buffer': [ '1.0.3' ],
3659 silly audit   'typed-array-byte-length': [ '1.0.3' ],
3659 silly audit   'typed-array-byte-offset': [ '1.0.4' ],
3659 silly audit   'typed-array-length': [ '1.0.8' ],
3659 silly audit   'unbox-primitive': [ '1.1.0' ],
3659 silly audit   'which-typed-array': [ '1.1.22' ],
3659 silly audit   'possible-typed-array-names': [ '1.1.0' ],
3659 silly audit   'has-tostringtag': [ '1.0.2' ],
3659 silly audit   'es-abstract-get': [ '1.0.0' ],
3659 silly audit   'is-date-object': [ '1.1.0' ],
3659 silly audit   'is-symbol': [ '1.1.1' ],
3659 silly audit   'aria-query': [ '5.3.2' ],
3659 silly audit   'ast-types-flow': [ '0.0.8' ],
3659 silly audit   'axe-core': [ '4.13.0' ],
3659 silly audit   'axobject-query': [ '4.1.0' ],
3659 silly audit   'damerau-levenshtein': [ '1.0.8' ],
3659 silly audit   'emoji-regex': [ '9.2.2' ],
3659 silly audit   'jsx-ast-utils': [ '3.3.5' ],
3659 silly audit   'language-tags': [ '1.0.9' ],
3659 silly audit   'string.prototype.includes': [ '2.0.1' ],
3659 silly audit   'array.prototype.findlast': [ '1.2.5' ],
3659 silly audit   'array.prototype.tosorted': [ '1.1.4' ],
3659 silly audit   'es-iterator-helpers': [ '1.4.0' ],
3659 silly audit   estraverse: [ '5.3.0' ],
3659 silly audit   'object.entries': [ '1.1.9' ],
3659 silly audit   'prop-types': [ '15.8.1' ],
3659 silly audit   'string.prototype.matchall': [ '4.0.12' ],
3659 silly audit   'string.prototype.repeat': [ '1.0.0' ],
3659 silly audit   'iterator.prototype': [ '1.1.5' ],
3659 silly audit   '@babel/core': [ '7.29.7' ],
3659 silly audit   '@babel/parser': [ '7.29.8' ],
3659 silly audit   'hermes-parser': [ '0.25.1' ],
3659 silly audit   zod: [ '4.4.3' ],
3659 silly audit   'zod-validation-error': [ '4.0.2' ],
3659 silly audit   '@babel/code-frame': [ '7.29.7' ],
3659 silly audit   '@babel/generator': [ '7.29.8' ],
3659 silly audit   '@babel/helper-compilation-targets': [ '7.29.7' ],
3659 silly audit   '@babel/helper-module-transforms': [ '7.29.7' ],
3659 silly audit   '@babel/helpers': [ '7.29.7' ],
3659 silly audit   '@babel/template': [ '7.29.7' ],
3659 silly audit   '@babel/traverse': [ '7.29.8' ],
3659 silly audit   'convert-source-map': [ '2.0.0' ],
3659 silly audit   gensync: [ '1.0.0-beta.2' ],
3659 silly audit   json5: [ '2.2.3', '1.0.2' ],
3659 silly audit   'js-tokens': [ '4.0.0' ],
3659 silly audit   picocolors: [ '1.1.1' ],
3659 silly audit   jsesc: [ '3.1.0' ],
3659 silly audit   '@babel/compat-data': [ '7.29.7' ],
3659 silly audit   '@babel/helper-validator-option': [ '7.29.7' ],
3659 silly audit   browserslist: [ '4.28.8' ],
3659 silly audit   'lru-cache': [ '5.1.1' ],
3659 silly audit   '@babel/helper-module-imports': [ '7.29.7' ],
3659 silly audit   '@babel/helper-globals': [ '7.29.7' ],
3659 silly audit   'caniuse-lite': [ '1.0.30001809' ],
3659 silly audit   'electron-to-chromium': [ '1.5.405' ],
3659 silly audit   'node-releases': [ '2.0.53' ],
3659 silly audit   'update-browserslist-db': [ '1.3.1' ],
3659 silly audit   esrecurse: [ '4.3.0' ],
3659 silly audit   acorn: [ '8.18.0' ],
3659 silly audit   'acorn-jsx': [ '5.3.2' ],
3659 silly audit   '@nodelib/fs.stat': [ '2.0.5' ],
3659 silly audit   '@nodelib/fs.walk': [ '1.2.8' ],
3659 silly audit   merge2: [ '1.4.1' ],
3659 silly audit   micromatch: [ '4.0.8' ],
3659 silly audit   '@nodelib/fs.scandir': [ '2.1.5' ],
3659 silly audit   fastq: [ '1.20.1' ],
3659 silly audit   'run-parallel': [ '1.2.0' ],
3659 silly audit   reusify: [ '1.1.0' ],
3659 silly audit   'flat-cache': [ '4.0.1' ],
3659 silly audit   'locate-path': [ '6.0.0' ],
3659 silly audit   'path-exists': [ '4.0.0' ],
3659 silly audit   flatted: [ '3.4.4' ],
3659 silly audit   keyv: [ '4.5.4' ],
3659 silly audit   'motion-dom': [ '12.43.0' ],
3659 silly audit   'motion-utils': [ '12.39.0' ],
3659 silly audit   'functions-have-names': [ '1.2.3' ],
3659 silly audit   'is-document.all': [ '1.0.0' ],
3659 silly audit   'dunder-proto': [ '1.0.1' ],
3659 silly audit   'resolve-pkg-maps': [ '1.0.0' ],
3659 silly audit   'hermes-estree': [ '0.25.1' ],
3659 silly audit   'parent-module': [ '1.0.1' ],
3659 silly audit   'resolve-from': [ '4.0.0' ],
3659 silly audit   'side-channel': [ '1.1.1' ],
3659 silly audit   'is-extglob': [ '2.1.1' ],
3659 silly audit   'set-function-name': [ '2.0.2' ],
3659 silly audit   argparse: [ '2.0.1' ],
3659 silly audit   'json-buffer': [ '3.0.1' ],
3659 silly audit   'language-subtag-registry': [ '0.3.23' ],
3659 silly audit   'prelude-ls': [ '1.2.1' ],
3659 silly audit   'type-check': [ '0.4.0' ],
3659 silly audit   'detect-libc': [ '2.1.2' ],
3659 silly audit   'lightningcss-android-arm64': [ '1.32.0' ],
3659 silly audit   'lightningcss-darwin-arm64': [ '1.32.0' ],
3659 silly audit   'lightningcss-darwin-x64': [ '1.32.0' ],
3659 silly audit   'lightningcss-freebsd-x64': [ '1.32.0' ],
3659 silly audit   'lightningcss-linux-arm-gnueabihf': [ '1.32.0' ],
3659 silly audit   'lightningcss-linux-arm64-gnu': [ '1.32.0' ],
3659 silly audit   'lightningcss-linux-arm64-musl': [ '1.32.0' ],
3659 silly audit   'lightningcss-linux-x64-gnu': [ '1.32.0' ],
3659 silly audit   'lightningcss-linux-x64-musl': [ '1.32.0' ],
3659 silly audit   'lightningcss-win32-arm64-msvc': [ '1.32.0' ],
3659 silly audit   'lightningcss-win32-x64-msvc': [ '1.32.0' ],
3659 silly audit   'p-locate': [ '5.0.0' ],
3659 silly audit   yallist: [ '3.1.1' ],
3659 silly audit   braces: [ '3.0.3' ],
3659 silly audit   picomatch: [ '2.3.2', '4.0.5' ],
3659 silly audit   'fill-range': [ '7.1.1' ],
3659 silly audit   'to-regex-range': [ '5.0.1' ],
3659 silly audit   'brace-expansion': [ '1.1.18', '5.0.9' ],
3659 silly audit   'balanced-match': [ '1.0.2', '4.0.4' ],
3659 silly audit   'concat-map': [ '0.0.1' ],
3659 silly audit   '@next/env': [ '16.3.0' ],
3659 silly audit   '@next/swc-darwin-arm64': [ '16.3.0' ],
3659 silly audit   '@next/swc-darwin-x64': [ '16.3.0' ],
3659 silly audit   '@next/swc-linux-arm64-gnu': [ '16.3.0' ],
3659 silly audit   '@next/swc-linux-arm64-musl': [ '16.3.0' ],
3659 silly audit   '@next/swc-linux-x64-gnu': [ '16.3.0' ],
3659 silly audit   '@next/swc-linux-x64-musl': [ '16.3.0' ],
3659 silly audit   '@next/swc-win32-arm64-msvc': [ '16.3.0' ],
3659 silly audit   '@next/swc-win32-x64-msvc': [ '16.3.0' ],
3659 silly audit   '@swc/helpers': [ '0.5.15' ],
3659 silly audit   sharp: [ '0.35.3' ],
3659 silly audit   'styled-jsx': [ '5.1.6' ],
3659 silly audit   'deep-is': [ '0.1.4' ],
3659 silly audit   'fast-levenshtein': [ '2.0.6' ],
3659 silly audit   'word-wrap': [ '1.2.5' ],
3659 silly audit   'p-limit': [ '3.1.0' ],
3659 silly audit   'yocto-queue': [ '0.1.0' ],
3659 silly audit   callsites: [ '3.1.0' ],
3659 silly audit   nanoid: [ '3.3.18' ],
3659 silly audit   cssesc: [ '3.0.0' ],
3659 silly audit   'util-deprecate': [ '1.0.2' ],
3659 silly audit   'loose-envify': [ '1.4.0' ],
3659 silly audit   'object-assign': [ '4.1.1' ],
3659 silly audit   scheduler: [ '0.27.0' ],
3659 silly audit   '@types/hast': [ '3.0.5' ],
3659 silly audit   '@types/mdast': [ '4.0.4' ],
3659 silly audit   devlop: [ '1.1.0' ],
3659 silly audit   'hast-util-to-jsx-runtime': [ '2.3.6' ],
3659 silly audit   'html-url-attributes': [ '3.0.1' ],
3659 silly audit   'mdast-util-to-hast': [ '13.2.1' ],
3659 silly audit   'remark-parse': [ '11.0.0' ],
3659 silly audit   'remark-rehype': [ '11.1.2' ],
3659 silly audit   unified: [ '11.0.5' ],
3659 silly audit   'unist-util-visit': [ '5.1.0' ],
3659 silly audit   vfile: [ '6.0.3' ],
3659 silly audit   '@types/unist': [ '3.0.3', '2.0.11' ],
3659 silly audit   dequal: [ '2.0.3' ],
3659 silly audit   'comma-separated-tokens': [ '2.0.3' ],
3659 silly audit   'estree-util-is-identifier-name': [ '3.0.0' ],
3659 silly audit   'hast-util-whitespace': [ '3.0.0' ],
3659 silly audit   'mdast-util-mdx-expression': [ '2.0.1' ],
3659 silly audit   'mdast-util-mdx-jsx': [ '3.2.0' ],
3659 silly audit   'mdast-util-mdxjs-esm': [ '2.0.1' ],
3659 silly audit   'property-information': [ '7.2.0' ],
3659 silly audit   'space-separated-tokens': [ '2.0.2' ],
3659 silly audit   'style-to-js': [ '1.1.21' ],
3659 silly audit   'unist-util-position': [ '5.0.0' ],
3659 silly audit   'vfile-message': [ '4.0.3' ],
3659 silly audit   '@types/estree-jsx': [ '1.0.5' ],
3659 silly audit   'mdast-util-from-markdown': [ '2.0.3' ],
3659 silly audit   'mdast-util-to-markdown': [ '2.1.2' ],
3659 silly audit   'decode-named-character-reference': [ '1.3.0' ],
3659 silly audit   'mdast-util-to-string': [ '4.0.0' ],
3659 silly audit   micromark: [ '4.0.2' ],
3659 silly audit   'micromark-util-decode-numeric-character-reference': [ '2.0.2' ],
3659 silly audit   'micromark-util-decode-string': [ '2.0.1' ],
3659 silly audit   'micromark-util-normalize-identifier': [ '2.0.1' ],
3659 silly audit   'micromark-util-symbol': [ '2.0.1' ],
3659 silly audit   'micromark-util-types': [ '2.0.2' ],
3659 silly audit   'unist-util-stringify-position': [ '4.0.0' ],
3659 silly audit   'character-entities': [ '2.0.2' ],
3659 silly audit   ccount: [ '2.0.1' ],
3659 silly audit   'parse-entities': [ '4.0.2' ],
3659 silly audit   'stringify-entities': [ '4.0.4' ],
3659 silly audit   '@ungap/structured-clone': [ '1.3.3' ],
3659 silly audit   'micromark-util-sanitize-uri': [ '2.0.1' ],
3659 silly audit   'trim-lines': [ '3.0.1' ],
3659 silly audit   'longest-streak': [ '3.1.0' ],
3659 silly audit   'mdast-util-phrasing': [ '4.1.0' ],
3659 silly audit   'micromark-util-classify-character': [ '2.0.1' ],
3659 silly audit   zwitch: [ '2.0.4' ],
3659 silly audit   'unist-util-is': [ '6.0.1' ],
3659 silly audit   '@types/debug': [ '4.1.13' ],
3659 silly audit   'micromark-core-commonmark': [ '2.0.3' ],
3659 silly audit   'micromark-factory-space': [ '2.0.1' ],
3659 silly audit   'micromark-util-character': [ '2.1.1' ],
3659 silly audit   'micromark-util-chunked': [ '2.0.1' ],
3659 silly audit   'micromark-util-combine-extensions': [ '2.0.1' ],
3659 silly audit   'micromark-util-encode': [ '2.0.1' ],
3659 silly audit   'micromark-util-resolve-all': [ '2.0.1' ],
3659 silly audit   'micromark-util-subtokenize': [ '2.1.0' ],
3659 silly audit   '@types/ms': [ '2.1.0' ],
3659 silly audit   'micromark-factory-destination': [ '2.0.1' ],
3659 silly audit   'micromark-factory-label': [ '2.0.1' ],
3659 silly audit   'micromark-factory-title': [ '2.0.1' ],
3659 silly audit   'micromark-factory-whitespace': [ '2.0.1' ],
3659 silly audit   'micromark-util-html-tag-name': [ '2.0.1' ],
3659 silly audit   'character-entities-legacy': [ '3.0.0' ],
3659 silly audit   'character-reference-invalid': [ '2.0.1' ],
3659 silly audit   'is-alphanumerical': [ '2.0.1' ],
3659 silly audit   'is-decimal': [ '2.0.1' ],
3659 silly audit   'is-hexadecimal': [ '2.0.1' ],
3659 silly audit   'is-alphabetical': [ '2.0.1' ],
3659 silly audit   'react-remove-scroll-bar': [ '2.3.8' ],
3659 silly audit   'react-style-singleton': [ '2.2.3' ],
3659 silly audit   'use-callback-ref': [ '1.3.3' ],
3659 silly audit   'use-sidecar': [ '1.1.3' ],
3659 silly audit   'get-nonce': [ '1.0.1' ],
3659 silly audit   '@reduxjs/toolkit': [ '2.12.0' ],
3659 silly audit   'decimal.js-light': [ '2.5.1' ],
3659 silly audit   'es-toolkit': [ '1.50.0' ],
3659 silly audit   eventemitter3: [ '5.0.4' ],
3659 silly audit   immer: [ '11.1.16' ],
3659 silly audit   'react-redux': [ '9.3.0' ],
3659 silly audit   reselect: [ '5.2.0' ],
3659 silly audit   'tiny-invariant': [ '1.3.3' ],
3659 silly audit   'use-sync-external-store': [ '1.6.0' ],
3659 silly audit   'victory-vendor': [ '37.3.6' ],
3659 silly audit   '@standard-schema/spec': [ '1.1.0' ],
3659 silly audit   '@standard-schema/utils': [ '0.3.0' ],
3659 silly audit   redux: [ '5.0.1' ],
3659 silly audit   'redux-thunk': [ '3.1.0' ],
3659 silly audit   '@types/use-sync-external-store': [ '0.0.6' ],
3659 silly audit   'hast-util-to-text': [ '4.0.2' ],
3659 silly audit   lowlight: [ '3.3.0' ],
3659 silly audit   'hast-util-is-element': [ '3.0.0' ],
3659 silly audit   'unist-util-find-after': [ '5.0.0' ],
3659 silly audit   'node-exports-info': [ '1.6.2' ],
3659 silly audit   'path-parse': [ '1.0.7' ],
3659 silly audit   'supports-preserve-symlinks-flag': [ '1.0.0' ],
3659 silly audit   'queue-microtask': [ '1.2.3' ],
3659 silly audit   isarray: [ '2.0.5' ],
3659 silly audit   '@img/colour': [ '1.1.0' ],
3659 silly audit   '@img/sharp-darwin-arm64': [ '0.35.3' ],
3659 silly audit   '@img/sharp-darwin-x64': [ '0.35.3' ],
3659 silly audit   '@img/sharp-freebsd-wasm32': [ '0.35.3' ],
3659 silly audit   '@img/sharp-libvips-darwin-arm64': [ '1.3.2' ],
3659 silly audit   '@img/sharp-libvips-darwin-x64': [ '1.3.2' ],
3659 silly audit   '@img/sharp-libvips-linux-arm': [ '1.3.2' ],
3659 silly audit   '@img/sharp-libvips-linux-arm64': [ '1.3.2' ],
3659 silly audit   '@img/sharp-libvips-linux-ppc64': [ '1.3.2' ],
3659 silly audit   '@img/sharp-libvips-linux-riscv64': [ '1.3.2' ],
3659 silly audit   '@img/sharp-libvips-linux-s390x': [ '1.3.2' ],
3659 silly audit   '@img/sharp-libvips-linux-x64': [ '1.3.2' ],
3659 silly audit   '@img/sharp-libvips-linuxmusl-arm64': [ '1.3.2' ],
3659 silly audit   '@img/sharp-libvips-linuxmusl-x64': [ '1.3.2' ],
3659 silly audit   '@img/sharp-linux-arm': [ '0.35.3' ],
3659 silly audit   '@img/sharp-linux-arm64': [ '0.35.3' ],
3659 silly audit   '@img/sharp-linux-ppc64': [ '0.35.3' ],
3659 silly audit   '@img/sharp-linux-riscv64': [ '0.35.3' ],
3659 silly audit   '@img/sharp-linux-s390x': [ '0.35.3' ],
3659 silly audit   '@img/sharp-linux-x64': [ '0.35.3' ],
3659 silly audit   '@img/sharp-linuxmusl-arm64': [ '0.35.3' ],
3659 silly audit   '@img/sharp-linuxmusl-x64': [ '0.35.3' ],
3659 silly audit   '@img/sharp-webcontainers-wasm32': [ '0.35.3' ],
3659 silly audit   '@img/sharp-win32-arm64': [ '0.35.3' ],
3659 silly audit   '@img/sharp-win32-ia32': [ '0.35.3' ],
3659 silly audit   '@img/sharp-win32-x64': [ '0.35.3' ],
3659 silly audit   '@img/sharp-wasm32': [ '0.35.3' ],
3659 silly audit   '@emnapi/runtime': [ '1.11.3', '1.10.0' ],
3659 silly audit   'shebang-regex': [ '3.0.0' ],
3659 silly audit   'side-channel-list': [ '1.0.1' ],
3659 silly audit   'side-channel-map': [ '1.0.1' ],
3659 silly audit   'side-channel-weakmap': [ '1.0.2' ],
3659 silly audit   'character-entities-html4': [ '2.1.0' ],
3659 silly audit   'style-to-object': [ '1.0.14' ],
3659 silly audit   'inline-style-parser': [ '0.2.7' ],
3659 silly audit   'client-only': [ '0.0.1' ],
3659 silly audit   'has-flag': [ '4.0.0' ],
3659 silly audit   fdir: [ '6.5.0' ],
3659 silly audit   'is-number': [ '7.0.0' ],
3659 silly audit   '@types/json5': [ '0.0.29' ],
3659 silly audit   minimist: [ '1.2.8' ],
3659 silly audit   'strip-bom': [ '3.0.0' ],
3659 silly audit   'for-each': [ '0.3.5' ],
3659 silly audit   'reflect.getprototypeof': [ '1.0.10' ],
3659 silly audit   'which-builtin-type': [ '1.2.1' ],
3659 silly audit   '@typescript-eslint/eslint-plugin': [ '8.67.0' ],
3659 silly audit   '@typescript-eslint/parser': [ '8.67.0' ],
3659 silly audit   '@typescript-eslint/typescript-estree': [ '8.67.0' ],
3659 silly audit   '@typescript-eslint/utils': [ '8.67.0' ],
3659 silly audit   '@typescript-eslint/scope-manager': [ '8.67.0' ],
3659 silly audit   '@typescript-eslint/type-utils': [ '8.67.0' ],
3659 silly audit   '@typescript-eslint/visitor-keys': [ '8.67.0' ],
3659 silly audit   'ts-api-utils': [ '2.5.0' ],
3659 silly audit   '@typescript-eslint/types': [ '8.67.0' ],
3659 silly audit   '@typescript-eslint/project-service': [ '8.67.0' ],
3659 silly audit   '@typescript-eslint/tsconfig-utils': [ '8.67.0' ],
3659 silly audit   'has-bigints': [ '1.1.0' ],
3659 silly audit   'which-boxed-primitive': [ '1.1.1' ],
3659 silly audit   bail: [ '2.0.2' ],
3659 silly audit   extend: [ '3.0.2' ],
3659 silly audit   'is-plain-obj': [ '4.1.0' ],
3659 silly audit   trough: [ '2.2.0' ],
3659 silly audit   'unist-util-visit-parents': [ '6.0.2' ],
3659 silly audit   '@unrs/resolver-binding-android-arm-eabi': [ '1.12.2' ],
3659 silly audit   '@unrs/resolver-binding-android-arm64': [ '1.12.2' ],
3659 silly audit   '@unrs/resolver-binding-darwin-arm64': [ '1.12.2' ],
3659 silly audit   '@unrs/resolver-binding-darwin-x64': [ '1.12.2' ],
3659 silly audit   '@unrs/resolver-binding-freebsd-x64': [ '1.12.2' ],
3659 silly audit   '@unrs/resolver-binding-linux-arm-gnueabihf': [ '1.12.2' ],
3659 silly audit   '@unrs/resolver-binding-linux-arm-musleabihf': [ '1.12.2' ],
3659 silly audit   '@unrs/resolver-binding-linux-arm64-gnu': [ '1.12.2' ],
3659 silly audit   '@unrs/resolver-binding-linux-arm64-musl': [ '1.12.2' ],
3659 silly audit   '@unrs/resolver-binding-linux-loong64-gnu': [ '1.12.2' ],
3659 silly audit   '@unrs/resolver-binding-linux-loong64-musl': [ '1.12.2' ],
3659 silly audit   '@unrs/resolver-binding-linux-ppc64-gnu': [ '1.12.2' ],
3659 silly audit   '@unrs/resolver-binding-linux-riscv64-gnu': [ '1.12.2' ],
3659 silly audit   '@unrs/resolver-binding-linux-riscv64-musl': [ '1.12.2' ],
3659 silly audit   '@unrs/resolver-binding-linux-s390x-gnu': [ '1.12.2' ],
3659 silly audit   '@unrs/resolver-binding-linux-x64-gnu': [ '1.12.2' ],
3659 silly audit   '@unrs/resolver-binding-linux-x64-musl': [ '1.12.2' ],
3659 silly audit   '@unrs/resolver-binding-openharmony-arm64': [ '1.12.2' ],
3659 silly audit   '@unrs/resolver-binding-wasm32-wasi': [ '1.12.2' ],
3659 silly audit   '@unrs/resolver-binding-win32-arm64-msvc': [ '1.12.2' ],
3659 silly audit   '@unrs/resolver-binding-win32-ia32-msvc': [ '1.12.2' ],
3659 silly audit   '@unrs/resolver-binding-win32-x64-msvc': [ '1.12.2' ],
3659 silly audit   'napi-postinstall': [ '0.3.4' ],
3659 silly audit   '@emnapi/core': [ '1.10.0' ],
3659 silly audit   '@napi-rs/wasm-runtime': [ '1.2.3' ],
3659 silly audit   '@emnapi/wasi-threads': [ '1.2.1' ],
3659 silly audit   '@tybys/wasm-util': [ '0.10.3' ],
3659 silly audit   escalade: [ '3.2.0' ],
3659 silly audit   punycode: [ '2.3.1' ],
3659 silly audit   'detect-node-es': [ '1.1.0' ],
3659 silly audit   '@types/d3-array': [ '3.2.2' ],
3659 silly audit   '@types/d3-ease': [ '3.0.2' ],
3659 silly audit   '@types/d3-interpolate': [ '3.0.4' ],
3659 silly audit   '@types/d3-scale': [ '4.0.9' ],
3659 silly audit   '@types/d3-shape': [ '3.1.8' ],
3659 silly audit   '@types/d3-time': [ '3.0.4' ],
3659 silly audit   '@types/d3-timer': [ '3.0.2' ],
3659 silly audit   'd3-array': [ '3.2.4' ],
3659 silly audit   'd3-ease': [ '3.0.1' ],
3659 silly audit   'd3-interpolate': [ '3.0.1' ],
3659 silly audit   'd3-scale': [ '4.0.2' ],
3659 silly audit   'd3-shape': [ '3.2.0' ],
3659 silly audit   'd3-time': [ '3.1.0' ],
3659 silly audit   'd3-timer': [ '3.0.1' ],
3659 silly audit   '@types/d3-color': [ '3.1.3' ],
3659 silly audit   '@types/d3-path': [ '3.1.1' ],
3659 silly audit   internmap: [ '2.0.3' ],
3659 silly audit   'd3-color': [ '3.1.0' ],
3659 silly audit   'd3-format': [ '3.1.2' ],
3659 silly audit   'd3-time-format': [ '4.1.0' ],
3659 silly audit   'd3-path': [ '3.1.0' ],
3659 silly audit   isexe: [ '2.0.0' ],
3659 silly audit   'is-bigint': [ '1.1.0' ],
3659 silly audit   'is-boolean-object': [ '1.2.2' ],
3659 silly audit   'is-number-object': [ '1.1.1' ],
3659 silly audit   'is-async-function': [ '2.1.1' ],
3659 silly audit   'is-finalizationregistry': [ '1.1.1' ],
3659 silly audit   'is-generator-function': [ '1.1.2' ],
3659 silly audit   'which-collection': [ '1.0.2' ],
3659 silly audit   'async-function': [ '1.0.0' ],
3659 silly audit   'generator-function': [ '2.0.1' ],
3659 silly audit   'is-map': [ '2.0.3' ],
3659 silly audit   'is-weakmap': [ '2.0.2' ],
3659 silly audit   'is-weakset': [ '2.0.4' ],
3659 silly audit   '@tailwindcss/oxide-wasm32-wasi': [ '4.3.3' ]
3659 silly audit }
3660 verbose reify failed optional dependency C:\Users\肖欣睿\Desktop\ai_interview-main\web\node_modules\@unrs\resolver-binding-win32-ia32-msvc
3661 silly reify mark deleted [
3661 silly reify   'C:\\Users\\肖欣睿\\Desktop\\ai_interview-main\\web\\node_modules\\@unrs\\resolver-binding-win32-ia32-msvc'
3661 silly reify ]
3662 verbose reify failed optional dependency C:\Users\肖欣睿\Desktop\ai_interview-main\web\node_modules\@unrs\resolver-binding-win32-arm64-msvc
3663 silly reify mark deleted [
3663 silly reify   'C:\\Users\\肖欣睿\\Desktop\\ai_interview-main\\web\\node_modules\\@unrs\\resolver-binding-win32-arm64-msvc'
3663 silly reify ]
3664 verbose reify failed optional dependency C:\Users\肖欣睿\Desktop\ai_interview-main\web\node_modules\@unrs\resolver-binding-wasm32-wasi
3665 silly reify mark deleted [
3665 silly reify   'C:\\Users\\肖欣睿\\Desktop\\ai_interview-main\\web\\node_modules\\@unrs\\resolver-binding-wasm32-wasi'
3665 silly reify ]
3666 verbose reify failed optional dependency C:\Users\肖欣睿\Desktop\ai_interview-main\web\node_modules\@unrs\resolver-binding-wasm32-wasi\node_modules\@emnapi\runtime
3667 silly reify mark deleted [
3667 silly reify   'C:\\Users\\肖欣睿\\Desktop\\ai_interview-main\\web\\node_modules\\@unrs\\resolver-binding-wasm32-wasi\\node_modules\\@emnapi\\runtime'
3667 silly reify ]
3668 verbose reify failed optional dependency C:\Users\肖欣睿\Desktop\ai_interview-main\web\node_modules\@unrs\resolver-binding-openharmony-arm64
3669 silly reify mark deleted [
3669 silly reify   'C:\\Users\\肖欣睿\\Desktop\\ai_interview-main\\web\\node_modules\\@unrs\\resolver-binding-openharmony-arm64'
3669 silly reify ]
3670 verbose reify failed optional dependency C:\Users\肖欣睿\Desktop\ai_interview-main\web\node_modules\@unrs\resolver-binding-linux-x64-musl
3671 silly reify mark deleted [
3671 silly reify   'C:\\Users\\肖欣睿\\Desktop\\ai_interview-main\\web\\node_modules\\@unrs\\resolver-binding-linux-x64-musl'
3671 silly reify ]
3672 verbose reify failed optional dependency C:\Users\肖欣睿\Desktop\ai_interview-main\web\node_modules\@unrs\resolver-binding-linux-x64-gnu
3673 silly reify mark deleted [
3673 silly reify   'C:\\Users\\肖欣睿\\Desktop\\ai_interview-main\\web\\node_modules\\@unrs\\resolver-binding-linux-x64-gnu'
3673 silly reify ]
3674 verbose reify failed optional dependency C:\Users\肖欣睿\Desktop\ai_interview-main\web\node_modules\@unrs\resolver-binding-linux-s390x-gnu
3675 silly reify mark deleted [
3675 silly reify   'C:\\Users\\肖欣睿\\Desktop\\ai_interview-main\\web\\node_modules\\@unrs\\resolver-binding-linux-s390x-gnu'
3675 silly reify ]
3676 verbose reify failed optional dependency C:\Users\肖欣睿\Desktop\ai_interview-main\web\node_modules\@unrs\resolver-binding-linux-riscv64-musl
3677 silly reify mark deleted [
3677 silly reify   'C:\\Users\\肖欣睿\\Desktop\\ai_interview-main\\web\\node_modules\\@unrs\\resolver-binding-linux-riscv64-musl'
3677 silly reify ]
3678 verbose reify failed optional dependency C:\Users\肖欣睿\Desktop\ai_interview-main\web\node_modules\@unrs\resolver-binding-linux-riscv64-gnu
3679 silly reify mark deleted [
3679 silly reify   'C:\\Users\\肖欣睿\\Desktop\\ai_interview-main\\web\\node_modules\\@unrs\\resolver-binding-linux-riscv64-gnu'
3679 silly reify ]
3680 verbose reify failed optional dependency C:\Users\肖欣睿\Desktop\ai_interview-main\web\node_modules\@unrs\resolver-binding-linux-ppc64-gnu
3681 silly reify mark deleted [
3681 silly reify   'C:\\Users\\肖欣睿\\Desktop\\ai_interview-main\\web\\node_modules\\@unrs\\resolver-binding-linux-ppc64-gnu'
3681 silly reify ]
3682 verbose reify failed optional dependency C:\Users\肖欣睿\Desktop\ai_interview-main\web\node_modules\@unrs\resolver-binding-linux-loong64-musl
3683 silly reify mark deleted [
3683 silly reify   'C:\\Users\\肖欣睿\\Desktop\\ai_interview-main\\web\\node_modules\\@unrs\\resolver-binding-linux-loong64-musl'
3683 silly reify ]
3684 verbose reify failed optional dependency C:\Users\肖欣睿\Desktop\ai_interview-main\web\node_modules\@unrs\resolver-binding-linux-loong64-gnu
3685 silly reify mark deleted [
3685 silly reify   'C:\\Users\\肖欣睿\\Desktop\\ai_interview-main\\web\\node_modules\\@unrs\\resolver-binding-linux-loong64-gnu'
3685 silly reify ]
3686 verbose reify failed optional dependency C:\Users\肖欣睿\Desktop\ai_interview-main\web\node_modules\@unrs\resolver-binding-linux-arm64-musl
3687 silly reify mark deleted [
3687 silly reify   'C:\\Users\\肖欣睿\\Desktop\\ai_interview-main\\web\\node_modules\\@unrs\\resolver-binding-linux-arm64-musl'
3687 silly reify ]
3688 verbose reify failed optional dependency C:\Users\肖欣睿\Desktop\ai_interview-main\web\node_modules\@unrs\resolver-binding-linux-arm64-gnu
3689 silly reify mark deleted [
3689 silly reify   'C:\\Users\\肖欣睿\\Desktop\\ai_interview-main\\web\\node_modules\\@unrs\\resolver-binding-linux-arm64-gnu'
3689 silly reify ]
3690 verbose reify failed optional dependency C:\Users\肖欣睿\Desktop\ai_interview-main\web\node_modules\@unrs\resolver-binding-linux-arm-musleabihf
3691 silly reify mark deleted [
3691 silly reify   'C:\\Users\\肖欣睿\\Desktop\\ai_interview-main\\web\\node_modules\\@unrs\\resolver-binding-linux-arm-musleabihf'
3691 silly reify ]
3692 verbose reify failed optional dependency C:\Users\肖欣睿\Desktop\ai_interview-main\web\node_modules\@unrs\resolver-binding-linux-arm-gnueabihf
3693 silly reify mark deleted [
3693 silly reify   'C:\\Users\\肖欣睿\\Desktop\\ai_interview-main\\web\\node_modules\\@unrs\\resolver-binding-linux-arm-gnueabihf'
3693 silly reify ]
3694 verbose reify failed optional dependency C:\Users\肖欣睿\Desktop\ai_interview-main\web\node_modules\@unrs\resolver-binding-freebsd-x64
3695 silly reify mark deleted [
3695 silly reify   'C:\\Users\\肖欣睿\\Desktop\\ai_interview-main\\web\\node_modules\\@unrs\\resolver-binding-freebsd-x64'
3695 silly reify ]
3696 verbose reify failed optional dependency C:\Users\肖欣睿\Desktop\ai_interview-main\web\node_modules\@unrs\resolver-binding-darwin-x64
3697 silly reify mark deleted [
3697 silly reify   'C:\\Users\\肖欣睿\\Desktop\\ai_interview-main\\web\\node_modules\\@unrs\\resolver-binding-darwin-x64'
3697 silly reify ]
3698 verbose reify failed optional dependency C:\Users\肖欣睿\Desktop\ai_interview-main\web\node_modules\@unrs\resolver-binding-darwin-arm64
3699 silly reify mark deleted [
3699 silly reify   'C:\\Users\\肖欣睿\\Desktop\\ai_interview-main\\web\\node_modules\\@unrs\\resolver-binding-darwin-arm64'
3699 silly reify ]
3700 verbose reify failed optional dependency C:\Users\肖欣睿\Desktop\ai_interview-main\web\node_modules\@unrs\resolver-binding-android-arm64
3701 silly reify mark deleted [
3701 silly reify   'C:\\Users\\肖欣睿\\Desktop\\ai_interview-main\\web\\node_modules\\@unrs\\resolver-binding-android-arm64'
3701 silly reify ]
3702 verbose reify failed optional dependency C:\Users\肖欣睿\Desktop\ai_interview-main\web\node_modules\@unrs\resolver-binding-android-arm-eabi
3703 silly reify mark deleted [
3703 silly reify   'C:\\Users\\肖欣睿\\Desktop\\ai_interview-main\\web\\node_modules\\@unrs\\resolver-binding-android-arm-eabi'
3703 silly reify ]
3704 verbose reify failed optional dependency C:\Users\肖欣睿\Desktop\ai_interview-main\web\node_modules\@img\sharp-win32-ia32
3705 silly reify mark deleted [
3705 silly reify   'C:\\Users\\肖欣睿\\Desktop\\ai_interview-main\\web\\node_modules\\@img\\sharp-win32-ia32'
3705 silly reify ]
3706 verbose reify failed optional dependency C:\Users\肖欣睿\Desktop\ai_interview-main\web\node_modules\@img\sharp-win32-arm64
3707 silly reify mark deleted [
3707 silly reify   'C:\\Users\\肖欣睿\\Desktop\\ai_interview-main\\web\\node_modules\\@img\\sharp-win32-arm64'
3707 silly reify ]
3708 verbose reify failed optional dependency C:\Users\肖欣睿\Desktop\ai_interview-main\web\node_modules\@img\sharp-webcontainers-wasm32
3709 silly reify mark deleted [
3709 silly reify   'C:\\Users\\肖欣睿\\Desktop\\ai_interview-main\\web\\node_modules\\@img\\sharp-webcontainers-wasm32'
3709 silly reify ]
3710 verbose reify failed optional dependency C:\Users\肖欣睿\Desktop\ai_interview-main\web\node_modules\@img\sharp-linuxmusl-x64
3711 silly reify mark deleted [
3711 silly reify   'C:\\Users\\肖欣睿\\Desktop\\ai_interview-main\\web\\node_modules\\@img\\sharp-linuxmusl-x64'
3711 silly reify ]
3712 verbose reify failed optional dependency C:\Users\肖欣睿\Desktop\ai_interview-main\web\node_modules\@img\sharp-linuxmusl-arm64
3713 silly reify mark deleted [
3713 silly reify   'C:\\Users\\肖欣睿\\Desktop\\ai_interview-main\\web\\node_modules\\@img\\sharp-linuxmusl-arm64'
3713 silly reify ]
3714 verbose reify failed optional dependency C:\Users\肖欣睿\Desktop\ai_interview-main\web\node_modules\@img\sharp-linux-x64
3715 silly reify mark deleted [
3715 silly reify   'C:\\Users\\肖欣睿\\Desktop\\ai_interview-main\\web\\node_modules\\@img\\sharp-linux-x64'
3715 silly reify ]
3716 verbose reify failed optional dependency C:\Users\肖欣睿\Desktop\ai_interview-main\web\node_modules\@img\sharp-linux-s390x
3717 silly reify mark deleted [
3717 silly reify   'C:\\Users\\肖欣睿\\Desktop\\ai_interview-main\\web\\node_modules\\@img\\sharp-linux-s390x'
3717 silly reify ]
3718 verbose reify failed optional dependency C:\Users\肖欣睿\Desktop\ai_interview-main\web\node_modules\@img\sharp-linux-riscv64
3719 silly reify mark deleted [
3719 silly reify   'C:\\Users\\肖欣睿\\Desktop\\ai_interview-main\\web\\node_modules\\@img\\sharp-linux-riscv64'
3719 silly reify ]
3720 verbose reify failed optional dependency C:\Users\肖欣睿\Desktop\ai_interview-main\web\node_modules\@img\sharp-linux-ppc64
3721 silly reify mark deleted [
3721 silly reify   'C:\\Users\\肖欣睿\\Desktop\\ai_interview-main\\web\\node_modules\\@img\\sharp-linux-ppc64'
3721 silly reify ]
3722 verbose reify failed optional dependency C:\Users\肖欣睿\Desktop\ai_interview-main\web\node_modules\@img\sharp-linux-arm64
3723 silly reify mark deleted [
3723 silly reify   'C:\\Users\\肖欣睿\\Desktop\\ai_interview-main\\web\\node_modules\\@img\\sharp-linux-arm64'
3723 silly reify ]
3724 verbose reify failed optional dependency C:\Users\肖欣睿\Desktop\ai_interview-main\web\node_modules\@img\sharp-linux-arm
3725 silly reify mark deleted [
3725 silly reify   'C:\\Users\\肖欣睿\\Desktop\\ai_interview-main\\web\\node_modules\\@img\\sharp-linux-arm'
3725 silly reify ]
3726 verbose reify failed optional dependency C:\Users\肖欣睿\Desktop\ai_interview-main\web\node_modules\@img\sharp-libvips-linuxmusl-x64
3727 silly reify mark deleted [
3727 silly reify   'C:\\Users\\肖欣睿\\Desktop\\ai_interview-main\\web\\node_modules\\@img\\sharp-libvips-linuxmusl-x64'
3727 silly reify ]
3728 verbose reify failed optional dependency C:\Users\肖欣睿\Desktop\ai_interview-main\web\node_modules\@img\sharp-libvips-linuxmusl-arm64
3729 silly reify mark deleted [
3729 silly reify   'C:\\Users\\肖欣睿\\Desktop\\ai_interview-main\\web\\node_modules\\@img\\sharp-libvips-linuxmusl-arm64'
3729 silly reify ]
3730 verbose reify failed optional dependency C:\Users\肖欣睿\Desktop\ai_interview-main\web\node_modules\@img\sharp-libvips-linux-x64
3731 silly reify mark deleted [
3731 silly reify   'C:\\Users\\肖欣睿\\Desktop\\ai_interview-main\\web\\node_modules\\@img\\sharp-libvips-linux-x64'
3731 silly reify ]
3732 verbose reify failed optional dependency C:\Users\肖欣睿\Desktop\ai_interview-main\web\node_modules\@img\sharp-libvips-linux-s390x
3733 silly reify mark deleted [
3733 silly reify   'C:\\Users\\肖欣睿\\Desktop\\ai_interview-main\\web\\node_modules\\@img\\sharp-libvips-linux-s390x'
3733 silly reify ]
3734 verbose reify failed optional dependency C:\Users\肖欣睿\Desktop\ai_interview-main\web\node_modules\@img\sharp-libvips-linux-riscv64
3735 silly reify mark deleted [
3735 silly reify   'C:\\Users\\肖欣睿\\Desktop\\ai_interview-main\\web\\node_modules\\@img\\sharp-libvips-linux-riscv64'
3735 silly reify ]
3736 verbose reify failed optional dependency C:\Users\肖欣睿\Desktop\ai_interview-main\web\node_modules\@img\sharp-libvips-linux-ppc64
3737 silly reify mark deleted [
3737 silly reify   'C:\\Users\\肖欣睿\\Desktop\\ai_interview-main\\web\\node_modules\\@img\\sharp-libvips-linux-ppc64'
3737 silly reify ]
3738 verbose reify failed optional dependency C:\Users\肖欣睿\Desktop\ai_interview-main\web\node_modules\@img\sharp-libvips-linux-arm64
3739 silly reify mark deleted [
3739 silly reify   'C:\\Users\\肖欣睿\\Desktop\\ai_interview-main\\web\\node_modules\\@img\\sharp-libvips-linux-arm64'
3739 silly reify ]
3740 verbose reify failed optional dependency C:\Users\肖欣睿\Desktop\ai_interview-main\web\node_modules\@img\sharp-libvips-linux-arm
3741 silly reify mark deleted [
3741 silly reify   'C:\\Users\\肖欣睿\\Desktop\\ai_interview-main\\web\\node_modules\\@img\\sharp-libvips-linux-arm'
3741 silly reify ]
3742 verbose reify failed optional dependency C:\Users\肖欣睿\Desktop\ai_interview-main\web\node_modules\@img\sharp-libvips-darwin-x64
3743 silly reify mark deleted [
3743 silly reify   'C:\\Users\\肖欣睿\\Desktop\\ai_interview-main\\web\\node_modules\\@img\\sharp-libvips-darwin-x64'
3743 silly reify ]
3744 verbose reify failed optional dependency C:\Users\肖欣睿\Desktop\ai_interview-main\web\node_modules\@img\sharp-libvips-darwin-arm64
3745 silly reify mark deleted [
3745 silly reify   'C:\\Users\\肖欣睿\\Desktop\\ai_interview-main\\web\\node_modules\\@img\\sharp-libvips-darwin-arm64'
3745 silly reify ]
3746 verbose reify failed optional dependency C:\Users\肖欣睿\Desktop\ai_interview-main\web\node_modules\@img\sharp-freebsd-wasm32
3747 silly reify mark deleted [
3747 silly reify   'C:\\Users\\肖欣睿\\Desktop\\ai_interview-main\\web\\node_modules\\@img\\sharp-freebsd-wasm32'
3747 silly reify ]
3748 verbose reify failed optional dependency C:\Users\肖欣睿\Desktop\ai_interview-main\web\node_modules\@img\sharp-darwin-x64
3749 silly reify mark deleted [
3749 silly reify   'C:\\Users\\肖欣睿\\Desktop\\ai_interview-main\\web\\node_modules\\@img\\sharp-darwin-x64'
3749 silly reify ]
3750 verbose reify failed optional dependency C:\Users\肖欣睿\Desktop\ai_interview-main\web\node_modules\@img\sharp-darwin-arm64
3751 silly reify mark deleted [
3751 silly reify   'C:\\Users\\肖欣睿\\Desktop\\ai_interview-main\\web\\node_modules\\@img\\sharp-darwin-arm64'
3751 silly reify ]
3752 verbose reify failed optional dependency C:\Users\肖欣睿\Desktop\ai_interview-main\web\node_modules\@next\swc-win32-arm64-msvc
3753 silly reify mark deleted [
3753 silly reify   'C:\\Users\\肖欣睿\\Desktop\\ai_interview-main\\web\\node_modules\\@next\\swc-win32-arm64-msvc'
3753 silly reify ]
3754 verbose reify failed optional dependency C:\Users\肖欣睿\Desktop\ai_interview-main\web\node_modules\@next\swc-linux-x64-musl
3755 silly reify mark deleted [
3755 silly reify   'C:\\Users\\肖欣睿\\Desktop\\ai_interview-main\\web\\node_modules\\@next\\swc-linux-x64-musl'
3755 silly reify ]
3756 verbose reify failed optional dependency C:\Users\肖欣睿\Desktop\ai_interview-main\web\node_modules\@next\swc-linux-x64-gnu
3757 silly reify mark deleted [
3757 silly reify   'C:\\Users\\肖欣睿\\Desktop\\ai_interview-main\\web\\node_modules\\@next\\swc-linux-x64-gnu'
3757 silly reify ]
3758 verbose reify failed optional dependency C:\Users\肖欣睿\Desktop\ai_interview-main\web\node_modules\@next\swc-linux-arm64-musl
3759 silly reify mark deleted [
3759 silly reify   'C:\\Users\\肖欣睿\\Desktop\\ai_interview-main\\web\\node_modules\\@next\\swc-linux-arm64-musl'
3759 silly reify ]
3760 verbose reify failed optional dependency C:\Users\肖欣睿\Desktop\ai_interview-main\web\node_modules\@next\swc-linux-arm64-gnu
3761 silly reify mark deleted [
3761 silly reify   'C:\\Users\\肖欣睿\\Desktop\\ai_interview-main\\web\\node_modules\\@next\\swc-linux-arm64-gnu'
3761 silly reify ]
3762 verbose reify failed optional dependency C:\Users\肖欣睿\Desktop\ai_interview-main\web\node_modules\@next\swc-darwin-x64
3763 silly reify mark deleted [
3763 silly reify   'C:\\Users\\肖欣睿\\Desktop\\ai_interview-main\\web\\node_modules\\@next\\swc-darwin-x64'
3763 silly reify ]
3764 verbose reify failed optional dependency C:\Users\肖欣睿\Desktop\ai_interview-main\web\node_modules\@next\swc-darwin-arm64
3765 silly reify mark deleted [
3765 silly reify   'C:\\Users\\肖欣睿\\Desktop\\ai_interview-main\\web\\node_modules\\@next\\swc-darwin-arm64'
3765 silly reify ]
3766 verbose reify failed optional dependency C:\Users\肖欣睿\Desktop\ai_interview-main\web\node_modules\lightningcss-win32-arm64-msvc
3767 silly reify mark deleted [
3767 silly reify   'C:\\Users\\肖欣睿\\Desktop\\ai_interview-main\\web\\node_modules\\lightningcss-win32-arm64-msvc'
3767 silly reify ]
3768 verbose reify failed optional dependency C:\Users\肖欣睿\Desktop\ai_interview-main\web\node_modules\lightningcss-linux-x64-musl
3769 silly reify mark deleted [
3769 silly reify   'C:\\Users\\肖欣睿\\Desktop\\ai_interview-main\\web\\node_modules\\lightningcss-linux-x64-musl'
3769 silly reify ]
3770 verbose reify failed optional dependency C:\Users\肖欣睿\Desktop\ai_interview-main\web\node_modules\lightningcss-linux-x64-gnu
3771 silly reify mark deleted [
3771 silly reify   'C:\\Users\\肖欣睿\\Desktop\\ai_interview-main\\web\\node_modules\\lightningcss-linux-x64-gnu'
3771 silly reify ]
3772 verbose reify failed optional dependency C:\Users\肖欣睿\Desktop\ai_interview-main\web\node_modules\lightningcss-linux-arm64-musl
3773 silly reify mark deleted [
3773 silly reify   'C:\\Users\\肖欣睿\\Desktop\\ai_interview-main\\web\\node_modules\\lightningcss-linux-arm64-musl'
3773 silly reify ]
3774 verbose reify failed optional dependency C:\Users\肖欣睿\Desktop\ai_interview-main\web\node_modules\lightningcss-linux-arm64-gnu
3775 silly reify mark deleted [
3775 silly reify   'C:\\Users\\肖欣睿\\Desktop\\ai_interview-main\\web\\node_modules\\lightningcss-linux-arm64-gnu'
3775 silly reify ]
3776 verbose reify failed optional dependency C:\Users\肖欣睿\Desktop\ai_interview-main\web\node_modules\lightningcss-linux-arm-gnueabihf
3777 silly reify mark deleted [
3777 silly reify   'C:\\Users\\肖欣睿\\Desktop\\ai_interview-main\\web\\node_modules\\lightningcss-linux-arm-gnueabihf'
3777 silly reify ]
3778 verbose reify failed optional dependency C:\Users\肖欣睿\Desktop\ai_interview-main\web\node_modules\lightningcss-freebsd-x64
3779 silly reify mark deleted [
3779 silly reify   'C:\\Users\\肖欣睿\\Desktop\\ai_interview-main\\web\\node_modules\\lightningcss-freebsd-x64'
3779 silly reify ]
3780 verbose reify failed optional dependency C:\Users\肖欣睿\Desktop\ai_interview-main\web\node_modules\lightningcss-darwin-x64
3781 silly reify mark deleted [
3781 silly reify   'C:\\Users\\肖欣睿\\Desktop\\ai_interview-main\\web\\node_modules\\lightningcss-darwin-x64'
3781 silly reify ]
3782 verbose reify failed optional dependency C:\Users\肖欣睿\Desktop\ai_interview-main\web\node_modules\lightningcss-darwin-arm64
3783 silly reify mark deleted [
3783 silly reify   'C:\\Users\\肖欣睿\\Desktop\\ai_interview-main\\web\\node_modules\\lightningcss-darwin-arm64'
3783 silly reify ]
3784 verbose reify failed optional dependency C:\Users\肖欣睿\Desktop\ai_interview-main\web\node_modules\lightningcss-android-arm64
3785 silly reify mark deleted [
3785 silly reify   'C:\\Users\\肖欣睿\\Desktop\\ai_interview-main\\web\\node_modules\\lightningcss-android-arm64'
3785 silly reify ]
3786 verbose reify failed optional dependency C:\Users\肖欣睿\Desktop\ai_interview-main\web\node_modules\@tailwindcss\oxide-win32-arm64-msvc
3787 silly reify mark deleted [
3787 silly reify   'C:\\Users\\肖欣睿\\Desktop\\ai_interview-main\\web\\node_modules\\@tailwindcss\\oxide-win32-arm64-msvc'
3787 silly reify ]
3788 verbose reify failed optional dependency C:\Users\肖欣睿\Desktop\ai_interview-main\web\node_modules\@tailwindcss\oxide-linux-x64-musl
3789 silly reify mark deleted [
3789 silly reify   'C:\\Users\\肖欣睿\\Desktop\\ai_interview-main\\web\\node_modules\\@tailwindcss\\oxide-linux-x64-musl'
3789 silly reify ]
3790 verbose reify failed optional dependency C:\Users\肖欣睿\Desktop\ai_interview-main\web\node_modules\@tailwindcss\oxide-linux-x64-gnu
3791 silly reify mark deleted [
3791 silly reify   'C:\\Users\\肖欣睿\\Desktop\\ai_interview-main\\web\\node_modules\\@tailwindcss\\oxide-linux-x64-gnu'
3791 silly reify ]
3792 verbose reify failed optional dependency C:\Users\肖欣睿\Desktop\ai_interview-main\web\node_modules\@tailwindcss\oxide-linux-arm64-musl
3793 silly reify mark deleted [
3793 silly reify   'C:\\Users\\肖欣睿\\Desktop\\ai_interview-main\\web\\node_modules\\@tailwindcss\\oxide-linux-arm64-musl'
3793 silly reify ]
3794 verbose reify failed optional dependency C:\Users\肖欣睿\Desktop\ai_interview-main\web\node_modules\@tailwindcss\oxide-linux-arm64-gnu
3795 silly reify mark deleted [
3795 silly reify   'C:\\Users\\肖欣睿\\Desktop\\ai_interview-main\\web\\node_modules\\@tailwindcss\\oxide-linux-arm64-gnu'
3795 silly reify ]
3796 verbose reify failed optional dependency C:\Users\肖欣睿\Desktop\ai_interview-main\web\node_modules\@tailwindcss\oxide-linux-arm-gnueabihf
3797 silly reify mark deleted [
3797 silly reify   'C:\\Users\\肖欣睿\\Desktop\\ai_interview-main\\web\\node_modules\\@tailwindcss\\oxide-linux-arm-gnueabihf'
3797 silly reify ]
3798 verbose reify failed optional dependency C:\Users\肖欣睿\Desktop\ai_interview-main\web\node_modules\@tailwindcss\oxide-freebsd-x64
3799 silly reify mark deleted [
3799 silly reify   'C:\\Users\\肖欣睿\\Desktop\\ai_interview-main\\web\\node_modules\\@tailwindcss\\oxide-freebsd-x64'
3799 silly reify ]
3800 verbose reify failed optional dependency C:\Users\肖欣睿\Desktop\ai_interview-main\web\node_modules\@tailwindcss\oxide-darwin-x64
3801 silly reify mark deleted [
3801 silly reify   'C:\\Users\\肖欣睿\\Desktop\\ai_interview-main\\web\\node_modules\\@tailwindcss\\oxide-darwin-x64'
3801 silly reify ]
3802 verbose reify failed optional dependency C:\Users\肖欣睿\Desktop\ai_interview-main\web\node_modules\@tailwindcss\oxide-darwin-arm64
3803 silly reify mark deleted [
3803 silly reify   'C:\\Users\\肖欣睿\\Desktop\\ai_interview-main\\web\\node_modules\\@tailwindcss\\oxide-darwin-arm64'
3803 silly reify ]
3804 verbose reify failed optional dependency C:\Users\肖欣睿\Desktop\ai_interview-main\web\node_modules\@tailwindcss\oxide-android-arm64
3805 silly reify mark deleted [
3805 silly reify   'C:\\Users\\肖欣睿\\Desktop\\ai_interview-main\\web\\node_modules\\@tailwindcss\\oxide-android-arm64'
3805 silly reify ]
3806 http cache generator-function@https://registry.npmjs.org/generator-function/-/generator-function-2.0.1.tgz 0ms (cache hit)
3807 http cache is-weakset@https://registry.npmjs.org/is-weakset/-/is-weakset-2.0.4.tgz 0ms (cache hit)
3808 http cache is-weakmap@https://registry.npmjs.org/is-weakmap/-/is-weakmap-2.0.2.tgz 0ms (cache hit)
3809 http cache is-map@https://registry.npmjs.org/is-map/-/is-map-2.0.3.tgz 0ms (cache hit)
3810 http cache async-function@https://registry.npmjs.org/async-function/-/async-function-1.0.0.tgz 0ms (cache hit)
3811 http cache which-collection@https://registry.npmjs.org/which-collection/-/which-collection-1.0.2.tgz 0ms (cache hit)
3812 http cache is-generator-function@https://registry.npmjs.org/is-generator-function/-/is-generator-function-1.1.2.tgz 0ms (cache hit)
3813 http cache is-finalizationregistry@https://registry.npmjs.org/is-finalizationregistry/-/is-finalizationregistry-1.1.1.tgz 0ms (cache hit)
3814 http cache is-number-object@https://registry.npmjs.org/is-number-object/-/is-number-object-1.1.1.tgz 0ms (cache hit)
3815 http cache is-async-function@https://registry.npmjs.org/is-async-function/-/is-async-function-2.1.1.tgz 0ms (cache hit)
3816 http cache is-bigint@https://registry.npmjs.org/is-bigint/-/is-bigint-1.1.0.tgz 0ms (cache hit)
3817 http cache is-boolean-object@https://registry.npmjs.org/is-boolean-object/-/is-boolean-object-1.2.2.tgz 0ms (cache hit)
3818 http cache isexe@https://registry.npmjs.org/isexe/-/isexe-2.0.0.tgz 0ms (cache hit)
3819 http cache d3-path@https://registry.npmjs.org/d3-path/-/d3-path-3.1.0.tgz 0ms (cache hit)
3820 http cache d3-format@https://registry.npmjs.org/d3-format/-/d3-format-3.1.2.tgz 0ms (cache hit)
3821 http cache d3-time-format@https://registry.npmjs.org/d3-time-format/-/d3-time-format-4.1.0.tgz 0ms (cache hit)
3822 http cache @types/d3-path@https://registry.npmjs.org/@types/d3-path/-/d3-path-3.1.1.tgz 0ms (cache hit)
3823 http cache @types/d3-color@https://registry.npmjs.org/@types/d3-color/-/d3-color-3.1.3.tgz 0ms (cache hit)
3824 http cache d3-color@https://registry.npmjs.org/d3-color/-/d3-color-3.1.0.tgz 0ms (cache hit)
3825 http cache internmap@https://registry.npmjs.org/internmap/-/internmap-2.0.3.tgz 0ms (cache hit)
3826 http cache d3-timer@https://registry.npmjs.org/d3-timer/-/d3-timer-3.0.1.tgz 0ms (cache hit)
3827 http cache d3-time@https://registry.npmjs.org/d3-time/-/d3-time-3.1.0.tgz 0ms (cache hit)
3828 http cache d3-shape@https://registry.npmjs.org/d3-shape/-/d3-shape-3.2.0.tgz 0ms (cache hit)
3829 http cache d3-scale@https://registry.npmjs.org/d3-scale/-/d3-scale-4.0.2.tgz 0ms (cache hit)
3830 http cache d3-interpolate@https://registry.npmjs.org/d3-interpolate/-/d3-interpolate-3.0.1.tgz 0ms (cache hit)
3831 http cache d3-ease@https://registry.npmjs.org/d3-ease/-/d3-ease-3.0.1.tgz 0ms (cache hit)
3832 http cache d3-array@https://registry.npmjs.org/d3-array/-/d3-array-3.2.4.tgz 0ms (cache hit)
3833 http cache @types/d3-shape@https://registry.npmjs.org/@types/d3-shape/-/d3-shape-3.1.8.tgz 0ms (cache hit)
3834 http cache @types/d3-timer@https://registry.npmjs.org/@types/d3-timer/-/d3-timer-3.0.2.tgz 0ms (cache hit)
3835 http cache @types/d3-time@https://registry.npmjs.org/@types/d3-time/-/d3-time-3.0.4.tgz 0ms (cache hit)
3836 http cache @types/d3-scale@https://registry.npmjs.org/@types/d3-scale/-/d3-scale-4.0.9.tgz 0ms (cache hit)
3837 http cache @types/d3-interpolate@https://registry.npmjs.org/@types/d3-interpolate/-/d3-interpolate-3.0.4.tgz 0ms (cache hit)
3838 http cache @types/d3-ease@https://registry.npmjs.org/@types/d3-ease/-/d3-ease-3.0.2.tgz 0ms (cache hit)
3839 http cache @types/d3-array@https://registry.npmjs.org/@types/d3-array/-/d3-array-3.2.2.tgz 0ms (cache hit)
3840 http cache detect-node-es@https://registry.npmjs.org/detect-node-es/-/detect-node-es-1.1.0.tgz 0ms (cache hit)
3841 http cache @tybys/wasm-util@https://registry.npmjs.org/@tybys/wasm-util/-/wasm-util-0.10.3.tgz 0ms (cache hit)
3842 http cache punycode@https://registry.npmjs.org/punycode/-/punycode-2.3.1.tgz 0ms (cache hit)
3843 http cache escalade@https://registry.npmjs.org/escalade/-/escalade-3.2.0.tgz 0ms (cache hit)
3844 http cache @emnapi/wasi-threads@https://registry.npmjs.org/@emnapi/wasi-threads/-/wasi-threads-1.2.1.tgz 0ms (cache hit)
3845 http cache @emnapi/core@https://registry.npmjs.org/@emnapi/core/-/core-1.10.0.tgz 0ms (cache hit)
3846 http cache napi-postinstall@https://registry.npmjs.org/napi-postinstall/-/napi-postinstall-0.3.4.tgz 0ms (cache hit)
3847 http cache @napi-rs/wasm-runtime@https://registry.npmjs.org/@napi-rs/wasm-runtime/-/wasm-runtime-1.2.3.tgz 0ms (cache hit)
3848 http cache @unrs/resolver-binding-win32-x64-msvc@https://registry.npmjs.org/@unrs/resolver-binding-win32-x64-msvc/-/resolver-binding-win32-x64-msvc-1.12.2.tgz 0ms (cache hit)
3849 http cache unist-util-visit-parents@https://registry.npmjs.org/unist-util-visit-parents/-/unist-util-visit-parents-6.0.2.tgz 0ms (cache hit)
3850 http cache trough@https://registry.npmjs.org/trough/-/trough-2.2.0.tgz 0ms (cache hit)
3851 http cache is-plain-obj@https://registry.npmjs.org/is-plain-obj/-/is-plain-obj-4.1.0.tgz 0ms (cache hit)
3852 http cache @typescript-eslint/tsconfig-utils@https://registry.npmjs.org/@typescript-eslint/tsconfig-utils/-/tsconfig-utils-8.67.0.tgz 0ms (cache hit)
3853 http cache extend@https://registry.npmjs.org/extend/-/extend-3.0.2.tgz 0ms (cache hit)
3854 http cache bail@https://registry.npmjs.org/bail/-/bail-2.0.2.tgz 0ms (cache hit)
3855 http cache which-boxed-primitive@https://registry.npmjs.org/which-boxed-primitive/-/which-boxed-primitive-1.1.1.tgz 0ms (cache hit)
3856 http cache has-bigints@https://registry.npmjs.org/has-bigints/-/has-bigints-1.1.0.tgz 0ms (cache hit)
3857 http cache ts-api-utils@https://registry.npmjs.org/ts-api-utils/-/ts-api-utils-2.5.0.tgz 0ms (cache hit)
3858 http cache @typescript-eslint/types@https://registry.npmjs.org/@typescript-eslint/types/-/types-8.67.0.tgz 0ms (cache hit)
3859 http cache @typescript-eslint/project-service@https://registry.npmjs.org/@typescript-eslint/project-service/-/project-service-8.67.0.tgz 0ms (cache hit)
3860 http cache @typescript-eslint/scope-manager@https://registry.npmjs.org/@typescript-eslint/scope-manager/-/scope-manager-8.67.0.tgz 0ms (cache hit)
3861 http cache which-builtin-type@https://registry.npmjs.org/which-builtin-type/-/which-builtin-type-1.2.1.tgz 0ms (cache hit)
3862 http cache @typescript-eslint/visitor-keys@https://registry.npmjs.org/@typescript-eslint/visitor-keys/-/visitor-keys-8.67.0.tgz 0ms (cache hit)
3863 http cache @typescript-eslint/type-utils@https://registry.npmjs.org/@typescript-eslint/type-utils/-/type-utils-8.67.0.tgz 0ms (cache hit)
3864 http cache @typescript-eslint/parser@https://registry.npmjs.org/@typescript-eslint/parser/-/parser-8.67.0.tgz 0ms (cache hit)
3865 http cache @typescript-eslint/utils@https://registry.npmjs.org/@typescript-eslint/utils/-/utils-8.67.0.tgz 0ms (cache hit)
3866 http cache @typescript-eslint/eslint-plugin@https://registry.npmjs.org/@typescript-eslint/eslint-plugin/-/eslint-plugin-8.67.0.tgz 0ms (cache hit)
3867 http cache reflect.getprototypeof@https://registry.npmjs.org/reflect.getprototypeof/-/reflect.getprototypeof-1.0.10.tgz 0ms (cache hit)
3868 http cache @typescript-eslint/typescript-estree@https://registry.npmjs.org/@typescript-eslint/typescript-estree/-/typescript-estree-8.67.0.tgz 0ms (cache hit)
3869 http cache strip-bom@https://registry.npmjs.org/strip-bom/-/strip-bom-3.0.0.tgz 0ms (cache hit)
3870 http cache @types/json5@https://registry.npmjs.org/@types/json5/-/json5-0.0.29.tgz 0ms (cache hit)
3871 http cache for-each@https://registry.npmjs.org/for-each/-/for-each-0.3.5.tgz 1ms (cache hit)
3872 http cache minimist@https://registry.npmjs.org/minimist/-/minimist-1.2.8.tgz 0ms (cache hit)
3873 http cache is-number@https://registry.npmjs.org/is-number/-/is-number-7.0.0.tgz 0ms (cache hit)
3874 http cache client-only@https://registry.npmjs.org/client-only/-/client-only-0.0.1.tgz 0ms (cache hit)
3875 http cache has-flag@https://registry.npmjs.org/has-flag/-/has-flag-4.0.0.tgz 0ms (cache hit)
3876 http cache inline-style-parser@https://registry.npmjs.org/inline-style-parser/-/inline-style-parser-0.2.7.tgz 0ms (cache hit)
3877 http cache character-entities-html4@https://registry.npmjs.org/character-entities-html4/-/character-entities-html4-2.1.0.tgz 0ms (cache hit)
3878 http cache @emnapi/runtime@https://registry.npmjs.org/@emnapi/runtime/-/runtime-1.11.3.tgz 0ms (cache hit)
3879 http cache side-channel-weakmap@https://registry.npmjs.org/side-channel-weakmap/-/side-channel-weakmap-1.0.2.tgz 0ms (cache hit)
3880 http cache side-channel-map@https://registry.npmjs.org/side-channel-map/-/side-channel-map-1.0.1.tgz 0ms (cache hit)
3881 http cache @img/sharp-wasm32@https://registry.npmjs.org/@img/sharp-wasm32/-/sharp-wasm32-0.35.3.tgz 0ms (cache hit)
3882 http cache side-channel-list@https://registry.npmjs.org/side-channel-list/-/side-channel-list-1.0.1.tgz 0ms (cache hit)
3883 http cache shebang-regex@https://registry.npmjs.org/shebang-regex/-/shebang-regex-3.0.0.tgz 0ms (cache hit)
3884 http cache style-to-object@https://registry.npmjs.org/style-to-object/-/style-to-object-1.0.14.tgz 0ms (cache hit)
3885 http cache @img/sharp-win32-x64@https://registry.npmjs.org/@img/sharp-win32-x64/-/sharp-win32-x64-0.35.3.tgz 0ms (cache hit)
3886 http cache @img/colour@https://registry.npmjs.org/@img/colour/-/colour-1.1.0.tgz 0ms (cache hit)
3887 http cache isarray@https://registry.npmjs.org/isarray/-/isarray-2.0.5.tgz 0ms (cache hit)
3888 http cache queue-microtask@https://registry.npmjs.org/queue-microtask/-/queue-microtask-1.2.3.tgz 0ms (cache hit)
3889 http cache supports-preserve-symlinks-flag@https://registry.npmjs.org/supports-preserve-symlinks-flag/-/supports-preserve-symlinks-flag-1.0.0.tgz 0ms (cache hit)
3890 http cache path-parse@https://registry.npmjs.org/path-parse/-/path-parse-1.0.7.tgz 0ms (cache hit)
3891 http cache node-exports-info@https://registry.npmjs.org/node-exports-info/-/node-exports-info-1.6.2.tgz 0ms (cache hit)
3892 http cache unist-util-find-after@https://registry.npmjs.org/unist-util-find-after/-/unist-util-find-after-5.0.0.tgz 0ms (cache hit)
3893 http cache hast-util-is-element@https://registry.npmjs.org/hast-util-is-element/-/hast-util-is-element-3.0.0.tgz 0ms (cache hit)
3894 http cache hast-util-to-text@https://registry.npmjs.org/hast-util-to-text/-/hast-util-to-text-4.0.2.tgz 0ms (cache hit)
3895 http cache lowlight@https://registry.npmjs.org/lowlight/-/lowlight-3.3.0.tgz 0ms (cache hit)
3896 http cache @types/use-sync-external-store@https://registry.npmjs.org/@types/use-sync-external-store/-/use-sync-external-store-0.0.6.tgz 0ms (cache hit)
3897 http cache @standard-schema/utils@https://registry.npmjs.org/@standard-schema/utils/-/utils-0.3.0.tgz 0ms (cache hit)
3898 http cache @standard-schema/spec@https://registry.npmjs.org/@standard-schema/spec/-/spec-1.1.0.tgz 0ms (cache hit)
3899 http cache redux@https://registry.npmjs.org/redux/-/redux-5.0.1.tgz 0ms (cache hit)
3900 http cache redux-thunk@https://registry.npmjs.org/redux-thunk/-/redux-thunk-3.1.0.tgz 0ms (cache hit)
3901 http cache victory-vendor@https://registry.npmjs.org/victory-vendor/-/victory-vendor-37.3.6.tgz 0ms (cache hit)
3902 http cache use-sync-external-store@https://registry.npmjs.org/use-sync-external-store/-/use-sync-external-store-1.6.0.tgz 0ms (cache hit)
3903 http cache react-redux@https://registry.npmjs.org/react-redux/-/react-redux-9.3.0.tgz 0ms (cache hit)
3904 http cache reselect@https://registry.npmjs.org/reselect/-/reselect-5.2.0.tgz 0ms (cache hit)
3905 http cache immer@https://registry.npmjs.org/immer/-/immer-11.1.16.tgz 0ms (cache hit)
3906 http cache eventemitter3@https://registry.npmjs.org/eventemitter3/-/eventemitter3-5.0.4.tgz 0ms (cache hit)
3907 http cache @reduxjs/toolkit@https://registry.npmjs.org/@reduxjs/toolkit/-/toolkit-2.12.0.tgz 0ms (cache hit)
3908 http cache tiny-invariant@https://registry.npmjs.org/tiny-invariant/-/tiny-invariant-1.3.3.tgz 0ms (cache hit)
3909 http cache es-toolkit@https://registry.npmjs.org/es-toolkit/-/es-toolkit-1.50.0.tgz 0ms (cache hit)
3910 http cache decimal.js-light@https://registry.npmjs.org/decimal.js-light/-/decimal.js-light-2.5.1.tgz 0ms (cache hit)
3911 http cache get-nonce@https://registry.npmjs.org/get-nonce/-/get-nonce-1.0.1.tgz 0ms (cache hit)
3912 http cache use-sidecar@https://registry.npmjs.org/use-sidecar/-/use-sidecar-1.1.3.tgz 0ms (cache hit)
3913 http cache react-style-singleton@https://registry.npmjs.org/react-style-singleton/-/react-style-singleton-2.2.3.tgz 0ms (cache hit)
3914 http cache is-alphabetical@https://registry.npmjs.org/is-alphabetical/-/is-alphabetical-2.0.1.tgz 0ms (cache hit)
3915 http cache use-callback-ref@https://registry.npmjs.org/use-callback-ref/-/use-callback-ref-1.3.3.tgz 0ms (cache hit)
3916 http cache react-remove-scroll-bar@https://registry.npmjs.org/react-remove-scroll-bar/-/react-remove-scroll-bar-2.3.8.tgz 0ms (cache hit)
3917 http cache is-decimal@https://registry.npmjs.org/is-decimal/-/is-decimal-2.0.1.tgz 0ms (cache hit)
3918 http cache is-hexadecimal@https://registry.npmjs.org/is-hexadecimal/-/is-hexadecimal-2.0.1.tgz 0ms (cache hit)
3919 http cache character-reference-invalid@https://registry.npmjs.org/character-reference-invalid/-/character-reference-invalid-2.0.1.tgz 0ms (cache hit)
3920 http cache is-alphanumerical@https://registry.npmjs.org/is-alphanumerical/-/is-alphanumerical-2.0.1.tgz 0ms (cache hit)
3921 http cache character-entities-legacy@https://registry.npmjs.org/character-entities-legacy/-/character-entities-legacy-3.0.0.tgz 0ms (cache hit)
3922 http cache micromark-util-html-tag-name@https://registry.npmjs.org/micromark-util-html-tag-name/-/micromark-util-html-tag-name-2.0.1.tgz 0ms (cache hit)
3923 http cache micromark-factory-label@https://registry.npmjs.org/micromark-factory-label/-/micromark-factory-label-2.0.1.tgz 0ms (cache hit)
3924 http cache @types/ms@https://registry.npmjs.org/@types/ms/-/ms-2.1.0.tgz 0ms (cache hit)
3925 http cache micromark-factory-whitespace@https://registry.npmjs.org/micromark-factory-whitespace/-/micromark-factory-whitespace-2.0.1.tgz 0ms (cache hit)
3926 http cache micromark-factory-title@https://registry.npmjs.org/micromark-factory-title/-/micromark-factory-title-2.0.1.tgz 0ms (cache hit)
3927 http cache micromark-factory-destination@https://registry.npmjs.org/micromark-factory-destination/-/micromark-factory-destination-2.0.1.tgz 0ms (cache hit)
3928 http cache micromark-util-subtokenize@https://registry.npmjs.org/micromark-util-subtokenize/-/micromark-util-subtokenize-2.1.0.tgz 0ms (cache hit)
3929 http cache micromark-util-encode@https://registry.npmjs.org/micromark-util-encode/-/micromark-util-encode-2.0.1.tgz 0ms (cache hit)
3930 http cache micromark-util-resolve-all@https://registry.npmjs.org/micromark-util-resolve-all/-/micromark-util-resolve-all-2.0.1.tgz 0ms (cache hit)
3931 http cache micromark-util-combine-extensions@https://registry.npmjs.org/micromark-util-combine-extensions/-/micromark-util-combine-extensions-2.0.1.tgz 0ms (cache hit)
3932 http cache @types/debug@https://registry.npmjs.org/@types/debug/-/debug-4.1.13.tgz 0ms (cache hit)
3933 http cache micromark-util-chunked@https://registry.npmjs.org/micromark-util-chunked/-/micromark-util-chunked-2.0.1.tgz 0ms (cache hit)
3934 http cache micromark-util-character@https://registry.npmjs.org/micromark-util-character/-/micromark-util-character-2.1.1.tgz 0ms (cache hit)
3935 http cache micromark-factory-space@https://registry.npmjs.org/micromark-factory-space/-/micromark-factory-space-2.0.1.tgz 0ms (cache hit)
3936 http cache unist-util-is@https://registry.npmjs.org/unist-util-is/-/unist-util-is-6.0.1.tgz 0ms (cache hit)
3937 http cache micromark-core-commonmark@https://registry.npmjs.org/micromark-core-commonmark/-/micromark-core-commonmark-2.0.3.tgz 0ms (cache hit)
3938 http cache zwitch@https://registry.npmjs.org/zwitch/-/zwitch-2.0.4.tgz 0ms (cache hit)
3939 http cache @ungap/structured-clone@https://registry.npmjs.org/@ungap/structured-clone/-/structured-clone-1.3.3.tgz 0ms (cache hit)
3940 http cache mdast-util-phrasing@https://registry.npmjs.org/mdast-util-phrasing/-/mdast-util-phrasing-4.1.0.tgz 0ms (cache hit)
3941 http cache micromark-util-classify-character@https://registry.npmjs.org/micromark-util-classify-character/-/micromark-util-classify-character-2.0.1.tgz 0ms (cache hit)
3942 http cache longest-streak@https://registry.npmjs.org/longest-streak/-/longest-streak-3.1.0.tgz 0ms (cache hit)
3943 http cache micromark-util-sanitize-uri@https://registry.npmjs.org/micromark-util-sanitize-uri/-/micromark-util-sanitize-uri-2.0.1.tgz 0ms (cache hit)
3944 http cache trim-lines@https://registry.npmjs.org/trim-lines/-/trim-lines-3.0.1.tgz 0ms (cache hit)
3945 http cache stringify-entities@https://registry.npmjs.org/stringify-entities/-/stringify-entities-4.0.4.tgz 0ms (cache hit)
3946 http cache parse-entities@https://registry.npmjs.org/parse-entities/-/parse-entities-4.0.2.tgz 0ms (cache hit)
3947 http cache ccount@https://registry.npmjs.org/ccount/-/ccount-2.0.1.tgz 0ms (cache hit)
3948 http cache micromark-util-types@https://registry.npmjs.org/micromark-util-types/-/micromark-util-types-2.0.2.tgz 0ms (cache hit)
3949 http cache unist-util-stringify-position@https://registry.npmjs.org/unist-util-stringify-position/-/unist-util-stringify-position-4.0.0.tgz 0ms (cache hit)
3950 http cache micromark-util-symbol@https://registry.npmjs.org/micromark-util-symbol/-/micromark-util-symbol-2.0.1.tgz 0ms (cache hit)
3951 http cache micromark-util-normalize-identifier@https://registry.npmjs.org/micromark-util-normalize-identifier/-/micromark-util-normalize-identifier-2.0.1.tgz 0ms (cache hit)
3952 http cache character-entities@https://registry.npmjs.org/character-entities/-/character-entities-2.0.2.tgz 0ms (cache hit)
3953 http cache micromark-util-decode-string@https://registry.npmjs.org/micromark-util-decode-string/-/micromark-util-decode-string-2.0.1.tgz 0ms (cache hit)
3954 http cache micromark-util-decode-numeric-character-reference@https://registry.npmjs.org/micromark-util-decode-numeric-character-reference/-/micromark-util-decode-numeric-character-reference-2.0.2.tgz 0ms (cache hit)
3955 http cache @types/estree-jsx@https://registry.npmjs.org/@types/estree-jsx/-/estree-jsx-1.0.5.tgz 0ms (cache hit)
3956 http cache micromark@https://registry.npmjs.org/micromark/-/micromark-4.0.2.tgz 0ms (cache hit)
3957 http cache mdast-util-to-string@https://registry.npmjs.org/mdast-util-to-string/-/mdast-util-to-string-4.0.0.tgz 0ms (cache hit)
3958 http cache mdast-util-to-markdown@https://registry.npmjs.org/mdast-util-to-markdown/-/mdast-util-to-markdown-2.1.2.tgz 0ms (cache hit)
3959 http cache decode-named-character-reference@https://registry.npmjs.org/decode-named-character-reference/-/decode-named-character-reference-1.3.0.tgz 0ms (cache hit)
3960 http cache mdast-util-from-markdown@https://registry.npmjs.org/mdast-util-from-markdown/-/mdast-util-from-markdown-2.0.3.tgz 0ms (cache hit)
3961 http cache vfile-message@https://registry.npmjs.org/vfile-message/-/vfile-message-4.0.3.tgz 0ms (cache hit)
3962 http cache style-to-js@https://registry.npmjs.org/style-to-js/-/style-to-js-1.1.21.tgz 0ms (cache hit)
3963 http cache space-separated-tokens@https://registry.npmjs.org/space-separated-tokens/-/space-separated-tokens-2.0.2.tgz 0ms (cache hit)
3964 http cache unist-util-position@https://registry.npmjs.org/unist-util-position/-/unist-util-position-5.0.0.tgz 0ms (cache hit)
3965 http cache mdast-util-mdx-jsx@https://registry.npmjs.org/mdast-util-mdx-jsx/-/mdast-util-mdx-jsx-3.2.0.tgz 0ms (cache hit)
3966 http cache property-information@https://registry.npmjs.org/property-information/-/property-information-7.2.0.tgz 0ms (cache hit)
3967 http cache mdast-util-mdxjs-esm@https://registry.npmjs.org/mdast-util-mdxjs-esm/-/mdast-util-mdxjs-esm-2.0.1.tgz 0ms (cache hit)
3968 http cache mdast-util-mdx-expression@https://registry.npmjs.org/mdast-util-mdx-expression/-/mdast-util-mdx-expression-2.0.1.tgz 0ms (cache hit)
3969 http cache hast-util-whitespace@https://registry.npmjs.org/hast-util-whitespace/-/hast-util-whitespace-3.0.0.tgz 0ms (cache hit)
3970 http cache estree-util-is-identifier-name@https://registry.npmjs.org/estree-util-is-identifier-name/-/estree-util-is-identifier-name-3.0.0.tgz 0ms (cache hit)
3971 http cache @types/unist@https://registry.npmjs.org/@types/unist/-/unist-3.0.3.tgz 0ms (cache hit)
3972 http cache dequal@https://registry.npmjs.org/dequal/-/dequal-2.0.3.tgz 0ms (cache hit)
3973 http cache comma-separated-tokens@https://registry.npmjs.org/comma-separated-tokens/-/comma-separated-tokens-2.0.3.tgz 0ms (cache hit)
3974 http cache vfile@https://registry.npmjs.org/vfile/-/vfile-6.0.3.tgz 0ms (cache hit)
3975 http cache unist-util-visit@https://registry.npmjs.org/unist-util-visit/-/unist-util-visit-5.1.0.tgz 0ms (cache hit)
3976 http cache unified@https://registry.npmjs.org/unified/-/unified-11.0.5.tgz 0ms (cache hit)
3977 http cache remark-rehype@https://registry.npmjs.org/remark-rehype/-/remark-rehype-11.1.2.tgz 0ms (cache hit)
3978 http cache remark-parse@https://registry.npmjs.org/remark-parse/-/remark-parse-11.0.0.tgz 0ms (cache hit)
3979 http cache mdast-util-to-hast@https://registry.npmjs.org/mdast-util-to-hast/-/mdast-util-to-hast-13.2.1.tgz 0ms (cache hit)
3980 http cache @types/hast@https://registry.npmjs.org/@types/hast/-/hast-3.0.5.tgz 0ms (cache hit)
3981 http cache html-url-attributes@https://registry.npmjs.org/html-url-attributes/-/html-url-attributes-3.0.1.tgz 0ms (cache hit)
3982 http cache hast-util-to-jsx-runtime@https://registry.npmjs.org/hast-util-to-jsx-runtime/-/hast-util-to-jsx-runtime-2.3.6.tgz 0ms (cache hit)
3983 http cache @types/mdast@https://registry.npmjs.org/@types/mdast/-/mdast-4.0.4.tgz 0ms (cache hit)
3984 http cache devlop@https://registry.npmjs.org/devlop/-/devlop-1.1.0.tgz 0ms (cache hit)
3985 http cache scheduler@https://registry.npmjs.org/scheduler/-/scheduler-0.27.0.tgz 0ms (cache hit)
3986 http cache loose-envify@https://registry.npmjs.org/loose-envify/-/loose-envify-1.4.0.tgz 0ms (cache hit)
3987 http cache object-assign@https://registry.npmjs.org/object-assign/-/object-assign-4.1.1.tgz 1ms (cache hit)
3988 http cache cssesc@https://registry.npmjs.org/cssesc/-/cssesc-3.0.0.tgz 0ms (cache hit)
3989 http cache util-deprecate@https://registry.npmjs.org/util-deprecate/-/util-deprecate-1.0.2.tgz 0ms (cache hit)
3990 http cache nanoid@https://registry.npmjs.org/nanoid/-/nanoid-3.3.18.tgz 0ms (cache hit)
3991 http cache yocto-queue@https://registry.npmjs.org/yocto-queue/-/yocto-queue-0.1.0.tgz 0ms (cache hit)
3992 http cache callsites@https://registry.npmjs.org/callsites/-/callsites-3.1.0.tgz 0ms (cache hit)
3993 http cache p-limit@https://registry.npmjs.org/p-limit/-/p-limit-3.1.0.tgz 0ms (cache hit)
3994 http cache word-wrap@https://registry.npmjs.org/word-wrap/-/word-wrap-1.2.5.tgz 0ms (cache hit)
3995 http cache fast-levenshtein@https://registry.npmjs.org/fast-levenshtein/-/fast-levenshtein-2.0.6.tgz 0ms (cache hit)
3996 http cache @next/swc-win32-x64-msvc@https://registry.npmjs.org/@next/swc-win32-x64-msvc/-/swc-win32-x64-msvc-16.3.0.tgz 0ms (cache hit)
3997 http cache @swc/helpers@https://registry.npmjs.org/@swc/helpers/-/helpers-0.5.15.tgz 0ms (cache hit)
3998 http cache styled-jsx@https://registry.npmjs.org/styled-jsx/-/styled-jsx-5.1.6.tgz 0ms (cache hit)
3999 http cache deep-is@https://registry.npmjs.org/deep-is/-/deep-is-0.1.4.tgz 0ms (cache hit)
4000 http cache @next/env@https://registry.npmjs.org/@next/env/-/env-16.3.0.tgz 0ms (cache hit)
4001 http cache sharp@https://registry.npmjs.org/sharp/-/sharp-0.35.3.tgz 0ms (cache hit)
4002 http cache concat-map@https://registry.npmjs.org/concat-map/-/concat-map-0.0.1.tgz 0ms (cache hit)
4003 http cache fill-range@https://registry.npmjs.org/fill-range/-/fill-range-7.1.1.tgz 0ms (cache hit)
4004 http cache to-regex-range@https://registry.npmjs.org/to-regex-range/-/to-regex-range-5.0.1.tgz 0ms (cache hit)
4005 http cache balanced-match@https://registry.npmjs.org/balanced-match/-/balanced-match-1.0.2.tgz 0ms (cache hit)
4006 http cache picomatch@https://registry.npmjs.org/picomatch/-/picomatch-2.3.2.tgz 0ms (cache hit)
4007 http cache brace-expansion@https://registry.npmjs.org/brace-expansion/-/brace-expansion-1.1.18.tgz 0ms (cache hit)
4008 http cache yallist@https://registry.npmjs.org/yallist/-/yallist-3.1.1.tgz 0ms (cache hit)
4009 http cache p-locate@https://registry.npmjs.org/p-locate/-/p-locate-5.0.0.tgz 0ms (cache hit)
4010 http cache prelude-ls@https://registry.npmjs.org/prelude-ls/-/prelude-ls-1.2.1.tgz 0ms (cache hit)
4011 http cache lightningcss-win32-x64-msvc@https://registry.npmjs.org/lightningcss-win32-x64-msvc/-/lightningcss-win32-x64-msvc-1.32.0.tgz 0ms (cache hit)
4012 http cache detect-libc@https://registry.npmjs.org/detect-libc/-/detect-libc-2.1.2.tgz 0ms (cache hit)
4013 http cache type-check@https://registry.npmjs.org/type-check/-/type-check-0.4.0.tgz 0ms (cache hit)
4014 http cache language-subtag-registry@https://registry.npmjs.org/language-subtag-registry/-/language-subtag-registry-0.3.23.tgz 0ms (cache hit)
4015 http cache json-buffer@https://registry.npmjs.org/json-buffer/-/json-buffer-3.0.1.tgz 0ms (cache hit)
4016 http cache set-function-name@https://registry.npmjs.org/set-function-name/-/set-function-name-2.0.2.tgz 0ms (cache hit)
4017 http cache argparse@https://registry.npmjs.org/argparse/-/argparse-2.0.1.tgz 0ms (cache hit)
4018 http cache side-channel@https://registry.npmjs.org/side-channel/-/side-channel-1.1.1.tgz 0ms (cache hit)
4019 http cache is-extglob@https://registry.npmjs.org/is-extglob/-/is-extglob-2.1.1.tgz 0ms (cache hit)
4020 http cache braces@https://registry.npmjs.org/braces/-/braces-3.0.3.tgz 0ms (cache hit)
4021 http cache resolve-from@https://registry.npmjs.org/resolve-from/-/resolve-from-4.0.0.tgz 0ms (cache hit)
4022 http cache parent-module@https://registry.npmjs.org/parent-module/-/parent-module-1.0.1.tgz 0ms (cache hit)
4023 http cache hermes-estree@https://registry.npmjs.org/hermes-estree/-/hermes-estree-0.25.1.tgz 0ms (cache hit)
4024 http cache resolve-pkg-maps@https://registry.npmjs.org/resolve-pkg-maps/-/resolve-pkg-maps-1.0.0.tgz 0ms (cache hit)
4025 http cache is-document.all@https://registry.npmjs.org/is-document.all/-/is-document.all-1.0.0.tgz 0ms (cache hit)
4026 http cache dunder-proto@https://registry.npmjs.org/dunder-proto/-/dunder-proto-1.0.1.tgz 0ms (cache hit)
4027 http cache motion-utils@https://registry.npmjs.org/motion-utils/-/motion-utils-12.39.0.tgz 0ms (cache hit)
4028 http cache functions-have-names@https://registry.npmjs.org/functions-have-names/-/functions-have-names-1.2.3.tgz 0ms (cache hit)
4029 http cache motion-dom@https://registry.npmjs.org/motion-dom/-/motion-dom-12.43.0.tgz 0ms (cache hit)
4030 http cache keyv@https://registry.npmjs.org/keyv/-/keyv-4.5.4.tgz 0ms (cache hit)
4031 http cache flatted@https://registry.npmjs.org/flatted/-/flatted-3.4.4.tgz 0ms (cache hit)
4032 http cache path-exists@https://registry.npmjs.org/path-exists/-/path-exists-4.0.0.tgz 0ms (cache hit)
4033 http cache @nodelib/fs.scandir@https://registry.npmjs.org/@nodelib/fs.scandir/-/fs.scandir-2.1.5.tgz 0ms (cache hit)
4034 http cache locate-path@https://registry.npmjs.org/locate-path/-/locate-path-6.0.0.tgz 0ms (cache hit)
4035 http cache reusify@https://registry.npmjs.org/reusify/-/reusify-1.1.0.tgz 0ms (cache hit)
4036 http cache @nodelib/fs.stat@https://registry.npmjs.org/@nodelib/fs.stat/-/fs.stat-2.0.5.tgz 0ms (cache hit)
4037 http cache flat-cache@https://registry.npmjs.org/flat-cache/-/flat-cache-4.0.1.tgz 0ms (cache hit)
4038 http cache run-parallel@https://registry.npmjs.org/run-parallel/-/run-parallel-1.2.0.tgz 0ms (cache hit)
4039 http cache @nodelib/fs.walk@https://registry.npmjs.org/@nodelib/fs.walk/-/fs.walk-1.2.8.tgz 0ms (cache hit)
4040 http cache fastq@https://registry.npmjs.org/fastq/-/fastq-1.20.1.tgz 0ms (cache hit)
4041 http cache merge2@https://registry.npmjs.org/merge2/-/merge2-1.4.1.tgz 0ms (cache hit)
4042 http cache micromatch@https://registry.npmjs.org/micromatch/-/micromatch-4.0.8.tgz 0ms (cache hit)
4043 http cache acorn-jsx@https://registry.npmjs.org/acorn-jsx/-/acorn-jsx-5.3.2.tgz 0ms (cache hit)
4044 http cache acorn@https://registry.npmjs.org/acorn/-/acorn-8.18.0.tgz 0ms (cache hit)
4045 http cache esrecurse@https://registry.npmjs.org/esrecurse/-/esrecurse-4.3.0.tgz 0ms (cache hit)
4046 http cache @babel/helper-globals@https://registry.npmjs.org/@babel/helper-globals/-/helper-globals-7.29.7.tgz 0ms (cache hit)
4047 http cache node-releases@https://registry.npmjs.org/node-releases/-/node-releases-2.0.53.tgz 0ms (cache hit)
4048 http cache electron-to-chromium@https://registry.npmjs.org/electron-to-chromium/-/electron-to-chromium-1.5.405.tgz 0ms (cache hit)
4049 http cache @babel/helper-module-imports@https://registry.npmjs.org/@babel/helper-module-imports/-/helper-module-imports-7.29.7.tgz 0ms (cache hit)
4050 http cache caniuse-lite@https://registry.npmjs.org/caniuse-lite/-/caniuse-lite-1.0.30001809.tgz 0ms (cache hit)
4051 http cache update-browserslist-db@https://registry.npmjs.org/update-browserslist-db/-/update-browserslist-db-1.3.1.tgz 0ms (cache hit)
4052 http cache @babel/helper-validator-option@https://registry.npmjs.org/@babel/helper-validator-option/-/helper-validator-option-7.29.7.tgz 0ms (cache hit)
4053 http cache lru-cache@https://registry.npmjs.org/lru-cache/-/lru-cache-5.1.1.tgz 0ms (cache hit)
4054 http cache @babel/compat-data@https://registry.npmjs.org/@babel/compat-data/-/compat-data-7.29.7.tgz 0ms (cache hit)
4055 http cache browserslist@https://registry.npmjs.org/browserslist/-/browserslist-4.28.8.tgz 0ms (cache hit)
4056 http cache picocolors@https://registry.npmjs.org/picocolors/-/picocolors-1.1.1.tgz 0ms (cache hit)
4057 http cache jsesc@https://registry.npmjs.org/jsesc/-/jsesc-3.1.0.tgz 0ms (cache hit)
4058 http cache json5@https://registry.npmjs.org/json5/-/json5-2.2.3.tgz 0ms (cache hit)
4059 http cache js-tokens@https://registry.npmjs.org/js-tokens/-/js-tokens-4.0.0.tgz 0ms (cache hit)
4060 http cache @babel/traverse@https://registry.npmjs.org/@babel/traverse/-/traverse-7.29.8.tgz 0ms (cache hit)
4061 http cache gensync@https://registry.npmjs.org/gensync/-/gensync-1.0.0-beta.2.tgz 0ms (cache hit)
4062 http cache convert-source-map@https://registry.npmjs.org/convert-source-map/-/convert-source-map-2.0.0.tgz 0ms (cache hit)
4063 http cache @babel/template@https://registry.npmjs.org/@babel/template/-/template-7.29.7.tgz 0ms (cache hit)
4064 http cache @babel/helpers@https://registry.npmjs.org/@babel/helpers/-/helpers-7.29.7.tgz 0ms (cache hit)
4065 http cache @babel/helper-module-transforms@https://registry.npmjs.org/@babel/helper-module-transforms/-/helper-module-transforms-7.29.7.tgz 0ms (cache hit)
4066 http cache @babel/helper-compilation-targets@https://registry.npmjs.org/@babel/helper-compilation-targets/-/helper-compilation-targets-7.29.7.tgz 0ms (cache hit)
4067 http cache @babel/generator@https://registry.npmjs.org/@babel/generator/-/generator-7.29.8.tgz 0ms (cache hit)
4068 http cache @babel/code-frame@https://registry.npmjs.org/@babel/code-frame/-/code-frame-7.29.7.tgz 0ms (cache hit)
4069 http cache zod-validation-error@https://registry.npmjs.org/zod-validation-error/-/zod-validation-error-4.0.2.tgz 0ms (cache hit)
4070 http cache @babel/core@https://registry.npmjs.org/@babel/core/-/core-7.29.7.tgz 0ms (cache hit)
4071 http cache hermes-parser@https://registry.npmjs.org/hermes-parser/-/hermes-parser-0.25.1.tgz 0ms (cache hit)
4072 http cache zod@https://registry.npmjs.org/zod/-/zod-4.4.3.tgz 0ms (cache hit)
4073 http cache iterator.prototype@https://registry.npmjs.org/iterator.prototype/-/iterator.prototype-1.1.5.tgz 0ms (cache hit)
4074 http cache @babel/parser@https://registry.npmjs.org/@babel/parser/-/parser-7.29.8.tgz 0ms (cache hit)
4075 http cache string.prototype.repeat@https://registry.npmjs.org/string.prototype.repeat/-/string.prototype.repeat-1.0.0.tgz 0ms (cache hit)
4076 http cache string.prototype.matchall@https://registry.npmjs.org/string.prototype.matchall/-/string.prototype.matchall-4.0.12.tgz 0ms (cache hit)
4077 http cache object.entries@https://registry.npmjs.org/object.entries/-/object.entries-1.1.9.tgz 0ms (cache hit)
4078 http cache prop-types@https://registry.npmjs.org/prop-types/-/prop-types-15.8.1.tgz 0ms (cache hit)
4079 http cache estraverse@https://registry.npmjs.org/estraverse/-/estraverse-5.3.0.tgz 0ms (cache hit)
4080 http cache es-iterator-helpers@https://registry.npmjs.org/es-iterator-helpers/-/es-iterator-helpers-1.4.0.tgz 0ms (cache hit)
4081 http cache array.prototype.tosorted@https://registry.npmjs.org/array.prototype.tosorted/-/array.prototype.tosorted-1.1.4.tgz 0ms (cache hit)
4082 http cache array.prototype.findlast@https://registry.npmjs.org/array.prototype.findlast/-/array.prototype.findlast-1.2.5.tgz 0ms (cache hit)
4083 http cache string.prototype.includes@https://registry.npmjs.org/string.prototype.includes/-/string.prototype.includes-2.0.1.tgz 0ms (cache hit)
4084 http cache language-tags@https://registry.npmjs.org/language-tags/-/language-tags-1.0.9.tgz 0ms (cache hit)
4085 http cache jsx-ast-utils@https://registry.npmjs.org/jsx-ast-utils/-/jsx-ast-utils-3.3.5.tgz 0ms (cache hit)
4086 http cache emoji-regex@https://registry.npmjs.org/emoji-regex/-/emoji-regex-9.2.2.tgz 0ms (cache hit)
4087 http cache damerau-levenshtein@https://registry.npmjs.org/damerau-levenshtein/-/damerau-levenshtein-1.0.8.tgz 0ms (cache hit)
4088 http cache axobject-query@https://registry.npmjs.org/axobject-query/-/axobject-query-4.1.0.tgz 0ms (cache hit)
4089 http cache axe-core@https://registry.npmjs.org/axe-core/-/axe-core-4.13.0.tgz 0ms (cache hit)
4090 http cache aria-query@https://registry.npmjs.org/aria-query/-/aria-query-5.3.2.tgz 0ms (cache hit)
4091 http cache ast-types-flow@https://registry.npmjs.org/ast-types-flow/-/ast-types-flow-0.0.8.tgz 0ms (cache hit)
4092 http cache is-symbol@https://registry.npmjs.org/is-symbol/-/is-symbol-1.1.1.tgz 0ms (cache hit)
4093 http cache is-date-object@https://registry.npmjs.org/is-date-object/-/is-date-object-1.1.0.tgz 0ms (cache hit)
4094 http cache es-abstract-get@https://registry.npmjs.org/es-abstract-get/-/es-abstract-get-1.0.0.tgz 0ms (cache hit)
4095 http cache has-tostringtag@https://registry.npmjs.org/has-tostringtag/-/has-tostringtag-1.0.2.tgz 0ms (cache hit)
4096 http cache possible-typed-array-names@https://registry.npmjs.org/possible-typed-array-names/-/possible-typed-array-names-1.1.0.tgz 0ms (cache hit)
4097 http cache which-typed-array@https://registry.npmjs.org/which-typed-array/-/which-typed-array-1.1.22.tgz 0ms (cache hit)
4098 http cache typed-array-length@https://registry.npmjs.org/typed-array-length/-/typed-array-length-1.0.8.tgz 0ms (cache hit)
4099 http cache unbox-primitive@https://registry.npmjs.org/unbox-primitive/-/unbox-primitive-1.1.0.tgz 0ms (cache hit)
4100 http cache typed-array-byte-offset@https://registry.npmjs.org/typed-array-byte-offset/-/typed-array-byte-offset-1.0.4.tgz 0ms (cache hit)
4101 http cache typed-array-byte-length@https://registry.npmjs.org/typed-array-byte-length/-/typed-array-byte-length-1.0.3.tgz 0ms (cache hit)
4102 http cache typed-array-buffer@https://registry.npmjs.org/typed-array-buffer/-/typed-array-buffer-1.0.3.tgz 0ms (cache hit)
4103 http cache string.prototype.trim@https://registry.npmjs.org/string.prototype.trim/-/string.prototype.trim-1.2.11.tgz 0ms (cache hit)
4104 http cache stop-iteration-iterator@https://registry.npmjs.org/stop-iteration-iterator/-/stop-iteration-iterator-1.1.0.tgz 0ms (cache hit)
4105 http cache string.prototype.trimstart@https://registry.npmjs.org/string.prototype.trimstart/-/string.prototype.trimstart-1.0.8.tgz 0ms (cache hit)
4106 http cache set-proto@https://registry.npmjs.org/set-proto/-/set-proto-1.0.0.tgz 0ms (cache hit)
4107 http cache safe-regex-test@https://registry.npmjs.org/safe-regex-test/-/safe-regex-test-1.1.0.tgz 0ms (cache hit)
4108 http cache safe-push-apply@https://registry.npmjs.org/safe-push-apply/-/safe-push-apply-1.0.0.tgz 0ms (cache hit)
4109 http cache safe-array-concat@https://registry.npmjs.org/safe-array-concat/-/safe-array-concat-1.1.4.tgz 0ms (cache hit)
4110 http cache regexp.prototype.flags@https://registry.npmjs.org/regexp.prototype.flags/-/regexp.prototype.flags-1.5.4.tgz 0ms (cache hit)
4111 http cache own-keys@https://registry.npmjs.org/own-keys/-/own-keys-1.0.2.tgz 0ms (cache hit)
4112 http cache object.assign@https://registry.npmjs.org/object.assign/-/object.assign-4.1.7.tgz 0ms (cache hit)
4113 http cache object-inspect@https://registry.npmjs.org/object-inspect/-/object-inspect-1.13.4.tgz 0ms (cache hit)
4114 http cache is-typed-array@https://registry.npmjs.org/is-typed-array/-/is-typed-array-1.1.15.tgz 0ms (cache hit)
4115 http cache is-weakref@https://registry.npmjs.org/is-weakref/-/is-weakref-1.1.1.tgz 0ms (cache hit)
4116 http cache is-shared-array-buffer@https://registry.npmjs.org/is-shared-array-buffer/-/is-shared-array-buffer-1.0.4.tgz 0ms (cache hit)
4117 http cache is-regex@https://registry.npmjs.org/is-regex/-/is-regex-1.2.1.tgz 0ms (cache hit)
4118 http cache is-set@https://registry.npmjs.org/is-set/-/is-set-2.0.3.tgz 0ms (cache hit)
4119 http cache is-negative-zero@https://registry.npmjs.org/is-negative-zero/-/is-negative-zero-2.0.3.tgz 0ms (cache hit)
4120 http cache is-data-view@https://registry.npmjs.org/is-data-view/-/is-data-view-1.0.2.tgz 0ms (cache hit)
4121 http cache is-callable@https://registry.npmjs.org/is-callable/-/is-callable-1.2.7.tgz 0ms (cache hit)
4122 http cache internal-slot@https://registry.npmjs.org/internal-slot/-/internal-slot-1.1.0.tgz 0ms (cache hit)
4123 http cache is-array-buffer@https://registry.npmjs.org/is-array-buffer/-/is-array-buffer-3.0.5.tgz 0ms (cache hit)
4124 http cache has-proto@https://registry.npmjs.org/has-proto/-/has-proto-1.2.0.tgz 0ms (cache hit)
4125 http cache has-symbols@https://registry.npmjs.org/has-symbols/-/has-symbols-1.1.0.tgz 0ms (cache hit)
4126 http cache globalthis@https://registry.npmjs.org/globalthis/-/globalthis-1.0.4.tgz 0ms (cache hit)
4127 http cache get-symbol-description@https://registry.npmjs.org/get-symbol-description/-/get-symbol-description-1.1.0.tgz 0ms (cache hit)
4128 http cache get-proto@https://registry.npmjs.org/get-proto/-/get-proto-1.0.1.tgz 0ms (cache hit)
4129 http cache es-to-primitive@https://registry.npmjs.org/es-to-primitive/-/es-to-primitive-1.3.4.tgz 0ms (cache hit)
4130 http cache function.prototype.name@https://registry.npmjs.org/function.prototype.name/-/function.prototype.name-1.2.0.tgz 0ms (cache hit)
4131 http cache es-set-tostringtag@https://registry.npmjs.org/es-set-tostringtag/-/es-set-tostringtag-2.1.0.tgz 0ms (cache hit)
4132 http cache data-view-byte-offset@https://registry.npmjs.org/data-view-byte-offset/-/data-view-byte-offset-1.0.1.tgz 0ms (cache hit)
4133 http cache data-view-byte-length@https://registry.npmjs.org/data-view-byte-length/-/data-view-byte-length-1.0.2.tgz 0ms (cache hit)
4134 http cache data-view-buffer@https://registry.npmjs.org/data-view-buffer/-/data-view-buffer-1.0.2.tgz 0ms (cache hit)
4135 http cache arraybuffer.prototype.slice@https://registry.npmjs.org/arraybuffer.prototype.slice/-/arraybuffer.prototype.slice-1.0.4.tgz 0ms (cache hit)
4136 http cache gopd@https://registry.npmjs.org/gopd/-/gopd-1.2.0.tgz 0ms (cache hit)
4137 http cache array-buffer-byte-length@https://registry.npmjs.org/array-buffer-byte-length/-/array-buffer-byte-length-1.0.2.tgz 0ms (cache hit)
4138 http cache available-typed-arrays@https://registry.npmjs.org/available-typed-arrays/-/available-typed-arrays-1.0.7.tgz 0ms (cache hit)
4139 http cache object-keys@https://registry.npmjs.org/object-keys/-/object-keys-1.1.1.tgz 0ms (cache hit)
4140 http cache has-property-descriptors@https://registry.npmjs.org/has-property-descriptors/-/has-property-descriptors-1.0.2.tgz 0ms (cache hit)
4141 http cache set-function-length@https://registry.npmjs.org/set-function-length/-/set-function-length-1.2.2.tgz 0ms (cache hit)
4142 http cache function-bind@https://registry.npmjs.org/function-bind/-/function-bind-1.1.2.tgz 0ms (cache hit)
4143 http cache es-define-property@https://registry.npmjs.org/es-define-property/-/es-define-property-1.0.1.tgz 0ms (cache hit)
4144 http cache define-data-property@https://registry.npmjs.org/define-data-property/-/define-data-property-1.1.4.tgz 0ms (cache hit)
4145 http cache es-shim-unscopables@https://registry.npmjs.org/es-shim-unscopables/-/es-shim-unscopables-1.1.0.tgz 0ms (cache hit)
4146 http cache call-bind-apply-helpers@https://registry.npmjs.org/call-bind-apply-helpers/-/call-bind-apply-helpers-1.0.2.tgz 0ms (cache hit)
4147 http cache es-errors@https://registry.npmjs.org/es-errors/-/es-errors-1.3.0.tgz 0ms (cache hit)
4148 http cache is-string@https://registry.npmjs.org/is-string/-/is-string-1.1.1.tgz 0ms (cache hit)
4149 http cache math-intrinsics@https://registry.npmjs.org/math-intrinsics/-/math-intrinsics-1.1.0.tgz 0ms (cache hit)
4150 http cache get-intrinsic@https://registry.npmjs.org/get-intrinsic/-/get-intrinsic-1.3.0.tgz 0ms (cache hit)
4151 http cache es-abstract@https://registry.npmjs.org/es-abstract/-/es-abstract-1.24.2.tgz 0ms (cache hit)
4152 http cache es-object-atoms@https://registry.npmjs.org/es-object-atoms/-/es-object-atoms-1.1.2.tgz 0ms (cache hit)
4153 http cache define-properties@https://registry.npmjs.org/define-properties/-/define-properties-1.2.1.tgz 0ms (cache hit)
4154 http cache call-bound@https://registry.npmjs.org/call-bound/-/call-bound-1.0.4.tgz 0ms (cache hit)
4155 http cache call-bind@https://registry.npmjs.org/call-bind/-/call-bind-1.0.9.tgz 0ms (cache hit)
4156 http cache tsconfig-paths@https://registry.npmjs.org/tsconfig-paths/-/tsconfig-paths-3.15.0.tgz 0ms (cache hit)
4157 http cache object.values@https://registry.npmjs.org/object.values/-/object.values-1.2.1.tgz 0ms (cache hit)
4158 http cache string.prototype.trimend@https://registry.npmjs.org/string.prototype.trimend/-/string.prototype.trimend-1.0.10.tgz 0ms (cache hit)
4159 http cache object.groupby@https://registry.npmjs.org/object.groupby/-/object.groupby-1.0.3.tgz 0ms (cache hit)
4160 http cache semver@https://registry.npmjs.org/semver/-/semver-6.3.1.tgz 0ms (cache hit)
4161 http cache object.fromentries@https://registry.npmjs.org/object.fromentries/-/object.fromentries-2.0.8.tgz 0ms (cache hit)
4162 http cache eslint-module-utils@https://registry.npmjs.org/eslint-module-utils/-/eslint-module-utils-2.14.0.tgz 0ms (cache hit)
4163 http cache @rtsao/scc@https://registry.npmjs.org/@rtsao/scc/-/scc-1.1.0.tgz 0ms (cache hit)
4164 http cache doctrine@https://registry.npmjs.org/doctrine/-/doctrine-2.1.0.tgz 0ms (cache hit)
4165 http cache hasown@https://registry.npmjs.org/hasown/-/hasown-2.0.4.tgz 0ms (cache hit)
4166 http cache array.prototype.flat@https://registry.npmjs.org/array.prototype.flat/-/array.prototype.flat-1.3.3.tgz 0ms (cache hit)
4167 http cache array.prototype.findlastindex@https://registry.npmjs.org/array.prototype.findlastindex/-/array.prototype.findlastindex-1.2.6.tgz 0ms (cache hit)
4168 http cache array.prototype.flatmap@https://registry.npmjs.org/array.prototype.flatmap/-/array.prototype.flatmap-1.3.3.tgz 0ms (cache hit)
4169 http cache @nolyfill/is-core-module@https://registry.npmjs.org/@nolyfill/is-core-module/-/is-core-module-1.0.39.tgz 0ms (cache hit)
4170 http cache array-includes@https://registry.npmjs.org/array-includes/-/array-includes-3.1.9.tgz 0ms (cache hit)
4171 http cache tinyglobby@https://registry.npmjs.org/tinyglobby/-/tinyglobby-0.2.17.tgz 0ms (cache hit)
4172 http cache unrs-resolver@https://registry.npmjs.org/unrs-resolver/-/unrs-resolver-1.12.2.tgz 0ms (cache hit)
4173 http cache stable-hash@https://registry.npmjs.org/stable-hash/-/stable-hash-0.0.5.tgz 0ms (cache hit)
4174 http cache is-bun-module@https://registry.npmjs.org/is-bun-module/-/is-bun-module-2.0.0.tgz 0ms (cache hit)
4175 http cache get-tsconfig@https://registry.npmjs.org/get-tsconfig/-/get-tsconfig-4.14.2.tgz 0ms (cache hit)
4176 http cache resolve@https://registry.npmjs.org/resolve/-/resolve-2.0.0-next.7.tgz 0ms (cache hit)
4177 http cache is-core-module@https://registry.npmjs.org/is-core-module/-/is-core-module-2.16.2.tgz 0ms (cache hit)
4178 http cache fast-glob@https://registry.npmjs.org/fast-glob/-/fast-glob-3.3.1.tgz 0ms (cache hit)
4179 http cache typescript-eslint@https://registry.npmjs.org/typescript-eslint/-/typescript-eslint-8.67.0.tgz 0ms (cache hit)
4180 http cache eslint-plugin-react-hooks@https://registry.npmjs.org/eslint-plugin-react-hooks/-/eslint-plugin-react-hooks-7.1.1.tgz 0ms (cache hit)
4181 http cache @next/eslint-plugin-next@https://registry.npmjs.org/@next/eslint-plugin-next/-/eslint-plugin-next-16.0.4.tgz 0ms (cache hit)
4182 http cache eslint-plugin-react@https://registry.npmjs.org/eslint-plugin-react/-/eslint-plugin-react-7.37.5.tgz 0ms (cache hit)
4183 http cache eslint-plugin-jsx-a11y@https://registry.npmjs.org/eslint-plugin-jsx-a11y/-/eslint-plugin-jsx-a11y-6.10.2.tgz 0ms (cache hit)
4184 http cache eslint-import-resolver-node@https://registry.npmjs.org/eslint-import-resolver-node/-/eslint-import-resolver-node-0.3.10.tgz 0ms (cache hit)
4185 http cache eslint-import-resolver-typescript@https://registry.npmjs.org/eslint-import-resolver-typescript/-/eslint-import-resolver-typescript-3.10.1.tgz 0ms (cache hit)
4186 http cache eslint-plugin-import@https://registry.npmjs.org/eslint-plugin-import/-/eslint-plugin-import-2.32.0.tgz 0ms (cache hit)
4187 http cache ms@https://registry.npmjs.org/ms/-/ms-2.1.3.tgz 0ms (cache hit)
4188 http cache which@https://registry.npmjs.org/which/-/which-2.0.2.tgz 0ms (cache hit)
4189 http cache shebang-command@https://registry.npmjs.org/shebang-command/-/shebang-command-2.0.0.tgz 0ms (cache hit)
4190 http cache path-key@https://registry.npmjs.org/path-key/-/path-key-3.1.1.tgz 0ms (cache hit)
4191 http cache color-name@https://registry.npmjs.org/color-name/-/color-name-1.1.4.tgz 0ms (cache hit)
4192 http cache @humanfs/types@https://registry.npmjs.org/@humanfs/types/-/types-0.15.0.tgz 0ms (cache hit)
4193 http cache color-convert@https://registry.npmjs.org/color-convert/-/color-convert-2.0.1.tgz 0ms (cache hit)
4194 http cache ansi-styles@https://registry.npmjs.org/ansi-styles/-/ansi-styles-4.3.0.tgz 0ms (cache hit)
4195 http cache supports-color@https://registry.npmjs.org/supports-color/-/supports-color-7.2.0.tgz 0ms (cache hit)
4196 http cache @humanfs/core@https://registry.npmjs.org/@humanfs/core/-/core-0.19.2.tgz 0ms (cache hit)
4197 http cache uri-js@https://registry.npmjs.org/uri-js/-/uri-js-4.4.1.tgz 0ms (cache hit)
4198 http cache json-schema-traverse@https://registry.npmjs.org/json-schema-traverse/-/json-schema-traverse-0.4.1.tgz 0ms (cache hit)
4199 http cache fast-json-stable-stringify@https://registry.npmjs.org/fast-json-stable-stringify/-/fast-json-stable-stringify-2.1.0.tgz 0ms (cache hit)
4200 http cache js-yaml@https://registry.npmjs.org/js-yaml/-/js-yaml-4.3.1.tgz 0ms (cache hit)
4201 http cache @types/json-schema@https://registry.npmjs.org/@types/json-schema/-/json-schema-7.0.15.tgz 0ms (cache hit)
4202 http cache levn@https://registry.npmjs.org/levn/-/levn-0.4.1.tgz 0ms (cache hit)
4203 http cache @eslint/object-schema@https://registry.npmjs.org/@eslint/object-schema/-/object-schema-2.1.7.tgz 0ms (cache hit)
4204 http cache import-fresh@https://registry.npmjs.org/import-fresh/-/import-fresh-3.3.1.tgz 0ms (cache hit)
4205 http cache strip-json-comments@https://registry.npmjs.org/strip-json-comments/-/strip-json-comments-3.1.1.tgz 0ms (cache hit)
4206 http cache globals@https://registry.npmjs.org/globals/-/globals-14.0.0.tgz 0ms (cache hit)
4207 http cache natural-compare@https://registry.npmjs.org/natural-compare/-/natural-compare-1.4.0.tgz 0ms (cache hit)
4208 http cache minimatch@https://registry.npmjs.org/minimatch/-/minimatch-3.1.5.tgz 0ms (cache hit)
4209 http cache is-glob@https://registry.npmjs.org/is-glob/-/is-glob-4.0.3.tgz 0ms (cache hit)
4210 http cache optionator@https://registry.npmjs.org/optionator/-/optionator-0.9.4.tgz 0ms (cache hit)
4211 http cache lodash.merge@https://registry.npmjs.org/lodash.merge/-/lodash.merge-4.6.2.tgz 0ms (cache hit)
4212 http cache json-stable-stringify-without-jsonify@https://registry.npmjs.org/json-stable-stringify-without-jsonify/-/json-stable-stringify-without-jsonify-1.0.1.tgz 0ms (cache hit)
4213 http cache ignore@https://registry.npmjs.org/ignore/-/ignore-5.3.2.tgz 0ms (cache hit)
4214 http cache imurmurhash@https://registry.npmjs.org/imurmurhash/-/imurmurhash-0.1.4.tgz 0ms (cache hit)
4215 http cache glob-parent@https://registry.npmjs.org/glob-parent/-/glob-parent-6.0.2.tgz 0ms (cache hit)
4216 http cache find-up@https://registry.npmjs.org/find-up/-/find-up-5.0.0.tgz 0ms (cache hit)
4217 http cache fast-deep-equal@https://registry.npmjs.org/fast-deep-equal/-/fast-deep-equal-3.1.3.tgz 0ms (cache hit)
4218 http cache file-entry-cache@https://registry.npmjs.org/file-entry-cache/-/file-entry-cache-8.0.0.tgz 0ms (cache hit)
4219 http cache esutils@https://registry.npmjs.org/esutils/-/esutils-2.0.3.tgz 0ms (cache hit)
4220 http cache esquery@https://registry.npmjs.org/esquery/-/esquery-1.7.0.tgz 0ms (cache hit)
4221 http cache espree@https://registry.npmjs.org/espree/-/espree-10.4.0.tgz 0ms (cache hit)
4222 http cache eslint-visitor-keys@https://registry.npmjs.org/eslint-visitor-keys/-/eslint-visitor-keys-4.2.1.tgz 0ms (cache hit)
4223 http cache eslint-scope@https://registry.npmjs.org/eslint-scope/-/eslint-scope-8.4.0.tgz 0ms (cache hit)
4224 http cache escape-string-regexp@https://registry.npmjs.org/escape-string-regexp/-/escape-string-regexp-4.0.0.tgz 0ms (cache hit)
4225 http cache debug@https://registry.npmjs.org/debug/-/debug-4.4.3.tgz 0ms (cache hit)
4226 http cache cross-spawn@https://registry.npmjs.org/cross-spawn/-/cross-spawn-7.0.6.tgz 0ms (cache hit)
4227 http cache @humanwhocodes/retry@https://registry.npmjs.org/@humanwhocodes/retry/-/retry-0.4.3.tgz 0ms (cache hit)
4228 http cache @types/estree@https://registry.npmjs.org/@types/estree/-/estree-1.0.9.tgz 0ms (cache hit)
4229 http cache chalk@https://registry.npmjs.org/chalk/-/chalk-4.1.2.tgz 0ms (cache hit)
4230 http cache ajv@https://registry.npmjs.org/ajv/-/ajv-6.15.0.tgz 0ms (cache hit)
4231 http cache @humanfs/node@https://registry.npmjs.org/@humanfs/node/-/node-0.16.8.tgz 0ms (cache hit)
4232 http cache @humanwhocodes/module-importer@https://registry.npmjs.org/@humanwhocodes/module-importer/-/module-importer-1.0.1.tgz 0ms (cache hit)
4233 http cache @eslint/plugin-kit@https://registry.npmjs.org/@eslint/plugin-kit/-/plugin-kit-0.4.1.tgz 0ms (cache hit)
4234 http cache @eslint/eslintrc@https://registry.npmjs.org/@eslint/eslintrc/-/eslintrc-3.3.6.tgz 0ms (cache hit)
4235 http cache @eslint/js@https://registry.npmjs.org/@eslint/js/-/js-9.39.5.tgz 0ms (cache hit)
4236 http cache @eslint/config-helpers@https://registry.npmjs.org/@eslint/config-helpers/-/config-helpers-0.4.2.tgz 0ms (cache hit)
4237 http cache @eslint/core@https://registry.npmjs.org/@eslint/core/-/core-0.17.0.tgz 0ms (cache hit)
4238 http cache tapable@https://registry.npmjs.org/tapable/-/tapable-2.3.3.tgz 0ms (cache hit)
4239 http cache @eslint/config-array@https://registry.npmjs.org/@eslint/config-array/-/config-array-0.21.2.tgz 0ms (cache hit)
4240 http cache @eslint-community/regexpp@https://registry.npmjs.org/@eslint-community/regexpp/-/regexpp-4.12.2.tgz 0ms (cache hit)
4241 http cache @eslint-community/eslint-utils@https://registry.npmjs.org/@eslint-community/eslint-utils/-/eslint-utils-4.10.1.tgz 0ms (cache hit)
4242 http cache graceful-fs@https://registry.npmjs.org/graceful-fs/-/graceful-fs-4.2.11.tgz 0ms (cache hit)
4243 http cache @babel/helper-validator-identifier@https://registry.npmjs.org/@babel/helper-validator-identifier/-/helper-validator-identifier-7.29.7.tgz 0ms (cache hit)
4244 http cache @babel/types@https://registry.npmjs.org/@babel/types/-/types-7.29.8.tgz 0ms (cache hit)
4245 http cache undici-types@https://registry.npmjs.org/undici-types/-/undici-types-6.21.0.tgz 0ms (cache hit)
4246 http cache @babel/helper-string-parser@https://registry.npmjs.org/@babel/helper-string-parser/-/helper-string-parser-7.29.7.tgz 0ms (cache hit)
4247 http cache @jridgewell/resolve-uri@https://registry.npmjs.org/@jridgewell/resolve-uri/-/resolve-uri-3.1.2.tgz 0ms (cache hit)
4248 http cache tslib@https://registry.npmjs.org/tslib/-/tslib-2.8.1.tgz 0ms (cache hit)
4249 http cache @tailwindcss/oxide-win32-x64-msvc@https://registry.npmjs.org/@tailwindcss/oxide-win32-x64-msvc/-/oxide-win32-x64-msvc-4.3.3.tgz 0ms (cache hit)
4250 http cache csstype@https://registry.npmjs.org/csstype/-/csstype-3.2.3.tgz 0ms (cache hit)
4251 http cache postcss-selector-parser@https://registry.npmjs.org/postcss-selector-parser/-/postcss-selector-parser-6.0.10.tgz 0ms (cache hit)
4252 http cache source-map-js@https://registry.npmjs.org/source-map-js/-/source-map-js-1.2.1.tgz 0ms (cache hit)
4253 http cache @jridgewell/sourcemap-codec@https://registry.npmjs.org/@jridgewell/sourcemap-codec/-/sourcemap-codec-1.5.5.tgz 0ms (cache hit)
4254 http cache @jridgewell/trace-mapping@https://registry.npmjs.org/@jridgewell/trace-mapping/-/trace-mapping-0.3.31.tgz 0ms (cache hit)
4255 http cache @jridgewell/gen-mapping@https://registry.npmjs.org/@jridgewell/gen-mapping/-/gen-mapping-0.3.13.tgz 0ms (cache hit)
4256 http cache @jridgewell/remapping@https://registry.npmjs.org/@jridgewell/remapping/-/remapping-2.3.5.tgz 0ms (cache hit)
4257 http cache lightningcss@https://registry.npmjs.org/lightningcss/-/lightningcss-1.32.0.tgz 0ms (cache hit)
4258 http cache magic-string@https://registry.npmjs.org/magic-string/-/magic-string-0.30.21.tgz 0ms (cache hit)
4259 http cache @tailwindcss/oxide@https://registry.npmjs.org/@tailwindcss/oxide/-/oxide-4.3.3.tgz 0ms (cache hit)
4260 http cache jiti@https://registry.npmjs.org/jiti/-/jiti-2.7.0.tgz 0ms (cache hit)
4261 http cache enhanced-resolve@https://registry.npmjs.org/enhanced-resolve/-/enhanced-resolve-5.24.5.tgz 0ms (cache hit)
4262 http cache postcss@https://registry.npmjs.org/postcss/-/postcss-8.5.26.tgz 0ms (cache hit)
4263 http cache @tailwindcss/node@https://registry.npmjs.org/@tailwindcss/node/-/node-4.3.3.tgz 0ms (cache hit)
4264 http cache @radix-ui/number@https://registry.npmjs.org/@radix-ui/number/-/number-1.1.3.tgz 0ms (cache hit)
4265 http cache @floating-ui/utils@https://registry.npmjs.org/@floating-ui/utils/-/utils-0.2.12.tgz 0ms (cache hit)
4266 http cache @floating-ui/dom@https://registry.npmjs.org/@floating-ui/dom/-/dom-1.8.0.tgz 1ms (cache hit)
4267 http cache @alloc/quick-lru@https://registry.npmjs.org/@alloc/quick-lru/-/quick-lru-5.2.0.tgz 0ms (cache hit)
4268 http cache @radix-ui/rect@https://registry.npmjs.org/@radix-ui/rect/-/rect-1.1.3.tgz 0ms (cache hit)
4269 http cache @floating-ui/core@https://registry.npmjs.org/@floating-ui/core/-/core-1.8.0.tgz 0ms (cache hit)
4270 http cache @floating-ui/react-dom@https://registry.npmjs.org/@floating-ui/react-dom/-/react-dom-2.1.9.tgz 0ms (cache hit)
4271 http cache @radix-ui/react-use-size@https://registry.npmjs.org/@radix-ui/react-use-size/-/react-use-size-1.1.4.tgz 0ms (cache hit)
4272 http cache @radix-ui/react-arrow@https://registry.npmjs.org/@radix-ui/react-arrow/-/react-arrow-1.1.15.tgz 0ms (cache hit)
4273 http cache @radix-ui/react-use-rect@https://registry.npmjs.org/@radix-ui/react-use-rect/-/react-use-rect-1.1.4.tgz 0ms (cache hit)
4274 http cache @radix-ui/react-roving-focus@https://registry.npmjs.org/@radix-ui/react-roving-focus/-/react-roving-focus-1.1.19.tgz 0ms (cache hit)
4275 http fetch POST 200 https://registry.npmjs.org/-/npm/v1/security/advisories/bulk 711ms
4276 silly audit report {}
4277 http cache @radix-ui/react-popper@https://registry.npmjs.org/@radix-ui/react-popper/-/react-popper-1.3.7.tgz 0ms (cache hit)
4278 http cache react-remove-scroll@https://registry.npmjs.org/react-remove-scroll/-/react-remove-scroll-2.7.2.tgz 0ms (cache hit)
4279 http cache aria-hidden@https://registry.npmjs.org/aria-hidden/-/aria-hidden-1.2.6.tgz 0ms (cache hit)
4280 http cache @radix-ui/react-use-effect-event@https://registry.npmjs.org/@radix-ui/react-use-effect-event/-/react-use-effect-event-0.0.5.tgz 0ms (cache hit)
4281 http cache @radix-ui/react-focus-scope@https://registry.npmjs.org/@radix-ui/react-focus-scope/-/react-focus-scope-1.1.16.tgz 0ms (cache hit)
4282 http cache @radix-ui/react-portal@https://registry.npmjs.org/@radix-ui/react-portal/-/react-portal-1.1.17.tgz 0ms (cache hit)
4283 http cache @radix-ui/react-focus-guards@https://registry.npmjs.org/@radix-ui/react-focus-guards/-/react-focus-guards-1.1.6.tgz 0ms (cache hit)
4284 http cache @radix-ui/react-dismissable-layer@https://registry.npmjs.org/@radix-ui/react-dismissable-layer/-/react-dismissable-layer-1.1.19.tgz 0ms (cache hit)
4285 http cache @radix-ui/react-presence@https://registry.npmjs.org/@radix-ui/react-presence/-/react-presence-1.1.10.tgz 0ms (cache hit)
4286 http cache @radix-ui/react-menu@https://registry.npmjs.org/@radix-ui/react-menu/-/react-menu-2.1.24.tgz 0ms (cache hit)
4287 http cache @radix-ui/react-use-callback-ref@https://registry.npmjs.org/@radix-ui/react-use-callback-ref/-/react-use-callback-ref-1.1.4.tgz 0ms (cache hit)
4288 http cache @radix-ui/react-use-layout-effect@https://registry.npmjs.org/@radix-ui/react-use-layout-effect/-/react-use-layout-effect-1.1.4.tgz 0ms (cache hit)
4289 http cache @radix-ui/react-use-is-hydrated@https://registry.npmjs.org/@radix-ui/react-use-is-hydrated/-/react-use-is-hydrated-0.1.3.tgz 0ms (cache hit)
4290 http cache @radix-ui/react-primitive@https://registry.npmjs.org/@radix-ui/react-primitive/-/react-primitive-2.1.10.tgz 0ms (cache hit)
4291 http cache @radix-ui/react-use-controllable-state@https://registry.npmjs.org/@radix-ui/react-use-controllable-state/-/react-use-controllable-state-1.2.6.tgz 0ms (cache hit)
4292 http cache @radix-ui/react-direction@https://registry.npmjs.org/@radix-ui/react-direction/-/react-direction-1.1.4.tgz 0ms (cache hit)
4293 http cache @radix-ui/react-context@https://registry.npmjs.org/@radix-ui/react-context/-/react-context-1.2.2.tgz 0ms (cache hit)
4294 http cache @radix-ui/react-compose-refs@https://registry.npmjs.org/@radix-ui/react-compose-refs/-/react-compose-refs-1.1.5.tgz 0ms (cache hit)
4295 http cache @radix-ui/react-id@https://registry.npmjs.org/@radix-ui/react-id/-/react-id-1.1.4.tgz 0ms (cache hit)
4296 http cache @radix-ui/react-collection@https://registry.npmjs.org/@radix-ui/react-collection/-/react-collection-1.1.15.tgz 0ms (cache hit)
4297 http cache @radix-ui/react-collapsible@https://registry.npmjs.org/@radix-ui/react-collapsible/-/react-collapsible-1.1.20.tgz 0ms (cache hit)
4298 http cache @radix-ui/primitive@https://registry.npmjs.org/@radix-ui/primitive/-/primitive-1.1.7.tgz 0ms (cache hit)
4299 http cache typescript@https://registry.npmjs.org/typescript/-/typescript-5.9.3.tgz 0ms (cache hit)
4300 http cache uuid@https://registry.npmjs.org/uuid/-/uuid-13.0.2.tgz 0ms (cache hit)
4301 http cache zustand@https://registry.npmjs.org/zustand/-/zustand-5.0.15.tgz 0ms (cache hit)
4302 http cache tw-animate-css@https://registry.npmjs.org/tw-animate-css/-/tw-animate-css-1.4.0.tgz 0ms (cache hit)
4303 http cache sonner@https://registry.npmjs.org/sonner/-/sonner-2.0.8.tgz 0ms (cache hit)
4304 http cache rehype-highlight@https://registry.npmjs.org/rehype-highlight/-/rehype-highlight-7.0.2.tgz 0ms (cache hit)
4305 http cache react-is@https://registry.npmjs.org/react-is/-/react-is-19.2.8.tgz 0ms (cache hit)
4306 http cache tailwind-merge@https://registry.npmjs.org/tailwind-merge/-/tailwind-merge-3.6.0.tgz 0ms (cache hit)
4307 http cache recharts@https://registry.npmjs.org/recharts/-/recharts-3.10.1.tgz 0ms (cache hit)
4308 http cache react-markdown@https://registry.npmjs.org/react-markdown/-/react-markdown-10.1.0.tgz 0ms (cache hit)
4309 http cache next@https://registry.npmjs.org/next/-/next-16.3.0.tgz 0ms (cache hit)
4310 http cache lucide-react@https://registry.npmjs.org/lucide-react/-/lucide-react-0.555.0.tgz 0ms (cache hit)
4311 http cache highlight.js@https://registry.npmjs.org/highlight.js/-/highlight.js-11.12.0.tgz 0ms (cache hit)
4312 http cache framer-motion@https://registry.npmjs.org/framer-motion/-/framer-motion-12.43.0.tgz 0ms (cache hit)
4313 http cache eslint-config-next@https://registry.npmjs.org/eslint-config-next/-/eslint-config-next-16.0.4.tgz 0ms (cache hit)
4314 http cache clsx@https://registry.npmjs.org/clsx/-/clsx-2.1.1.tgz 0ms (cache hit)
4315 http cache eslint@https://registry.npmjs.org/eslint/-/eslint-9.39.5.tgz 0ms (cache hit)
4316 http cache @types/uuid@https://registry.npmjs.org/@types/uuid/-/uuid-10.0.0.tgz 0ms (cache hit)
4317 http cache class-variance-authority@https://registry.npmjs.org/class-variance-authority/-/class-variance-authority-0.7.1.tgz 0ms (cache hit)
4318 http cache @types/react-dom@https://registry.npmjs.org/@types/react-dom/-/react-dom-19.2.4.tgz 0ms (cache hit)
4319 http cache baseline-browser-mapping@https://registry.npmjs.org/baseline-browser-mapping/-/baseline-browser-mapping-2.11.13.tgz 0ms (cache hit)
4320 http cache @tailwindcss/postcss@https://registry.npmjs.org/@tailwindcss/postcss/-/postcss-4.3.3.tgz 0ms (cache hit)
4321 http cache @types/react@https://registry.npmjs.org/@types/react/-/react-19.2.18.tgz 0ms (cache hit)
4322 http cache @tailwindcss/typography@https://registry.npmjs.org/@tailwindcss/typography/-/typography-0.5.20.tgz 0ms (cache hit)
4323 http cache tailwindcss@https://registry.npmjs.org/tailwindcss/-/tailwindcss-4.3.3.tgz 0ms (cache hit)
4324 http cache babel-plugin-react-compiler@https://registry.npmjs.org/babel-plugin-react-compiler/-/babel-plugin-react-compiler-1.0.0.tgz 0ms (cache hit)
4325 http cache @types/node@https://registry.npmjs.org/@types/node/-/node-20.19.43.tgz 0ms (cache hit)
4326 http cache @radix-ui/react-tabs@https://registry.npmjs.org/@radix-ui/react-tabs/-/react-tabs-1.1.21.tgz 0ms (cache hit)
4327 http cache @radix-ui/react-slot@https://registry.npmjs.org/@radix-ui/react-slot/-/react-slot-1.3.3.tgz 0ms (cache hit)
4328 http cache @radix-ui/react-separator@https://registry.npmjs.org/@radix-ui/react-separator/-/react-separator-1.1.15.tgz 0ms (cache hit)
4329 http cache @radix-ui/react-scroll-area@https://registry.npmjs.org/@radix-ui/react-scroll-area/-/react-scroll-area-1.2.18.tgz 0ms (cache hit)
4330 http cache @radix-ui/react-dialog@https://registry.npmjs.org/@radix-ui/react-dialog/-/react-dialog-1.1.23.tgz 0ms (cache hit)
4331 http cache @radix-ui/react-avatar@https://registry.npmjs.org/@radix-ui/react-avatar/-/react-avatar-1.2.6.tgz 0ms (cache hit)
4332 http cache @radix-ui/react-alert-dialog@https://registry.npmjs.org/@radix-ui/react-alert-dialog/-/react-alert-dialog-1.1.23.tgz 0ms (cache hit)
4333 http cache @radix-ui/react-accordion@https://registry.npmjs.org/@radix-ui/react-accordion/-/react-accordion-1.2.20.tgz 0ms (cache hit)
4334 http cache react-dom@https://registry.npmjs.org/react-dom/-/react-dom-19.2.0.tgz 0ms (cache hit)
4335 http cache react@https://registry.npmjs.org/react/-/react-19.2.0.tgz 0ms (cache hit)
4336 http cache @emnapi/runtime@https://registry.npmjs.org/@emnapi/runtime/-/runtime-1.10.0.tgz 0ms (cache hit)
4337 http cache @radix-ui/react-dropdown-menu@https://registry.npmjs.org/@radix-ui/react-dropdown-menu/-/react-dropdown-menu-2.1.24.tgz 0ms (cache hit)
4338 http cache eslint-visitor-keys@https://registry.npmjs.org/eslint-visitor-keys/-/eslint-visitor-keys-5.0.1.tgz 0ms (cache hit)
4339 http cache brace-expansion@https://registry.npmjs.org/brace-expansion/-/brace-expansion-5.0.9.tgz 0ms (cache hit)
4340 http cache balanced-match@https://registry.npmjs.org/balanced-match/-/balanced-match-4.0.4.tgz 0ms (cache hit)
4341 http cache semver@https://registry.npmjs.org/semver/-/semver-7.8.5.tgz 0ms (cache hit)
4342 http cache minimatch@https://registry.npmjs.org/minimatch/-/minimatch-10.2.6.tgz 0ms (cache hit)
4343 http cache semver@https://registry.npmjs.org/semver/-/semver-7.8.5.tgz 0ms (cache hit)
4344 http cache ignore@https://registry.npmjs.org/ignore/-/ignore-7.0.6.tgz 0ms (cache hit)
4345 http cache highlight.js@https://registry.npmjs.org/highlight.js/-/highlight.js-11.11.2.tgz 0ms (cache hit)
4346 http cache @types/unist@https://registry.npmjs.org/@types/unist/-/unist-2.0.11.tgz 1ms (cache hit)
4347 http cache react-is@https://registry.npmjs.org/react-is/-/react-is-16.13.1.tgz 0ms (cache hit)
4348 http cache picomatch@https://registry.npmjs.org/picomatch/-/picomatch-4.0.5.tgz 0ms (cache hit)
4349 http cache debug@https://registry.npmjs.org/debug/-/debug-3.2.7.tgz 0ms (cache hit)
4350 http cache json5@https://registry.npmjs.org/json5/-/json5-1.0.2.tgz 0ms (cache hit)
4351 http cache semver@https://registry.npmjs.org/semver/-/semver-7.8.5.tgz 0ms (cache hit)
4352 http cache glob-parent@https://registry.npmjs.org/glob-parent/-/glob-parent-5.1.2.tgz 0ms (cache hit)
4353 http cache fdir@https://registry.npmjs.org/fdir/-/fdir-6.5.0.tgz 0ms (cache hit)
4354 http cache debug@https://registry.npmjs.org/debug/-/debug-3.2.7.tgz 0ms (cache hit)
4355 http cache eslint-visitor-keys@https://registry.npmjs.org/eslint-visitor-keys/-/eslint-visitor-keys-3.4.3.tgz 0ms (cache hit)
4356 silly tarball no local data for generator-function@https://registry.npmjs.org/generator-function/-/generator-function-2.0.1.tgz. Extracting by manifest.
4357 silly tarball no local data for is-weakset@https://registry.npmjs.org/is-weakset/-/is-weakset-2.0.4.tgz. Extracting by manifest.
4358 silly tarball no local data for is-weakmap@https://registry.npmjs.org/is-weakmap/-/is-weakmap-2.0.2.tgz. Extracting by manifest.
4359 silly tarball no local data for is-map@https://registry.npmjs.org/is-map/-/is-map-2.0.3.tgz. Extracting by manifest.
4360 silly tarball no local data for async-function@https://registry.npmjs.org/async-function/-/async-function-1.0.0.tgz. Extracting by manifest.
4361 silly tarball no local data for which-collection@https://registry.npmjs.org/which-collection/-/which-collection-1.0.2.tgz. Extracting by manifest.
4362 silly tarball no local data for is-generator-function@https://registry.npmjs.org/is-generator-function/-/is-generator-function-1.1.2.tgz. Extracting by manifest.
4363 silly tarball no local data for is-finalizationregistry@https://registry.npmjs.org/is-finalizationregistry/-/is-finalizationregistry-1.1.1.tgz. Extracting by manifest.
4364 silly tarball no local data for is-number-object@https://registry.npmjs.org/is-number-object/-/is-number-object-1.1.1.tgz. Extracting by manifest.
4365 silly tarball no local data for is-async-function@https://registry.npmjs.org/is-async-function/-/is-async-function-2.1.1.tgz. Extracting by manifest.
4366 silly tarball no local data for is-bigint@https://registry.npmjs.org/is-bigint/-/is-bigint-1.1.0.tgz. Extracting by manifest.
4367 silly tarball no local data for is-boolean-object@https://registry.npmjs.org/is-boolean-object/-/is-boolean-object-1.2.2.tgz. Extracting by manifest.
4368 silly tarball no local data for isexe@https://registry.npmjs.org/isexe/-/isexe-2.0.0.tgz. Extracting by manifest.
4369 silly tarball no local data for d3-path@https://registry.npmjs.org/d3-path/-/d3-path-3.1.0.tgz. Extracting by manifest.
4370 silly tarball no local data for d3-format@https://registry.npmjs.org/d3-format/-/d3-format-3.1.2.tgz. Extracting by manifest.
4371 silly tarball no local data for d3-time-format@https://registry.npmjs.org/d3-time-format/-/d3-time-format-4.1.0.tgz. Extracting by manifest.
4372 silly tarball no local data for @types/d3-path@https://registry.npmjs.org/@types/d3-path/-/d3-path-3.1.1.tgz. Extracting by manifest.
4373 silly tarball no local data for @types/d3-color@https://registry.npmjs.org/@types/d3-color/-/d3-color-3.1.3.tgz. Extracting by manifest.
4374 silly tarball no local data for d3-color@https://registry.npmjs.org/d3-color/-/d3-color-3.1.0.tgz. Extracting by manifest.
4375 silly tarball no local data for internmap@https://registry.npmjs.org/internmap/-/internmap-2.0.3.tgz. Extracting by manifest.
4376 silly tarball no local data for d3-timer@https://registry.npmjs.org/d3-timer/-/d3-timer-3.0.1.tgz. Extracting by manifest.
4377 silly tarball no local data for d3-time@https://registry.npmjs.org/d3-time/-/d3-time-3.1.0.tgz. Extracting by manifest.
4378 silly tarball no local data for d3-shape@https://registry.npmjs.org/d3-shape/-/d3-shape-3.2.0.tgz. Extracting by manifest.
4379 silly tarball no local data for d3-scale@https://registry.npmjs.org/d3-scale/-/d3-scale-4.0.2.tgz. Extracting by manifest.
4380 silly tarball no local data for d3-interpolate@https://registry.npmjs.org/d3-interpolate/-/d3-interpolate-3.0.1.tgz. Extracting by manifest.
4381 silly tarball no local data for d3-ease@https://registry.npmjs.org/d3-ease/-/d3-ease-3.0.1.tgz. Extracting by manifest.
4382 silly tarball no local data for d3-array@https://registry.npmjs.org/d3-array/-/d3-array-3.2.4.tgz. Extracting by manifest.
4383 silly tarball no local data for @types/d3-shape@https://registry.npmjs.org/@types/d3-shape/-/d3-shape-3.1.8.tgz. Extracting by manifest.
4384 silly tarball no local data for @types/d3-timer@https://registry.npmjs.org/@types/d3-timer/-/d3-timer-3.0.2.tgz. Extracting by manifest.
4385 silly tarball no local data for @types/d3-time@https://registry.npmjs.org/@types/d3-time/-/d3-time-3.0.4.tgz. Extracting by manifest.
4386 silly tarball no local data for @types/d3-scale@https://registry.npmjs.org/@types/d3-scale/-/d3-scale-4.0.9.tgz. Extracting by manifest.
4387 http cache debug@https://registry.npmjs.org/debug/-/debug-3.2.7.tgz 0ms (cache hit)
4388 silly tarball no local data for @types/d3-interpolate@https://registry.npmjs.org/@types/d3-interpolate/-/d3-interpolate-3.0.4.tgz. Extracting by manifest.
4389 silly tarball no local data for @types/d3-ease@https://registry.npmjs.org/@types/d3-ease/-/d3-ease-3.0.2.tgz. Extracting by manifest.
4390 silly tarball no local data for @types/d3-array@https://registry.npmjs.org/@types/d3-array/-/d3-array-3.2.2.tgz. Extracting by manifest.
4391 silly tarball no local data for detect-node-es@https://registry.npmjs.org/detect-node-es/-/detect-node-es-1.1.0.tgz. Extracting by manifest.
4392 silly tarball no local data for @tybys/wasm-util@https://registry.npmjs.org/@tybys/wasm-util/-/wasm-util-0.10.3.tgz. Extracting by manifest.
4393 silly tarball no local data for punycode@https://registry.npmjs.org/punycode/-/punycode-2.3.1.tgz. Extracting by manifest.
4394 silly tarball no local data for escalade@https://registry.npmjs.org/escalade/-/escalade-3.2.0.tgz. Extracting by manifest.
4395 silly tarball no local data for @emnapi/wasi-threads@https://registry.npmjs.org/@emnapi/wasi-threads/-/wasi-threads-1.2.1.tgz. Extracting by manifest.
4396 silly tarball no local data for @emnapi/core@https://registry.npmjs.org/@emnapi/core/-/core-1.10.0.tgz. Extracting by manifest.
4397 silly tarball no local data for napi-postinstall@https://registry.npmjs.org/napi-postinstall/-/napi-postinstall-0.3.4.tgz. Extracting by manifest.
4398 silly tarball no local data for @napi-rs/wasm-runtime@https://registry.npmjs.org/@napi-rs/wasm-runtime/-/wasm-runtime-1.2.3.tgz. Extracting by manifest.
4399 silly tarball no local data for @unrs/resolver-binding-win32-x64-msvc@https://registry.npmjs.org/@unrs/resolver-binding-win32-x64-msvc/-/resolver-binding-win32-x64-msvc-1.12.2.tgz. Extracting by manifest.
4400 http cache postcss@https://registry.npmjs.org/postcss/-/postcss-8.5.23.tgz 0ms (cache hit)
4401 silly tarball no local data for unist-util-visit-parents@https://registry.npmjs.org/unist-util-visit-parents/-/unist-util-visit-parents-6.0.2.tgz. Extracting by manifest.
4402 silly tarball no local data for trough@https://registry.npmjs.org/trough/-/trough-2.2.0.tgz. Extracting by manifest.
4403 silly tarball no local data for is-plain-obj@https://registry.npmjs.org/is-plain-obj/-/is-plain-obj-4.1.0.tgz. Extracting by manifest.
4404 silly tarball no local data for @typescript-eslint/tsconfig-utils@https://registry.npmjs.org/@typescript-eslint/tsconfig-utils/-/tsconfig-utils-8.67.0.tgz. Extracting by manifest.
4405 silly tarball no local data for extend@https://registry.npmjs.org/extend/-/extend-3.0.2.tgz. Extracting by manifest.
4406 silly tarball no local data for bail@https://registry.npmjs.org/bail/-/bail-2.0.2.tgz. Extracting by manifest.
4407 silly tarball no local data for which-boxed-primitive@https://registry.npmjs.org/which-boxed-primitive/-/which-boxed-primitive-1.1.1.tgz. Extracting by manifest.
4408 http cache globals@https://registry.npmjs.org/globals/-/globals-16.4.0.tgz 0ms (cache hit)
4409 silly tarball no local data for has-bigints@https://registry.npmjs.org/has-bigints/-/has-bigints-1.1.0.tgz. Extracting by manifest.
4410 silly tarball no local data for ts-api-utils@https://registry.npmjs.org/ts-api-utils/-/ts-api-utils-2.5.0.tgz. Extracting by manifest.
4411 silly tarball no local data for @typescript-eslint/types@https://registry.npmjs.org/@typescript-eslint/types/-/types-8.67.0.tgz. Extracting by manifest.
4412 silly tarball no local data for @typescript-eslint/project-service@https://registry.npmjs.org/@typescript-eslint/project-service/-/project-service-8.67.0.tgz. Extracting by manifest.
4413 silly tarball no local data for @typescript-eslint/scope-manager@https://registry.npmjs.org/@typescript-eslint/scope-manager/-/scope-manager-8.67.0.tgz. Extracting by manifest.
4414 silly tarball no local data for which-builtin-type@https://registry.npmjs.org/which-builtin-type/-/which-builtin-type-1.2.1.tgz. Extracting by manifest.
4415 silly tarball no local data for @typescript-eslint/visitor-keys@https://registry.npmjs.org/@typescript-eslint/visitor-keys/-/visitor-keys-8.67.0.tgz. Extracting by manifest.
4416 silly tarball no local data for @typescript-eslint/type-utils@https://registry.npmjs.org/@typescript-eslint/type-utils/-/type-utils-8.67.0.tgz. Extracting by manifest.
4417 silly tarball no local data for @typescript-eslint/parser@https://registry.npmjs.org/@typescript-eslint/parser/-/parser-8.67.0.tgz. Extracting by manifest.
4418 silly tarball no local data for @typescript-eslint/utils@https://registry.npmjs.org/@typescript-eslint/utils/-/utils-8.67.0.tgz. Extracting by manifest.
4419 silly tarball no local data for @typescript-eslint/eslint-plugin@https://registry.npmjs.org/@typescript-eslint/eslint-plugin/-/eslint-plugin-8.67.0.tgz. Extracting by manifest.
4420 silly tarball no local data for reflect.getprototypeof@https://registry.npmjs.org/reflect.getprototypeof/-/reflect.getprototypeof-1.0.10.tgz. Extracting by manifest.
4421 silly tarball no local data for @typescript-eslint/typescript-estree@https://registry.npmjs.org/@typescript-eslint/typescript-estree/-/typescript-estree-8.67.0.tgz. Extracting by manifest.
4422 silly tarball no local data for strip-bom@https://registry.npmjs.org/strip-bom/-/strip-bom-3.0.0.tgz. Extracting by manifest.
4423 silly tarball no local data for @types/json5@https://registry.npmjs.org/@types/json5/-/json5-0.0.29.tgz. Extracting by manifest.
4424 silly tarball no local data for for-each@https://registry.npmjs.org/for-each/-/for-each-0.3.5.tgz. Extracting by manifest.
4425 silly tarball no local data for minimist@https://registry.npmjs.org/minimist/-/minimist-1.2.8.tgz. Extracting by manifest.
4426 silly tarball no local data for is-number@https://registry.npmjs.org/is-number/-/is-number-7.0.0.tgz. Extracting by manifest.
4427 silly tarball no local data for client-only@https://registry.npmjs.org/client-only/-/client-only-0.0.1.tgz. Extracting by manifest.
4428 silly tarball no local data for has-flag@https://registry.npmjs.org/has-flag/-/has-flag-4.0.0.tgz. Extracting by manifest.
4429 silly tarball no local data for inline-style-parser@https://registry.npmjs.org/inline-style-parser/-/inline-style-parser-0.2.7.tgz. Extracting by manifest.
4430 silly tarball no local data for character-entities-html4@https://registry.npmjs.org/character-entities-html4/-/character-entities-html4-2.1.0.tgz. Extracting by manifest.
4431 silly tarball no local data for @emnapi/runtime@https://registry.npmjs.org/@emnapi/runtime/-/runtime-1.11.3.tgz. Extracting by manifest.
4432 silly tarball no local data for side-channel-weakmap@https://registry.npmjs.org/side-channel-weakmap/-/side-channel-weakmap-1.0.2.tgz. Extracting by manifest.
4433 silly tarball no local data for side-channel-map@https://registry.npmjs.org/side-channel-map/-/side-channel-map-1.0.1.tgz. Extracting by manifest.
4434 silly tarball no local data for @img/sharp-wasm32@https://registry.npmjs.org/@img/sharp-wasm32/-/sharp-wasm32-0.35.3.tgz. Extracting by manifest.
4435 silly tarball no local data for side-channel-list@https://registry.npmjs.org/side-channel-list/-/side-channel-list-1.0.1.tgz. Extracting by manifest.
4436 silly tarball no local data for shebang-regex@https://registry.npmjs.org/shebang-regex/-/shebang-regex-3.0.0.tgz. Extracting by manifest.
4437 silly tarball no local data for style-to-object@https://registry.npmjs.org/style-to-object/-/style-to-object-1.0.14.tgz. Extracting by manifest.
4438 silly tarball no local data for @img/sharp-win32-x64@https://registry.npmjs.org/@img/sharp-win32-x64/-/sharp-win32-x64-0.35.3.tgz. Extracting by manifest.
4439 silly tarball no local data for @img/colour@https://registry.npmjs.org/@img/colour/-/colour-1.1.0.tgz. Extracting by manifest.
4440 silly tarball no local data for isarray@https://registry.npmjs.org/isarray/-/isarray-2.0.5.tgz. Extracting by manifest.
4441 silly tarball no local data for queue-microtask@https://registry.npmjs.org/queue-microtask/-/queue-microtask-1.2.3.tgz. Extracting by manifest.
4442 silly tarball no local data for supports-preserve-symlinks-flag@https://registry.npmjs.org/supports-preserve-symlinks-flag/-/supports-preserve-symlinks-flag-1.0.0.tgz. Extracting by manifest.
4443 silly tarball no local data for path-parse@https://registry.npmjs.org/path-parse/-/path-parse-1.0.7.tgz. Extracting by manifest.
4444 silly tarball no local data for node-exports-info@https://registry.npmjs.org/node-exports-info/-/node-exports-info-1.6.2.tgz. Extracting by manifest.
4445 silly tarball no local data for unist-util-find-after@https://registry.npmjs.org/unist-util-find-after/-/unist-util-find-after-5.0.0.tgz. Extracting by manifest.
4446 silly tarball no local data for hast-util-is-element@https://registry.npmjs.org/hast-util-is-element/-/hast-util-is-element-3.0.0.tgz. Extracting by manifest.
4447 silly tarball no local data for hast-util-to-text@https://registry.npmjs.org/hast-util-to-text/-/hast-util-to-text-4.0.2.tgz. Extracting by manifest.
4448 silly tarball no local data for lowlight@https://registry.npmjs.org/lowlight/-/lowlight-3.3.0.tgz. Extracting by manifest.
4449 silly tarball no local data for @types/use-sync-external-store@https://registry.npmjs.org/@types/use-sync-external-store/-/use-sync-external-store-0.0.6.tgz. Extracting by manifest.
4450 silly tarball no local data for @standard-schema/utils@https://registry.npmjs.org/@standard-schema/utils/-/utils-0.3.0.tgz. Extracting by manifest.
4451 silly tarball no local data for @standard-schema/spec@https://registry.npmjs.org/@standard-schema/spec/-/spec-1.1.0.tgz. Extracting by manifest.
4452 silly tarball no local data for redux@https://registry.npmjs.org/redux/-/redux-5.0.1.tgz. Extracting by manifest.
4453 silly tarball no local data for redux-thunk@https://registry.npmjs.org/redux-thunk/-/redux-thunk-3.1.0.tgz. Extracting by manifest.
4454 silly tarball no local data for victory-vendor@https://registry.npmjs.org/victory-vendor/-/victory-vendor-37.3.6.tgz. Extracting by manifest.
4455 silly tarball no local data for use-sync-external-store@https://registry.npmjs.org/use-sync-external-store/-/use-sync-external-store-1.6.0.tgz. Extracting by manifest.
4456 silly tarball no local data for react-redux@https://registry.npmjs.org/react-redux/-/react-redux-9.3.0.tgz. Extracting by manifest.
4457 silly tarball no local data for reselect@https://registry.npmjs.org/reselect/-/reselect-5.2.0.tgz. Extracting by manifest.
4458 silly tarball no local data for immer@https://registry.npmjs.org/immer/-/immer-11.1.16.tgz. Extracting by manifest.
4459 silly tarball no local data for eventemitter3@https://registry.npmjs.org/eventemitter3/-/eventemitter3-5.0.4.tgz. Extracting by manifest.
4460 silly tarball no local data for @reduxjs/toolkit@https://registry.npmjs.org/@reduxjs/toolkit/-/toolkit-2.12.0.tgz. Extracting by manifest.
4461 silly tarball no local data for tiny-invariant@https://registry.npmjs.org/tiny-invariant/-/tiny-invariant-1.3.3.tgz. Extracting by manifest.
4462 silly tarball no local data for es-toolkit@https://registry.npmjs.org/es-toolkit/-/es-toolkit-1.50.0.tgz. Extracting by manifest.
4463 silly tarball no local data for decimal.js-light@https://registry.npmjs.org/decimal.js-light/-/decimal.js-light-2.5.1.tgz. Extracting by manifest.
4464 silly tarball no local data for get-nonce@https://registry.npmjs.org/get-nonce/-/get-nonce-1.0.1.tgz. Extracting by manifest.
4465 silly tarball no local data for use-sidecar@https://registry.npmjs.org/use-sidecar/-/use-sidecar-1.1.3.tgz. Extracting by manifest.
4466 silly tarball no local data for react-style-singleton@https://registry.npmjs.org/react-style-singleton/-/react-style-singleton-2.2.3.tgz. Extracting by manifest.
4467 silly tarball no local data for is-alphabetical@https://registry.npmjs.org/is-alphabetical/-/is-alphabetical-2.0.1.tgz. Extracting by manifest.
4468 silly tarball no local data for use-callback-ref@https://registry.npmjs.org/use-callback-ref/-/use-callback-ref-1.3.3.tgz. Extracting by manifest.
4469 silly tarball no local data for react-remove-scroll-bar@https://registry.npmjs.org/react-remove-scroll-bar/-/react-remove-scroll-bar-2.3.8.tgz. Extracting by manifest.
4470 silly tarball no local data for is-decimal@https://registry.npmjs.org/is-decimal/-/is-decimal-2.0.1.tgz. Extracting by manifest.
4471 silly tarball no local data for is-hexadecimal@https://registry.npmjs.org/is-hexadecimal/-/is-hexadecimal-2.0.1.tgz. Extracting by manifest.
4472 silly tarball no local data for character-reference-invalid@https://registry.npmjs.org/character-reference-invalid/-/character-reference-invalid-2.0.1.tgz. Extracting by manifest.
4473 silly tarball no local data for is-alphanumerical@https://registry.npmjs.org/is-alphanumerical/-/is-alphanumerical-2.0.1.tgz. Extracting by manifest.
4474 silly tarball no local data for character-entities-legacy@https://registry.npmjs.org/character-entities-legacy/-/character-entities-legacy-3.0.0.tgz. Extracting by manifest.
4475 silly tarball no local data for micromark-util-html-tag-name@https://registry.npmjs.org/micromark-util-html-tag-name/-/micromark-util-html-tag-name-2.0.1.tgz. Extracting by manifest.
4476 silly tarball no local data for micromark-factory-label@https://registry.npmjs.org/micromark-factory-label/-/micromark-factory-label-2.0.1.tgz. Extracting by manifest.
4477 silly tarball no local data for @types/ms@https://registry.npmjs.org/@types/ms/-/ms-2.1.0.tgz. Extracting by manifest.
4478 silly tarball no local data for micromark-factory-whitespace@https://registry.npmjs.org/micromark-factory-whitespace/-/micromark-factory-whitespace-2.0.1.tgz. Extracting by manifest.
4479 silly tarball no local data for micromark-factory-title@https://registry.npmjs.org/micromark-factory-title/-/micromark-factory-title-2.0.1.tgz. Extracting by manifest.
4480 silly tarball no local data for micromark-factory-destination@https://registry.npmjs.org/micromark-factory-destination/-/micromark-factory-destination-2.0.1.tgz. Extracting by manifest.
4481 silly tarball no local data for micromark-util-subtokenize@https://registry.npmjs.org/micromark-util-subtokenize/-/micromark-util-subtokenize-2.1.0.tgz. Extracting by manifest.
4482 silly tarball no local data for micromark-util-encode@https://registry.npmjs.org/micromark-util-encode/-/micromark-util-encode-2.0.1.tgz. Extracting by manifest.
4483 silly tarball no local data for micromark-util-resolve-all@https://registry.npmjs.org/micromark-util-resolve-all/-/micromark-util-resolve-all-2.0.1.tgz. Extracting by manifest.
4484 silly tarball no local data for micromark-util-combine-extensions@https://registry.npmjs.org/micromark-util-combine-extensions/-/micromark-util-combine-extensions-2.0.1.tgz. Extracting by manifest.
4485 silly tarball no local data for @types/debug@https://registry.npmjs.org/@types/debug/-/debug-4.1.13.tgz. Extracting by manifest.
4486 silly tarball no local data for micromark-util-chunked@https://registry.npmjs.org/micromark-util-chunked/-/micromark-util-chunked-2.0.1.tgz. Extracting by manifest.
4487 silly tarball no local data for micromark-util-character@https://registry.npmjs.org/micromark-util-character/-/micromark-util-character-2.1.1.tgz. Extracting by manifest.
4488 silly tarball no local data for micromark-factory-space@https://registry.npmjs.org/micromark-factory-space/-/micromark-factory-space-2.0.1.tgz. Extracting by manifest.
4489 silly tarball no local data for unist-util-is@https://registry.npmjs.org/unist-util-is/-/unist-util-is-6.0.1.tgz. Extracting by manifest.
4490 silly tarball no local data for micromark-core-commonmark@https://registry.npmjs.org/micromark-core-commonmark/-/micromark-core-commonmark-2.0.3.tgz. Extracting by manifest.
4491 silly tarball no local data for zwitch@https://registry.npmjs.org/zwitch/-/zwitch-2.0.4.tgz. Extracting by manifest.
4492 silly tarball no local data for @ungap/structured-clone@https://registry.npmjs.org/@ungap/structured-clone/-/structured-clone-1.3.3.tgz. Extracting by manifest.
4493 silly tarball no local data for mdast-util-phrasing@https://registry.npmjs.org/mdast-util-phrasing/-/mdast-util-phrasing-4.1.0.tgz. Extracting by manifest.
4494 silly tarball no local data for micromark-util-classify-character@https://registry.npmjs.org/micromark-util-classify-character/-/micromark-util-classify-character-2.0.1.tgz. Extracting by manifest.
4495 silly tarball no local data for longest-streak@https://registry.npmjs.org/longest-streak/-/longest-streak-3.1.0.tgz. Extracting by manifest.
4496 silly tarball no local data for micromark-util-sanitize-uri@https://registry.npmjs.org/micromark-util-sanitize-uri/-/micromark-util-sanitize-uri-2.0.1.tgz. Extracting by manifest.
4497 silly tarball no local data for trim-lines@https://registry.npmjs.org/trim-lines/-/trim-lines-3.0.1.tgz. Extracting by manifest.
4498 silly tarball no local data for stringify-entities@https://registry.npmjs.org/stringify-entities/-/stringify-entities-4.0.4.tgz. Extracting by manifest.
4499 silly tarball no local data for parse-entities@https://registry.npmjs.org/parse-entities/-/parse-entities-4.0.2.tgz. Extracting by manifest.
4500 silly tarball no local data for ccount@https://registry.npmjs.org/ccount/-/ccount-2.0.1.tgz. Extracting by manifest.
4501 silly tarball no local data for micromark-util-types@https://registry.npmjs.org/micromark-util-types/-/micromark-util-types-2.0.2.tgz. Extracting by manifest.
4502 silly tarball no local data for unist-util-stringify-position@https://registry.npmjs.org/unist-util-stringify-position/-/unist-util-stringify-position-4.0.0.tgz. Extracting by manifest.
4503 silly tarball no local data for micromark-util-symbol@https://registry.npmjs.org/micromark-util-symbol/-/micromark-util-symbol-2.0.1.tgz. Extracting by manifest.
4504 silly tarball no local data for micromark-util-normalize-identifier@https://registry.npmjs.org/micromark-util-normalize-identifier/-/micromark-util-normalize-identifier-2.0.1.tgz. Extracting by manifest.
4505 silly tarball no local data for character-entities@https://registry.npmjs.org/character-entities/-/character-entities-2.0.2.tgz. Extracting by manifest.
4506 silly tarball no local data for micromark-util-decode-string@https://registry.npmjs.org/micromark-util-decode-string/-/micromark-util-decode-string-2.0.1.tgz. Extracting by manifest.
4507 silly tarball no local data for micromark-util-decode-numeric-character-reference@https://registry.npmjs.org/micromark-util-decode-numeric-character-reference/-/micromark-util-decode-numeric-character-reference-2.0.2.tgz. Extracting by manifest.
4508 silly tarball no local data for @types/estree-jsx@https://registry.npmjs.org/@types/estree-jsx/-/estree-jsx-1.0.5.tgz. Extracting by manifest.
4509 silly tarball no local data for micromark@https://registry.npmjs.org/micromark/-/micromark-4.0.2.tgz. Extracting by manifest.
4510 silly tarball no local data for mdast-util-to-string@https://registry.npmjs.org/mdast-util-to-string/-/mdast-util-to-string-4.0.0.tgz. Extracting by manifest.
4511 silly tarball no local data for mdast-util-to-markdown@https://registry.npmjs.org/mdast-util-to-markdown/-/mdast-util-to-markdown-2.1.2.tgz. Extracting by manifest.
4512 silly tarball no local data for decode-named-character-reference@https://registry.npmjs.org/decode-named-character-reference/-/decode-named-character-reference-1.3.0.tgz. Extracting by manifest.
4513 silly tarball no local data for mdast-util-from-markdown@https://registry.npmjs.org/mdast-util-from-markdown/-/mdast-util-from-markdown-2.0.3.tgz. Extracting by manifest.
4514 silly tarball no local data for vfile-message@https://registry.npmjs.org/vfile-message/-/vfile-message-4.0.3.tgz. Extracting by manifest.
4515 silly tarball no local data for style-to-js@https://registry.npmjs.org/style-to-js/-/style-to-js-1.1.21.tgz. Extracting by manifest.
4516 silly tarball no local data for space-separated-tokens@https://registry.npmjs.org/space-separated-tokens/-/space-separated-tokens-2.0.2.tgz. Extracting by manifest.
4517 silly tarball no local data for unist-util-position@https://registry.npmjs.org/unist-util-position/-/unist-util-position-5.0.0.tgz. Extracting by manifest.
4518 silly tarball no local data for mdast-util-mdx-jsx@https://registry.npmjs.org/mdast-util-mdx-jsx/-/mdast-util-mdx-jsx-3.2.0.tgz. Extracting by manifest.
4519 silly tarball no local data for property-information@https://registry.npmjs.org/property-information/-/property-information-7.2.0.tgz. Extracting by manifest.
4520 silly tarball no local data for mdast-util-mdxjs-esm@https://registry.npmjs.org/mdast-util-mdxjs-esm/-/mdast-util-mdxjs-esm-2.0.1.tgz. Extracting by manifest.
4521 silly tarball no local data for mdast-util-mdx-expression@https://registry.npmjs.org/mdast-util-mdx-expression/-/mdast-util-mdx-expression-2.0.1.tgz. Extracting by manifest.
4522 silly tarball no local data for hast-util-whitespace@https://registry.npmjs.org/hast-util-whitespace/-/hast-util-whitespace-3.0.0.tgz. Extracting by manifest.
4523 silly tarball no local data for estree-util-is-identifier-name@https://registry.npmjs.org/estree-util-is-identifier-name/-/estree-util-is-identifier-name-3.0.0.tgz. Extracting by manifest.
4524 silly tarball no local data for @types/unist@https://registry.npmjs.org/@types/unist/-/unist-3.0.3.tgz. Extracting by manifest.
4525 silly tarball no local data for dequal@https://registry.npmjs.org/dequal/-/dequal-2.0.3.tgz. Extracting by manifest.
4526 silly tarball no local data for comma-separated-tokens@https://registry.npmjs.org/comma-separated-tokens/-/comma-separated-tokens-2.0.3.tgz. Extracting by manifest.
4527 silly tarball no local data for vfile@https://registry.npmjs.org/vfile/-/vfile-6.0.3.tgz. Extracting by manifest.
4528 silly tarball no local data for unist-util-visit@https://registry.npmjs.org/unist-util-visit/-/unist-util-visit-5.1.0.tgz. Extracting by manifest.
4529 silly tarball no local data for unified@https://registry.npmjs.org/unified/-/unified-11.0.5.tgz. Extracting by manifest.
4530 silly tarball no local data for remark-rehype@https://registry.npmjs.org/remark-rehype/-/remark-rehype-11.1.2.tgz. Extracting by manifest.
4531 silly tarball no local data for remark-parse@https://registry.npmjs.org/remark-parse/-/remark-parse-11.0.0.tgz. Extracting by manifest.
4532 silly tarball no local data for mdast-util-to-hast@https://registry.npmjs.org/mdast-util-to-hast/-/mdast-util-to-hast-13.2.1.tgz. Extracting by manifest.
4533 silly tarball no local data for @types/hast@https://registry.npmjs.org/@types/hast/-/hast-3.0.5.tgz. Extracting by manifest.
4534 silly tarball no local data for html-url-attributes@https://registry.npmjs.org/html-url-attributes/-/html-url-attributes-3.0.1.tgz. Extracting by manifest.
4535 silly tarball no local data for hast-util-to-jsx-runtime@https://registry.npmjs.org/hast-util-to-jsx-runtime/-/hast-util-to-jsx-runtime-2.3.6.tgz. Extracting by manifest.
4536 silly tarball no local data for @types/mdast@https://registry.npmjs.org/@types/mdast/-/mdast-4.0.4.tgz. Extracting by manifest.
4537 silly tarball no local data for devlop@https://registry.npmjs.org/devlop/-/devlop-1.1.0.tgz. Extracting by manifest.
4538 silly tarball no local data for scheduler@https://registry.npmjs.org/scheduler/-/scheduler-0.27.0.tgz. Extracting by manifest.
4539 silly tarball no local data for loose-envify@https://registry.npmjs.org/loose-envify/-/loose-envify-1.4.0.tgz. Extracting by manifest.
4540 silly tarball no local data for object-assign@https://registry.npmjs.org/object-assign/-/object-assign-4.1.1.tgz. Extracting by manifest.
4541 silly tarball no local data for cssesc@https://registry.npmjs.org/cssesc/-/cssesc-3.0.0.tgz. Extracting by manifest.
4542 silly tarball no local data for util-deprecate@https://registry.npmjs.org/util-deprecate/-/util-deprecate-1.0.2.tgz. Extracting by manifest.
4543 silly tarball no local data for nanoid@https://registry.npmjs.org/nanoid/-/nanoid-3.3.18.tgz. Extracting by manifest.
4544 silly tarball no local data for yocto-queue@https://registry.npmjs.org/yocto-queue/-/yocto-queue-0.1.0.tgz. Extracting by manifest.
4545 silly tarball no local data for callsites@https://registry.npmjs.org/callsites/-/callsites-3.1.0.tgz. Extracting by manifest.
4546 silly tarball no local data for p-limit@https://registry.npmjs.org/p-limit/-/p-limit-3.1.0.tgz. Extracting by manifest.
4547 silly tarball no local data for word-wrap@https://registry.npmjs.org/word-wrap/-/word-wrap-1.2.5.tgz. Extracting by manifest.
4548 silly tarball no local data for fast-levenshtein@https://registry.npmjs.org/fast-levenshtein/-/fast-levenshtein-2.0.6.tgz. Extracting by manifest.
4549 silly tarball no local data for @next/swc-win32-x64-msvc@https://registry.npmjs.org/@next/swc-win32-x64-msvc/-/swc-win32-x64-msvc-16.3.0.tgz. Extracting by manifest.
4550 silly tarball no local data for @swc/helpers@https://registry.npmjs.org/@swc/helpers/-/helpers-0.5.15.tgz. Extracting by manifest.
4551 silly tarball no local data for styled-jsx@https://registry.npmjs.org/styled-jsx/-/styled-jsx-5.1.6.tgz. Extracting by manifest.
4552 silly tarball no local data for deep-is@https://registry.npmjs.org/deep-is/-/deep-is-0.1.4.tgz. Extracting by manifest.
4553 silly tarball no local data for @next/env@https://registry.npmjs.org/@next/env/-/env-16.3.0.tgz. Extracting by manifest.
4554 silly tarball no local data for sharp@https://registry.npmjs.org/sharp/-/sharp-0.35.3.tgz. Extracting by manifest.
4555 silly tarball no local data for concat-map@https://registry.npmjs.org/concat-map/-/concat-map-0.0.1.tgz. Extracting by manifest.
4556 silly tarball no local data for fill-range@https://registry.npmjs.org/fill-range/-/fill-range-7.1.1.tgz. Extracting by manifest.
4557 silly tarball no local data for to-regex-range@https://registry.npmjs.org/to-regex-range/-/to-regex-range-5.0.1.tgz. Extracting by manifest.
4558 silly tarball no local data for balanced-match@https://registry.npmjs.org/balanced-match/-/balanced-match-1.0.2.tgz. Extracting by manifest.
4559 silly tarball no local data for picomatch@https://registry.npmjs.org/picomatch/-/picomatch-2.3.2.tgz. Extracting by manifest.
4560 silly tarball no local data for brace-expansion@https://registry.npmjs.org/brace-expansion/-/brace-expansion-1.1.18.tgz. Extracting by manifest.
4561 silly tarball no local data for yallist@https://registry.npmjs.org/yallist/-/yallist-3.1.1.tgz. Extracting by manifest.
4562 silly tarball no local data for p-locate@https://registry.npmjs.org/p-locate/-/p-locate-5.0.0.tgz. Extracting by manifest.
4563 silly tarball no local data for prelude-ls@https://registry.npmjs.org/prelude-ls/-/prelude-ls-1.2.1.tgz. Extracting by manifest.
4564 silly tarball no local data for lightningcss-win32-x64-msvc@https://registry.npmjs.org/lightningcss-win32-x64-msvc/-/lightningcss-win32-x64-msvc-1.32.0.tgz. Extracting by manifest.
4565 silly tarball no local data for detect-libc@https://registry.npmjs.org/detect-libc/-/detect-libc-2.1.2.tgz. Extracting by manifest.
4566 silly tarball no local data for type-check@https://registry.npmjs.org/type-check/-/type-check-0.4.0.tgz. Extracting by manifest.
4567 silly tarball no local data for language-subtag-registry@https://registry.npmjs.org/language-subtag-registry/-/language-subtag-registry-0.3.23.tgz. Extracting by manifest.
4568 silly tarball no local data for json-buffer@https://registry.npmjs.org/json-buffer/-/json-buffer-3.0.1.tgz. Extracting by manifest.
4569 silly tarball no local data for set-function-name@https://registry.npmjs.org/set-function-name/-/set-function-name-2.0.2.tgz. Extracting by manifest.
4570 silly tarball no local data for argparse@https://registry.npmjs.org/argparse/-/argparse-2.0.1.tgz. Extracting by manifest.
4571 silly tarball no local data for side-channel@https://registry.npmjs.org/side-channel/-/side-channel-1.1.1.tgz. Extracting by manifest.
4572 silly tarball no local data for is-extglob@https://registry.npmjs.org/is-extglob/-/is-extglob-2.1.1.tgz. Extracting by manifest.
4573 silly tarball no local data for braces@https://registry.npmjs.org/braces/-/braces-3.0.3.tgz. Extracting by manifest.
4574 silly tarball no local data for resolve-from@https://registry.npmjs.org/resolve-from/-/resolve-from-4.0.0.tgz. Extracting by manifest.
4575 silly tarball no local data for parent-module@https://registry.npmjs.org/parent-module/-/parent-module-1.0.1.tgz. Extracting by manifest.
4576 silly tarball no local data for hermes-estree@https://registry.npmjs.org/hermes-estree/-/hermes-estree-0.25.1.tgz. Extracting by manifest.
4577 silly tarball no local data for resolve-pkg-maps@https://registry.npmjs.org/resolve-pkg-maps/-/resolve-pkg-maps-1.0.0.tgz. Extracting by manifest.
4578 silly tarball no local data for is-document.all@https://registry.npmjs.org/is-document.all/-/is-document.all-1.0.0.tgz. Extracting by manifest.
4579 silly tarball no local data for dunder-proto@https://registry.npmjs.org/dunder-proto/-/dunder-proto-1.0.1.tgz. Extracting by manifest.
4580 silly tarball no local data for motion-utils@https://registry.npmjs.org/motion-utils/-/motion-utils-12.39.0.tgz. Extracting by manifest.
4581 silly tarball no local data for functions-have-names@https://registry.npmjs.org/functions-have-names/-/functions-have-names-1.2.3.tgz. Extracting by manifest.
4582 silly tarball no local data for motion-dom@https://registry.npmjs.org/motion-dom/-/motion-dom-12.43.0.tgz. Extracting by manifest.
4583 silly tarball no local data for keyv@https://registry.npmjs.org/keyv/-/keyv-4.5.4.tgz. Extracting by manifest.
4584 silly tarball no local data for flatted@https://registry.npmjs.org/flatted/-/flatted-3.4.4.tgz. Extracting by manifest.
4585 silly tarball no local data for path-exists@https://registry.npmjs.org/path-exists/-/path-exists-4.0.0.tgz. Extracting by manifest.
4586 silly tarball no local data for @nodelib/fs.scandir@https://registry.npmjs.org/@nodelib/fs.scandir/-/fs.scandir-2.1.5.tgz. Extracting by manifest.
4587 silly tarball no local data for locate-path@https://registry.npmjs.org/locate-path/-/locate-path-6.0.0.tgz. Extracting by manifest.
4588 silly tarball no local data for reusify@https://registry.npmjs.org/reusify/-/reusify-1.1.0.tgz. Extracting by manifest.
4589 silly tarball no local data for @nodelib/fs.stat@https://registry.npmjs.org/@nodelib/fs.stat/-/fs.stat-2.0.5.tgz. Extracting by manifest.
4590 silly tarball no local data for flat-cache@https://registry.npmjs.org/flat-cache/-/flat-cache-4.0.1.tgz. Extracting by manifest.
4591 silly tarball no local data for run-parallel@https://registry.npmjs.org/run-parallel/-/run-parallel-1.2.0.tgz. Extracting by manifest.
4592 silly tarball no local data for @nodelib/fs.walk@https://registry.npmjs.org/@nodelib/fs.walk/-/fs.walk-1.2.8.tgz. Extracting by manifest.
4593 silly tarball no local data for fastq@https://registry.npmjs.org/fastq/-/fastq-1.20.1.tgz. Extracting by manifest.
4594 silly tarball no local data for merge2@https://registry.npmjs.org/merge2/-/merge2-1.4.1.tgz. Extracting by manifest.
4595 silly tarball no local data for micromatch@https://registry.npmjs.org/micromatch/-/micromatch-4.0.8.tgz. Extracting by manifest.
4596 silly tarball no local data for acorn-jsx@https://registry.npmjs.org/acorn-jsx/-/acorn-jsx-5.3.2.tgz. Extracting by manifest.
4597 silly tarball no local data for acorn@https://registry.npmjs.org/acorn/-/acorn-8.18.0.tgz. Extracting by manifest.
4598 silly tarball no local data for esrecurse@https://registry.npmjs.org/esrecurse/-/esrecurse-4.3.0.tgz. Extracting by manifest.
4599 silly tarball no local data for @babel/helper-globals@https://registry.npmjs.org/@babel/helper-globals/-/helper-globals-7.29.7.tgz. Extracting by manifest.
4600 silly tarball no local data for node-releases@https://registry.npmjs.org/node-releases/-/node-releases-2.0.53.tgz. Extracting by manifest.
4601 silly tarball no local data for electron-to-chromium@https://registry.npmjs.org/electron-to-chromium/-/electron-to-chromium-1.5.405.tgz. Extracting by manifest.
4602 silly tarball no local data for @babel/helper-module-imports@https://registry.npmjs.org/@babel/helper-module-imports/-/helper-module-imports-7.29.7.tgz. Extracting by manifest.
4603 silly tarball no local data for caniuse-lite@https://registry.npmjs.org/caniuse-lite/-/caniuse-lite-1.0.30001809.tgz. Extracting by manifest.
4604 silly tarball no local data for update-browserslist-db@https://registry.npmjs.org/update-browserslist-db/-/update-browserslist-db-1.3.1.tgz. Extracting by manifest.
4605 silly tarball no local data for @babel/helper-validator-option@https://registry.npmjs.org/@babel/helper-validator-option/-/helper-validator-option-7.29.7.tgz. Extracting by manifest.
4606 silly tarball no local data for lru-cache@https://registry.npmjs.org/lru-cache/-/lru-cache-5.1.1.tgz. Extracting by manifest.
4607 silly tarball no local data for @babel/compat-data@https://registry.npmjs.org/@babel/compat-data/-/compat-data-7.29.7.tgz. Extracting by manifest.
4608 silly tarball no local data for browserslist@https://registry.npmjs.org/browserslist/-/browserslist-4.28.8.tgz. Extracting by manifest.
4609 silly tarball no local data for picocolors@https://registry.npmjs.org/picocolors/-/picocolors-1.1.1.tgz. Extracting by manifest.
4610 silly tarball no local data for jsesc@https://registry.npmjs.org/jsesc/-/jsesc-3.1.0.tgz. Extracting by manifest.
4611 silly tarball no local data for json5@https://registry.npmjs.org/json5/-/json5-2.2.3.tgz. Extracting by manifest.
4612 silly tarball no local data for js-tokens@https://registry.npmjs.org/js-tokens/-/js-tokens-4.0.0.tgz. Extracting by manifest.
4613 silly tarball no local data for @babel/traverse@https://registry.npmjs.org/@babel/traverse/-/traverse-7.29.8.tgz. Extracting by manifest.
4614 silly tarball no local data for gensync@https://registry.npmjs.org/gensync/-/gensync-1.0.0-beta.2.tgz. Extracting by manifest.
4615 silly tarball no local data for convert-source-map@https://registry.npmjs.org/convert-source-map/-/convert-source-map-2.0.0.tgz. Extracting by manifest.
4616 silly tarball no local data for @babel/template@https://registry.npmjs.org/@babel/template/-/template-7.29.7.tgz. Extracting by manifest.
4617 silly tarball no local data for @babel/helpers@https://registry.npmjs.org/@babel/helpers/-/helpers-7.29.7.tgz. Extracting by manifest.
4618 silly tarball no local data for @babel/helper-module-transforms@https://registry.npmjs.org/@babel/helper-module-transforms/-/helper-module-transforms-7.29.7.tgz. Extracting by manifest.
4619 silly tarball no local data for @babel/helper-compilation-targets@https://registry.npmjs.org/@babel/helper-compilation-targets/-/helper-compilation-targets-7.29.7.tgz. Extracting by manifest.
4620 silly tarball no local data for @babel/generator@https://registry.npmjs.org/@babel/generator/-/generator-7.29.8.tgz. Extracting by manifest.
4621 silly tarball no local data for @babel/code-frame@https://registry.npmjs.org/@babel/code-frame/-/code-frame-7.29.7.tgz. Extracting by manifest.
4622 silly tarball no local data for zod-validation-error@https://registry.npmjs.org/zod-validation-error/-/zod-validation-error-4.0.2.tgz. Extracting by manifest.
4623 silly tarball no local data for @babel/core@https://registry.npmjs.org/@babel/core/-/core-7.29.7.tgz. Extracting by manifest.
4624 silly tarball no local data for hermes-parser@https://registry.npmjs.org/hermes-parser/-/hermes-parser-0.25.1.tgz. Extracting by manifest.
4625 silly tarball no local data for zod@https://registry.npmjs.org/zod/-/zod-4.4.3.tgz. Extracting by manifest.
4626 silly tarball no local data for iterator.prototype@https://registry.npmjs.org/iterator.prototype/-/iterator.prototype-1.1.5.tgz. Extracting by manifest.
4627 silly tarball no local data for @babel/parser@https://registry.npmjs.org/@babel/parser/-/parser-7.29.8.tgz. Extracting by manifest.
4628 silly tarball no local data for string.prototype.repeat@https://registry.npmjs.org/string.prototype.repeat/-/string.prototype.repeat-1.0.0.tgz. Extracting by manifest.
4629 silly tarball no local data for string.prototype.matchall@https://registry.npmjs.org/string.prototype.matchall/-/string.prototype.matchall-4.0.12.tgz. Extracting by manifest.
4630 silly tarball no local data for object.entries@https://registry.npmjs.org/object.entries/-/object.entries-1.1.9.tgz. Extracting by manifest.
4631 silly tarball no local data for prop-types@https://registry.npmjs.org/prop-types/-/prop-types-15.8.1.tgz. Extracting by manifest.
4632 silly tarball no local data for estraverse@https://registry.npmjs.org/estraverse/-/estraverse-5.3.0.tgz. Extracting by manifest.
4633 silly tarball no local data for es-iterator-helpers@https://registry.npmjs.org/es-iterator-helpers/-/es-iterator-helpers-1.4.0.tgz. Extracting by manifest.
4634 silly tarball no local data for array.prototype.tosorted@https://registry.npmjs.org/array.prototype.tosorted/-/array.prototype.tosorted-1.1.4.tgz. Extracting by manifest.
4635 silly tarball no local data for array.prototype.findlast@https://registry.npmjs.org/array.prototype.findlast/-/array.prototype.findlast-1.2.5.tgz. Extracting by manifest.
4636 silly tarball no local data for string.prototype.includes@https://registry.npmjs.org/string.prototype.includes/-/string.prototype.includes-2.0.1.tgz. Extracting by manifest.
4637 silly tarball no local data for language-tags@https://registry.npmjs.org/language-tags/-/language-tags-1.0.9.tgz. Extracting by manifest.
4638 silly tarball no local data for jsx-ast-utils@https://registry.npmjs.org/jsx-ast-utils/-/jsx-ast-utils-3.3.5.tgz. Extracting by manifest.
4639 silly tarball no local data for emoji-regex@https://registry.npmjs.org/emoji-regex/-/emoji-regex-9.2.2.tgz. Extracting by manifest.
4640 silly tarball no local data for damerau-levenshtein@https://registry.npmjs.org/damerau-levenshtein/-/damerau-levenshtein-1.0.8.tgz. Extracting by manifest.
4641 silly tarball no local data for axobject-query@https://registry.npmjs.org/axobject-query/-/axobject-query-4.1.0.tgz. Extracting by manifest.
4642 silly tarball no local data for axe-core@https://registry.npmjs.org/axe-core/-/axe-core-4.13.0.tgz. Extracting by manifest.
4643 silly tarball no local data for aria-query@https://registry.npmjs.org/aria-query/-/aria-query-5.3.2.tgz. Extracting by manifest.
4644 silly tarball no local data for ast-types-flow@https://registry.npmjs.org/ast-types-flow/-/ast-types-flow-0.0.8.tgz. Extracting by manifest.
4645 silly tarball no local data for is-symbol@https://registry.npmjs.org/is-symbol/-/is-symbol-1.1.1.tgz. Extracting by manifest.
4646 silly tarball no local data for is-date-object@https://registry.npmjs.org/is-date-object/-/is-date-object-1.1.0.tgz. Extracting by manifest.
4647 silly tarball no local data for es-abstract-get@https://registry.npmjs.org/es-abstract-get/-/es-abstract-get-1.0.0.tgz. Extracting by manifest.
4648 silly tarball no local data for has-tostringtag@https://registry.npmjs.org/has-tostringtag/-/has-tostringtag-1.0.2.tgz. Extracting by manifest.
4649 silly tarball no local data for possible-typed-array-names@https://registry.npmjs.org/possible-typed-array-names/-/possible-typed-array-names-1.1.0.tgz. Extracting by manifest.
4650 silly tarball no local data for which-typed-array@https://registry.npmjs.org/which-typed-array/-/which-typed-array-1.1.22.tgz. Extracting by manifest.
4651 silly tarball no local data for typed-array-length@https://registry.npmjs.org/typed-array-length/-/typed-array-length-1.0.8.tgz. Extracting by manifest.
4652 silly tarball no local data for unbox-primitive@https://registry.npmjs.org/unbox-primitive/-/unbox-primitive-1.1.0.tgz. Extracting by manifest.
4653 silly tarball no local data for typed-array-byte-offset@https://registry.npmjs.org/typed-array-byte-offset/-/typed-array-byte-offset-1.0.4.tgz. Extracting by manifest.
4654 silly tarball no local data for typed-array-byte-length@https://registry.npmjs.org/typed-array-byte-length/-/typed-array-byte-length-1.0.3.tgz. Extracting by manifest.
4655 silly tarball no local data for typed-array-buffer@https://registry.npmjs.org/typed-array-buffer/-/typed-array-buffer-1.0.3.tgz. Extracting by manifest.
4656 silly tarball no local data for string.prototype.trim@https://registry.npmjs.org/string.prototype.trim/-/string.prototype.trim-1.2.11.tgz. Extracting by manifest.
4657 silly tarball no local data for stop-iteration-iterator@https://registry.npmjs.org/stop-iteration-iterator/-/stop-iteration-iterator-1.1.0.tgz. Extracting by manifest.
4658 silly tarball no local data for string.prototype.trimstart@https://registry.npmjs.org/string.prototype.trimstart/-/string.prototype.trimstart-1.0.8.tgz. Extracting by manifest.
4659 silly tarball no local data for set-proto@https://registry.npmjs.org/set-proto/-/set-proto-1.0.0.tgz. Extracting by manifest.
4660 silly tarball no local data for safe-regex-test@https://registry.npmjs.org/safe-regex-test/-/safe-regex-test-1.1.0.tgz. Extracting by manifest.
4661 silly tarball no local data for safe-push-apply@https://registry.npmjs.org/safe-push-apply/-/safe-push-apply-1.0.0.tgz. Extracting by manifest.
4662 silly tarball no local data for safe-array-concat@https://registry.npmjs.org/safe-array-concat/-/safe-array-concat-1.1.4.tgz. Extracting by manifest.
4663 silly tarball no local data for regexp.prototype.flags@https://registry.npmjs.org/regexp.prototype.flags/-/regexp.prototype.flags-1.5.4.tgz. Extracting by manifest.
4664 silly tarball no local data for own-keys@https://registry.npmjs.org/own-keys/-/own-keys-1.0.2.tgz. Extracting by manifest.
4665 silly tarball no local data for object.assign@https://registry.npmjs.org/object.assign/-/object.assign-4.1.7.tgz. Extracting by manifest.
4666 silly tarball no local data for object-inspect@https://registry.npmjs.org/object-inspect/-/object-inspect-1.13.4.tgz. Extracting by manifest.
4667 silly tarball no local data for is-typed-array@https://registry.npmjs.org/is-typed-array/-/is-typed-array-1.1.15.tgz. Extracting by manifest.
4668 silly tarball no local data for is-weakref@https://registry.npmjs.org/is-weakref/-/is-weakref-1.1.1.tgz. Extracting by manifest.
4669 silly tarball no local data for is-shared-array-buffer@https://registry.npmjs.org/is-shared-array-buffer/-/is-shared-array-buffer-1.0.4.tgz. Extracting by manifest.
4670 silly tarball no local data for is-regex@https://registry.npmjs.org/is-regex/-/is-regex-1.2.1.tgz. Extracting by manifest.
4671 silly tarball no local data for is-set@https://registry.npmjs.org/is-set/-/is-set-2.0.3.tgz. Extracting by manifest.
4672 silly tarball no local data for is-negative-zero@https://registry.npmjs.org/is-negative-zero/-/is-negative-zero-2.0.3.tgz. Extracting by manifest.
4673 silly tarball no local data for is-data-view@https://registry.npmjs.org/is-data-view/-/is-data-view-1.0.2.tgz. Extracting by manifest.
4674 silly tarball no local data for is-callable@https://registry.npmjs.org/is-callable/-/is-callable-1.2.7.tgz. Extracting by manifest.
4675 silly tarball no local data for internal-slot@https://registry.npmjs.org/internal-slot/-/internal-slot-1.1.0.tgz. Extracting by manifest.
4676 silly tarball no local data for is-array-buffer@https://registry.npmjs.org/is-array-buffer/-/is-array-buffer-3.0.5.tgz. Extracting by manifest.
4677 silly tarball no local data for has-proto@https://registry.npmjs.org/has-proto/-/has-proto-1.2.0.tgz. Extracting by manifest.
4678 silly tarball no local data for has-symbols@https://registry.npmjs.org/has-symbols/-/has-symbols-1.1.0.tgz. Extracting by manifest.
4679 silly tarball no local data for globalthis@https://registry.npmjs.org/globalthis/-/globalthis-1.0.4.tgz. Extracting by manifest.
4680 silly tarball no local data for get-symbol-description@https://registry.npmjs.org/get-symbol-description/-/get-symbol-description-1.1.0.tgz. Extracting by manifest.
4681 silly tarball no local data for get-proto@https://registry.npmjs.org/get-proto/-/get-proto-1.0.1.tgz. Extracting by manifest.
4682 silly tarball no local data for es-to-primitive@https://registry.npmjs.org/es-to-primitive/-/es-to-primitive-1.3.4.tgz. Extracting by manifest.
4683 silly tarball no local data for function.prototype.name@https://registry.npmjs.org/function.prototype.name/-/function.prototype.name-1.2.0.tgz. Extracting by manifest.
4684 silly tarball no local data for es-set-tostringtag@https://registry.npmjs.org/es-set-tostringtag/-/es-set-tostringtag-2.1.0.tgz. Extracting by manifest.
4685 silly tarball no local data for data-view-byte-offset@https://registry.npmjs.org/data-view-byte-offset/-/data-view-byte-offset-1.0.1.tgz. Extracting by manifest.
4686 silly tarball no local data for data-view-byte-length@https://registry.npmjs.org/data-view-byte-length/-/data-view-byte-length-1.0.2.tgz. Extracting by manifest.
4687 silly tarball no local data for data-view-buffer@https://registry.npmjs.org/data-view-buffer/-/data-view-buffer-1.0.2.tgz. Extracting by manifest.
4688 silly tarball no local data for arraybuffer.prototype.slice@https://registry.npmjs.org/arraybuffer.prototype.slice/-/arraybuffer.prototype.slice-1.0.4.tgz. Extracting by manifest.
4689 silly tarball no local data for gopd@https://registry.npmjs.org/gopd/-/gopd-1.2.0.tgz. Extracting by manifest.
4690 silly tarball no local data for array-buffer-byte-length@https://registry.npmjs.org/array-buffer-byte-length/-/array-buffer-byte-length-1.0.2.tgz. Extracting by manifest.
4691 silly tarball no local data for available-typed-arrays@https://registry.npmjs.org/available-typed-arrays/-/available-typed-arrays-1.0.7.tgz. Extracting by manifest.
4692 silly tarball no local data for object-keys@https://registry.npmjs.org/object-keys/-/object-keys-1.1.1.tgz. Extracting by manifest.
4693 silly tarball no local data for has-property-descriptors@https://registry.npmjs.org/has-property-descriptors/-/has-property-descriptors-1.0.2.tgz. Extracting by manifest.
4694 silly tarball no local data for set-function-length@https://registry.npmjs.org/set-function-length/-/set-function-length-1.2.2.tgz. Extracting by manifest.
4695 silly tarball no local data for function-bind@https://registry.npmjs.org/function-bind/-/function-bind-1.1.2.tgz. Extracting by manifest.
4696 silly tarball no local data for es-define-property@https://registry.npmjs.org/es-define-property/-/es-define-property-1.0.1.tgz. Extracting by manifest.
4697 silly tarball no local data for define-data-property@https://registry.npmjs.org/define-data-property/-/define-data-property-1.1.4.tgz. Extracting by manifest.
4698 silly tarball no local data for es-shim-unscopables@https://registry.npmjs.org/es-shim-unscopables/-/es-shim-unscopables-1.1.0.tgz. Extracting by manifest.
4699 silly tarball no local data for call-bind-apply-helpers@https://registry.npmjs.org/call-bind-apply-helpers/-/call-bind-apply-helpers-1.0.2.tgz. Extracting by manifest.
4700 silly tarball no local data for es-errors@https://registry.npmjs.org/es-errors/-/es-errors-1.3.0.tgz. Extracting by manifest.
4701 silly tarball no local data for is-string@https://registry.npmjs.org/is-string/-/is-string-1.1.1.tgz. Extracting by manifest.
4702 silly tarball no local data for math-intrinsics@https://registry.npmjs.org/math-intrinsics/-/math-intrinsics-1.1.0.tgz. Extracting by manifest.
4703 silly tarball no local data for get-intrinsic@https://registry.npmjs.org/get-intrinsic/-/get-intrinsic-1.3.0.tgz. Extracting by manifest.
4704 silly tarball no local data for es-abstract@https://registry.npmjs.org/es-abstract/-/es-abstract-1.24.2.tgz. Extracting by manifest.
4705 silly tarball no local data for es-object-atoms@https://registry.npmjs.org/es-object-atoms/-/es-object-atoms-1.1.2.tgz. Extracting by manifest.
4706 silly tarball no local data for define-properties@https://registry.npmjs.org/define-properties/-/define-properties-1.2.1.tgz. Extracting by manifest.
4707 silly tarball no local data for call-bound@https://registry.npmjs.org/call-bound/-/call-bound-1.0.4.tgz. Extracting by manifest.
4708 silly tarball no local data for call-bind@https://registry.npmjs.org/call-bind/-/call-bind-1.0.9.tgz. Extracting by manifest.
4709 silly tarball no local data for tsconfig-paths@https://registry.npmjs.org/tsconfig-paths/-/tsconfig-paths-3.15.0.tgz. Extracting by manifest.
4710 silly tarball no local data for object.values@https://registry.npmjs.org/object.values/-/object.values-1.2.1.tgz. Extracting by manifest.
4711 silly tarball no local data for string.prototype.trimend@https://registry.npmjs.org/string.prototype.trimend/-/string.prototype.trimend-1.0.10.tgz. Extracting by manifest.
4712 silly tarball no local data for object.groupby@https://registry.npmjs.org/object.groupby/-/object.groupby-1.0.3.tgz. Extracting by manifest.
4713 silly tarball no local data for semver@https://registry.npmjs.org/semver/-/semver-6.3.1.tgz. Extracting by manifest.
4714 silly tarball no local data for object.fromentries@https://registry.npmjs.org/object.fromentries/-/object.fromentries-2.0.8.tgz. Extracting by manifest.
4715 silly tarball no local data for eslint-module-utils@https://registry.npmjs.org/eslint-module-utils/-/eslint-module-utils-2.14.0.tgz. Extracting by manifest.
4716 silly tarball no local data for @rtsao/scc@https://registry.npmjs.org/@rtsao/scc/-/scc-1.1.0.tgz. Extracting by manifest.
4717 silly tarball no local data for doctrine@https://registry.npmjs.org/doctrine/-/doctrine-2.1.0.tgz. Extracting by manifest.
4718 silly tarball no local data for hasown@https://registry.npmjs.org/hasown/-/hasown-2.0.4.tgz. Extracting by manifest.
4719 silly tarball no local data for array.prototype.flat@https://registry.npmjs.org/array.prototype.flat/-/array.prototype.flat-1.3.3.tgz. Extracting by manifest.
4720 silly tarball no local data for array.prototype.findlastindex@https://registry.npmjs.org/array.prototype.findlastindex/-/array.prototype.findlastindex-1.2.6.tgz. Extracting by manifest.
4721 silly tarball no local data for array.prototype.flatmap@https://registry.npmjs.org/array.prototype.flatmap/-/array.prototype.flatmap-1.3.3.tgz. Extracting by manifest.
4722 silly tarball no local data for @nolyfill/is-core-module@https://registry.npmjs.org/@nolyfill/is-core-module/-/is-core-module-1.0.39.tgz. Extracting by manifest.
4723 silly tarball no local data for array-includes@https://registry.npmjs.org/array-includes/-/array-includes-3.1.9.tgz. Extracting by manifest.
4724 silly tarball no local data for tinyglobby@https://registry.npmjs.org/tinyglobby/-/tinyglobby-0.2.17.tgz. Extracting by manifest.
4725 silly tarball no local data for unrs-resolver@https://registry.npmjs.org/unrs-resolver/-/unrs-resolver-1.12.2.tgz. Extracting by manifest.
4726 silly tarball no local data for stable-hash@https://registry.npmjs.org/stable-hash/-/stable-hash-0.0.5.tgz. Extracting by manifest.
4727 silly tarball no local data for is-bun-module@https://registry.npmjs.org/is-bun-module/-/is-bun-module-2.0.0.tgz. Extracting by manifest.
4728 silly tarball no local data for get-tsconfig@https://registry.npmjs.org/get-tsconfig/-/get-tsconfig-4.14.2.tgz. Extracting by manifest.
4729 silly tarball no local data for resolve@https://registry.npmjs.org/resolve/-/resolve-2.0.0-next.7.tgz. Extracting by manifest.
4730 silly tarball no local data for is-core-module@https://registry.npmjs.org/is-core-module/-/is-core-module-2.16.2.tgz. Extracting by manifest.
4731 silly tarball no local data for fast-glob@https://registry.npmjs.org/fast-glob/-/fast-glob-3.3.1.tgz. Extracting by manifest.
4732 silly tarball no local data for typescript-eslint@https://registry.npmjs.org/typescript-eslint/-/typescript-eslint-8.67.0.tgz. Extracting by manifest.
4733 silly tarball no local data for eslint-plugin-react-hooks@https://registry.npmjs.org/eslint-plugin-react-hooks/-/eslint-plugin-react-hooks-7.1.1.tgz. Extracting by manifest.
4734 silly tarball no local data for @next/eslint-plugin-next@https://registry.npmjs.org/@next/eslint-plugin-next/-/eslint-plugin-next-16.0.4.tgz. Extracting by manifest.
4735 silly tarball no local data for eslint-plugin-react@https://registry.npmjs.org/eslint-plugin-react/-/eslint-plugin-react-7.37.5.tgz. Extracting by manifest.
4736 silly tarball no local data for eslint-plugin-jsx-a11y@https://registry.npmjs.org/eslint-plugin-jsx-a11y/-/eslint-plugin-jsx-a11y-6.10.2.tgz. Extracting by manifest.
4737 silly tarball no local data for eslint-import-resolver-node@https://registry.npmjs.org/eslint-import-resolver-node/-/eslint-import-resolver-node-0.3.10.tgz. Extracting by manifest.
4738 silly tarball no local data for eslint-import-resolver-typescript@https://registry.npmjs.org/eslint-import-resolver-typescript/-/eslint-import-resolver-typescript-3.10.1.tgz. Extracting by manifest.
4739 silly tarball no local data for eslint-plugin-import@https://registry.npmjs.org/eslint-plugin-import/-/eslint-plugin-import-2.32.0.tgz. Extracting by manifest.
4740 silly tarball no local data for ms@https://registry.npmjs.org/ms/-/ms-2.1.3.tgz. Extracting by manifest.
4741 silly tarball no local data for which@https://registry.npmjs.org/which/-/which-2.0.2.tgz. Extracting by manifest.
4742 silly tarball no local data for shebang-command@https://registry.npmjs.org/shebang-command/-/shebang-command-2.0.0.tgz. Extracting by manifest.
4743 silly tarball no local data for path-key@https://registry.npmjs.org/path-key/-/path-key-3.1.1.tgz. Extracting by manifest.
4744 silly tarball no local data for color-name@https://registry.npmjs.org/color-name/-/color-name-1.1.4.tgz. Extracting by manifest.
4745 silly tarball no local data for @humanfs/types@https://registry.npmjs.org/@humanfs/types/-/types-0.15.0.tgz. Extracting by manifest.
4746 silly tarball no local data for color-convert@https://registry.npmjs.org/color-convert/-/color-convert-2.0.1.tgz. Extracting by manifest.
4747 silly tarball no local data for ansi-styles@https://registry.npmjs.org/ansi-styles/-/ansi-styles-4.3.0.tgz. Extracting by manifest.
4748 silly tarball no local data for supports-color@https://registry.npmjs.org/supports-color/-/supports-color-7.2.0.tgz. Extracting by manifest.
4749 silly tarball no local data for @humanfs/core@https://registry.npmjs.org/@humanfs/core/-/core-0.19.2.tgz. Extracting by manifest.
4750 silly tarball no local data for uri-js@https://registry.npmjs.org/uri-js/-/uri-js-4.4.1.tgz. Extracting by manifest.
4751 silly tarball no local data for json-schema-traverse@https://registry.npmjs.org/json-schema-traverse/-/json-schema-traverse-0.4.1.tgz. Extracting by manifest.
4752 silly tarball no local data for fast-json-stable-stringify@https://registry.npmjs.org/fast-json-stable-stringify/-/fast-json-stable-stringify-2.1.0.tgz. Extracting by manifest.
4753 silly tarball no local data for js-yaml@https://registry.npmjs.org/js-yaml/-/js-yaml-4.3.1.tgz. Extracting by manifest.
4754 silly tarball no local data for @types/json-schema@https://registry.npmjs.org/@types/json-schema/-/json-schema-7.0.15.tgz. Extracting by manifest.
4755 silly tarball no local data for levn@https://registry.npmjs.org/levn/-/levn-0.4.1.tgz. Extracting by manifest.
4756 silly tarball no local data for @eslint/object-schema@https://registry.npmjs.org/@eslint/object-schema/-/object-schema-2.1.7.tgz. Extracting by manifest.
4757 silly tarball no local data for import-fresh@https://registry.npmjs.org/import-fresh/-/import-fresh-3.3.1.tgz. Extracting by manifest.
4758 silly tarball no local data for strip-json-comments@https://registry.npmjs.org/strip-json-comments/-/strip-json-comments-3.1.1.tgz. Extracting by manifest.
4759 silly tarball no local data for globals@https://registry.npmjs.org/globals/-/globals-14.0.0.tgz. Extracting by manifest.
4760 silly tarball no local data for natural-compare@https://registry.npmjs.org/natural-compare/-/natural-compare-1.4.0.tgz. Extracting by manifest.
4761 silly tarball no local data for minimatch@https://registry.npmjs.org/minimatch/-/minimatch-3.1.5.tgz. Extracting by manifest.
4762 silly tarball no local data for is-glob@https://registry.npmjs.org/is-glob/-/is-glob-4.0.3.tgz. Extracting by manifest.
4763 silly tarball no local data for optionator@https://registry.npmjs.org/optionator/-/optionator-0.9.4.tgz. Extracting by manifest.
4764 silly tarball no local data for lodash.merge@https://registry.npmjs.org/lodash.merge/-/lodash.merge-4.6.2.tgz. Extracting by manifest.
4765 silly tarball no local data for json-stable-stringify-without-jsonify@https://registry.npmjs.org/json-stable-stringify-without-jsonify/-/json-stable-stringify-without-jsonify-1.0.1.tgz. Extracting by manifest.
4766 silly tarball no local data for ignore@https://registry.npmjs.org/ignore/-/ignore-5.3.2.tgz. Extracting by manifest.
4767 silly tarball no local data for imurmurhash@https://registry.npmjs.org/imurmurhash/-/imurmurhash-0.1.4.tgz. Extracting by manifest.
4768 silly tarball no local data for glob-parent@https://registry.npmjs.org/glob-parent/-/glob-parent-6.0.2.tgz. Extracting by manifest.
4769 silly tarball no local data for find-up@https://registry.npmjs.org/find-up/-/find-up-5.0.0.tgz. Extracting by manifest.
4770 silly tarball no local data for fast-deep-equal@https://registry.npmjs.org/fast-deep-equal/-/fast-deep-equal-3.1.3.tgz. Extracting by manifest.
4771 silly tarball no local data for file-entry-cache@https://registry.npmjs.org/file-entry-cache/-/file-entry-cache-8.0.0.tgz. Extracting by manifest.
4772 silly tarball no local data for esutils@https://registry.npmjs.org/esutils/-/esutils-2.0.3.tgz. Extracting by manifest.
4773 silly tarball no local data for esquery@https://registry.npmjs.org/esquery/-/esquery-1.7.0.tgz. Extracting by manifest.
4774 silly tarball no local data for espree@https://registry.npmjs.org/espree/-/espree-10.4.0.tgz. Extracting by manifest.
4775 silly tarball no local data for eslint-visitor-keys@https://registry.npmjs.org/eslint-visitor-keys/-/eslint-visitor-keys-4.2.1.tgz. Extracting by manifest.
4776 silly tarball no local data for eslint-scope@https://registry.npmjs.org/eslint-scope/-/eslint-scope-8.4.0.tgz. Extracting by manifest.
4777 silly tarball no local data for escape-string-regexp@https://registry.npmjs.org/escape-string-regexp/-/escape-string-regexp-4.0.0.tgz. Extracting by manifest.
4778 silly tarball no local data for debug@https://registry.npmjs.org/debug/-/debug-4.4.3.tgz. Extracting by manifest.
4779 silly tarball no local data for cross-spawn@https://registry.npmjs.org/cross-spawn/-/cross-spawn-7.0.6.tgz. Extracting by manifest.
4780 silly tarball no local data for @humanwhocodes/retry@https://registry.npmjs.org/@humanwhocodes/retry/-/retry-0.4.3.tgz. Extracting by manifest.
4781 silly tarball no local data for @types/estree@https://registry.npmjs.org/@types/estree/-/estree-1.0.9.tgz. Extracting by manifest.
4782 silly tarball no local data for chalk@https://registry.npmjs.org/chalk/-/chalk-4.1.2.tgz. Extracting by manifest.
4783 silly tarball no local data for ajv@https://registry.npmjs.org/ajv/-/ajv-6.15.0.tgz. Extracting by manifest.
4784 silly tarball no local data for @humanfs/node@https://registry.npmjs.org/@humanfs/node/-/node-0.16.8.tgz. Extracting by manifest.
4785 silly tarball no local data for @humanwhocodes/module-importer@https://registry.npmjs.org/@humanwhocodes/module-importer/-/module-importer-1.0.1.tgz. Extracting by manifest.
4786 silly tarball no local data for @eslint/plugin-kit@https://registry.npmjs.org/@eslint/plugin-kit/-/plugin-kit-0.4.1.tgz. Extracting by manifest.
4787 silly tarball no local data for @eslint/eslintrc@https://registry.npmjs.org/@eslint/eslintrc/-/eslintrc-3.3.6.tgz. Extracting by manifest.
4788 silly tarball no local data for @eslint/js@https://registry.npmjs.org/@eslint/js/-/js-9.39.5.tgz. Extracting by manifest.
4789 silly tarball no local data for @eslint/config-helpers@https://registry.npmjs.org/@eslint/config-helpers/-/config-helpers-0.4.2.tgz. Extracting by manifest.
4790 silly tarball no local data for @eslint/core@https://registry.npmjs.org/@eslint/core/-/core-0.17.0.tgz. Extracting by manifest.
4791 silly tarball no local data for tapable@https://registry.npmjs.org/tapable/-/tapable-2.3.3.tgz. Extracting by manifest.
4792 silly tarball no local data for @eslint/config-array@https://registry.npmjs.org/@eslint/config-array/-/config-array-0.21.2.tgz. Extracting by manifest.
4793 silly tarball no local data for @eslint-community/regexpp@https://registry.npmjs.org/@eslint-community/regexpp/-/regexpp-4.12.2.tgz. Extracting by manifest.
4794 silly tarball no local data for @eslint-community/eslint-utils@https://registry.npmjs.org/@eslint-community/eslint-utils/-/eslint-utils-4.10.1.tgz. Extracting by manifest.
4795 silly tarball no local data for graceful-fs@https://registry.npmjs.org/graceful-fs/-/graceful-fs-4.2.11.tgz. Extracting by manifest.
4796 silly tarball no local data for @babel/helper-validator-identifier@https://registry.npmjs.org/@babel/helper-validator-identifier/-/helper-validator-identifier-7.29.7.tgz. Extracting by manifest.
4797 silly tarball no local data for @babel/types@https://registry.npmjs.org/@babel/types/-/types-7.29.8.tgz. Extracting by manifest.
4798 silly tarball no local data for undici-types@https://registry.npmjs.org/undici-types/-/undici-types-6.21.0.tgz. Extracting by manifest.
4799 silly tarball no local data for @babel/helper-string-parser@https://registry.npmjs.org/@babel/helper-string-parser/-/helper-string-parser-7.29.7.tgz. Extracting by manifest.
4800 silly tarball no local data for @jridgewell/resolve-uri@https://registry.npmjs.org/@jridgewell/resolve-uri/-/resolve-uri-3.1.2.tgz. Extracting by manifest.
4801 silly tarball no local data for tslib@https://registry.npmjs.org/tslib/-/tslib-2.8.1.tgz. Extracting by manifest.
4802 silly tarball no local data for @tailwindcss/oxide-win32-x64-msvc@https://registry.npmjs.org/@tailwindcss/oxide-win32-x64-msvc/-/oxide-win32-x64-msvc-4.3.3.tgz. Extracting by manifest.
4803 silly tarball no local data for csstype@https://registry.npmjs.org/csstype/-/csstype-3.2.3.tgz. Extracting by manifest.
4804 silly tarball no local data for postcss-selector-parser@https://registry.npmjs.org/postcss-selector-parser/-/postcss-selector-parser-6.0.10.tgz. Extracting by manifest.
4805 silly tarball no local data for source-map-js@https://registry.npmjs.org/source-map-js/-/source-map-js-1.2.1.tgz. Extracting by manifest.
4806 silly tarball no local data for @jridgewell/sourcemap-codec@https://registry.npmjs.org/@jridgewell/sourcemap-codec/-/sourcemap-codec-1.5.5.tgz. Extracting by manifest.
4807 silly tarball no local data for @jridgewell/trace-mapping@https://registry.npmjs.org/@jridgewell/trace-mapping/-/trace-mapping-0.3.31.tgz. Extracting by manifest.
4808 silly tarball no local data for @jridgewell/gen-mapping@https://registry.npmjs.org/@jridgewell/gen-mapping/-/gen-mapping-0.3.13.tgz. Extracting by manifest.
4809 silly tarball no local data for @jridgewell/remapping@https://registry.npmjs.org/@jridgewell/remapping/-/remapping-2.3.5.tgz. Extracting by manifest.
4810 silly tarball no local data for lightningcss@https://registry.npmjs.org/lightningcss/-/lightningcss-1.32.0.tgz. Extracting by manifest.
4811 silly tarball no local data for magic-string@https://registry.npmjs.org/magic-string/-/magic-string-0.30.21.tgz. Extracting by manifest.
4812 silly tarball no local data for @tailwindcss/oxide@https://registry.npmjs.org/@tailwindcss/oxide/-/oxide-4.3.3.tgz. Extracting by manifest.
4813 silly tarball no local data for jiti@https://registry.npmjs.org/jiti/-/jiti-2.7.0.tgz. Extracting by manifest.
4814 silly tarball no local data for enhanced-resolve@https://registry.npmjs.org/enhanced-resolve/-/enhanced-resolve-5.24.5.tgz. Extracting by manifest.
4815 silly tarball no local data for postcss@https://registry.npmjs.org/postcss/-/postcss-8.5.26.tgz. Extracting by manifest.
4816 silly tarball no local data for @tailwindcss/node@https://registry.npmjs.org/@tailwindcss/node/-/node-4.3.3.tgz. Extracting by manifest.
4817 silly tarball no local data for @radix-ui/number@https://registry.npmjs.org/@radix-ui/number/-/number-1.1.3.tgz. Extracting by manifest.
4818 silly tarball no local data for @floating-ui/utils@https://registry.npmjs.org/@floating-ui/utils/-/utils-0.2.12.tgz. Extracting by manifest.
4819 silly tarball no local data for @floating-ui/dom@https://registry.npmjs.org/@floating-ui/dom/-/dom-1.8.0.tgz. Extracting by manifest.
4820 silly tarball no local data for @alloc/quick-lru@https://registry.npmjs.org/@alloc/quick-lru/-/quick-lru-5.2.0.tgz. Extracting by manifest.
4821 silly tarball no local data for @radix-ui/rect@https://registry.npmjs.org/@radix-ui/rect/-/rect-1.1.3.tgz. Extracting by manifest.
4822 silly tarball no local data for @floating-ui/core@https://registry.npmjs.org/@floating-ui/core/-/core-1.8.0.tgz. Extracting by manifest.
4823 silly tarball no local data for @floating-ui/react-dom@https://registry.npmjs.org/@floating-ui/react-dom/-/react-dom-2.1.9.tgz. Extracting by manifest.
4824 silly tarball no local data for @radix-ui/react-use-size@https://registry.npmjs.org/@radix-ui/react-use-size/-/react-use-size-1.1.4.tgz. Extracting by manifest.
4825 silly tarball no local data for @radix-ui/react-arrow@https://registry.npmjs.org/@radix-ui/react-arrow/-/react-arrow-1.1.15.tgz. Extracting by manifest.
4826 silly tarball no local data for @radix-ui/react-use-rect@https://registry.npmjs.org/@radix-ui/react-use-rect/-/react-use-rect-1.1.4.tgz. Extracting by manifest.
4827 silly tarball no local data for @radix-ui/react-roving-focus@https://registry.npmjs.org/@radix-ui/react-roving-focus/-/react-roving-focus-1.1.19.tgz. Extracting by manifest.
4828 silly tarball no local data for @radix-ui/react-popper@https://registry.npmjs.org/@radix-ui/react-popper/-/react-popper-1.3.7.tgz. Extracting by manifest.
4829 silly tarball no local data for react-remove-scroll@https://registry.npmjs.org/react-remove-scroll/-/react-remove-scroll-2.7.2.tgz. Extracting by manifest.
4830 silly tarball no local data for aria-hidden@https://registry.npmjs.org/aria-hidden/-/aria-hidden-1.2.6.tgz. Extracting by manifest.
4831 silly tarball no local data for @radix-ui/react-use-effect-event@https://registry.npmjs.org/@radix-ui/react-use-effect-event/-/react-use-effect-event-0.0.5.tgz. Extracting by manifest.
4832 silly tarball no local data for @radix-ui/react-focus-scope@https://registry.npmjs.org/@radix-ui/react-focus-scope/-/react-focus-scope-1.1.16.tgz. Extracting by manifest.
4833 silly tarball no local data for @radix-ui/react-portal@https://registry.npmjs.org/@radix-ui/react-portal/-/react-portal-1.1.17.tgz. Extracting by manifest.
4834 silly tarball no local data for @radix-ui/react-focus-guards@https://registry.npmjs.org/@radix-ui/react-focus-guards/-/react-focus-guards-1.1.6.tgz. Extracting by manifest.
4835 silly tarball no local data for @radix-ui/react-dismissable-layer@https://registry.npmjs.org/@radix-ui/react-dismissable-layer/-/react-dismissable-layer-1.1.19.tgz. Extracting by manifest.
4836 silly tarball no local data for @radix-ui/react-presence@https://registry.npmjs.org/@radix-ui/react-presence/-/react-presence-1.1.10.tgz. Extracting by manifest.
4837 silly tarball no local data for @radix-ui/react-menu@https://registry.npmjs.org/@radix-ui/react-menu/-/react-menu-2.1.24.tgz. Extracting by manifest.
4838 silly tarball no local data for @radix-ui/react-use-callback-ref@https://registry.npmjs.org/@radix-ui/react-use-callback-ref/-/react-use-callback-ref-1.1.4.tgz. Extracting by manifest.
4839 silly tarball no local data for @radix-ui/react-use-layout-effect@https://registry.npmjs.org/@radix-ui/react-use-layout-effect/-/react-use-layout-effect-1.1.4.tgz. Extracting by manifest.
4840 silly tarball no local data for @radix-ui/react-use-is-hydrated@https://registry.npmjs.org/@radix-ui/react-use-is-hydrated/-/react-use-is-hydrated-0.1.3.tgz. Extracting by manifest.
4841 silly tarball no local data for @radix-ui/react-primitive@https://registry.npmjs.org/@radix-ui/react-primitive/-/react-primitive-2.1.10.tgz. Extracting by manifest.
4842 silly tarball no local data for @radix-ui/react-use-controllable-state@https://registry.npmjs.org/@radix-ui/react-use-controllable-state/-/react-use-controllable-state-1.2.6.tgz. Extracting by manifest.
4843 silly tarball no local data for @radix-ui/react-direction@https://registry.npmjs.org/@radix-ui/react-direction/-/react-direction-1.1.4.tgz. Extracting by manifest.
4844 silly tarball no local data for @radix-ui/react-context@https://registry.npmjs.org/@radix-ui/react-context/-/react-context-1.2.2.tgz. Extracting by manifest.
4845 silly tarball no local data for @radix-ui/react-compose-refs@https://registry.npmjs.org/@radix-ui/react-compose-refs/-/react-compose-refs-1.1.5.tgz. Extracting by manifest.
4846 silly tarball no local data for @radix-ui/react-id@https://registry.npmjs.org/@radix-ui/react-id/-/react-id-1.1.4.tgz. Extracting by manifest.
4847 silly tarball no local data for @radix-ui/react-collection@https://registry.npmjs.org/@radix-ui/react-collection/-/react-collection-1.1.15.tgz. Extracting by manifest.
4848 silly tarball no local data for @radix-ui/react-collapsible@https://registry.npmjs.org/@radix-ui/react-collapsible/-/react-collapsible-1.1.20.tgz. Extracting by manifest.
4849 silly tarball no local data for @radix-ui/primitive@https://registry.npmjs.org/@radix-ui/primitive/-/primitive-1.1.7.tgz. Extracting by manifest.
4850 silly tarball no local data for typescript@https://registry.npmjs.org/typescript/-/typescript-5.9.3.tgz. Extracting by manifest.
4851 silly tarball no local data for uuid@https://registry.npmjs.org/uuid/-/uuid-13.0.2.tgz. Extracting by manifest.
4852 silly tarball no local data for zustand@https://registry.npmjs.org/zustand/-/zustand-5.0.15.tgz. Extracting by manifest.
4853 silly tarball no local data for tw-animate-css@https://registry.npmjs.org/tw-animate-css/-/tw-animate-css-1.4.0.tgz. Extracting by manifest.
4854 silly tarball no local data for sonner@https://registry.npmjs.org/sonner/-/sonner-2.0.8.tgz. Extracting by manifest.
4855 silly tarball no local data for rehype-highlight@https://registry.npmjs.org/rehype-highlight/-/rehype-highlight-7.0.2.tgz. Extracting by manifest.
4856 silly tarball no local data for react-is@https://registry.npmjs.org/react-is/-/react-is-19.2.8.tgz. Extracting by manifest.
4857 silly tarball no local data for tailwind-merge@https://registry.npmjs.org/tailwind-merge/-/tailwind-merge-3.6.0.tgz. Extracting by manifest.
4858 silly tarball no local data for recharts@https://registry.npmjs.org/recharts/-/recharts-3.10.1.tgz. Extracting by manifest.
4859 silly tarball no local data for react-markdown@https://registry.npmjs.org/react-markdown/-/react-markdown-10.1.0.tgz. Extracting by manifest.
4860 silly tarball no local data for next@https://registry.npmjs.org/next/-/next-16.3.0.tgz. Extracting by manifest.
4861 silly tarball no local data for lucide-react@https://registry.npmjs.org/lucide-react/-/lucide-react-0.555.0.tgz. Extracting by manifest.
4862 silly tarball no local data for highlight.js@https://registry.npmjs.org/highlight.js/-/highlight.js-11.12.0.tgz. Extracting by manifest.
4863 silly tarball no local data for framer-motion@https://registry.npmjs.org/framer-motion/-/framer-motion-12.43.0.tgz. Extracting by manifest.
4864 silly tarball no local data for eslint-config-next@https://registry.npmjs.org/eslint-config-next/-/eslint-config-next-16.0.4.tgz. Extracting by manifest.
4865 silly tarball no local data for clsx@https://registry.npmjs.org/clsx/-/clsx-2.1.1.tgz. Extracting by manifest.
4866 silly tarball no local data for eslint@https://registry.npmjs.org/eslint/-/eslint-9.39.5.tgz. Extracting by manifest.
4867 silly tarball no local data for @types/uuid@https://registry.npmjs.org/@types/uuid/-/uuid-10.0.0.tgz. Extracting by manifest.
4868 silly tarball no local data for class-variance-authority@https://registry.npmjs.org/class-variance-authority/-/class-variance-authority-0.7.1.tgz. Extracting by manifest.
4869 silly tarball no local data for @types/react-dom@https://registry.npmjs.org/@types/react-dom/-/react-dom-19.2.4.tgz. Extracting by manifest.
4870 silly tarball no local data for baseline-browser-mapping@https://registry.npmjs.org/baseline-browser-mapping/-/baseline-browser-mapping-2.11.13.tgz. Extracting by manifest.
4871 silly tarball no local data for @tailwindcss/postcss@https://registry.npmjs.org/@tailwindcss/postcss/-/postcss-4.3.3.tgz. Extracting by manifest.
4872 silly tarball no local data for @types/react@https://registry.npmjs.org/@types/react/-/react-19.2.18.tgz. Extracting by manifest.
4873 silly tarball no local data for @tailwindcss/typography@https://registry.npmjs.org/@tailwindcss/typography/-/typography-0.5.20.tgz. Extracting by manifest.
4874 silly tarball no local data for tailwindcss@https://registry.npmjs.org/tailwindcss/-/tailwindcss-4.3.3.tgz. Extracting by manifest.
4875 silly tarball no local data for babel-plugin-react-compiler@https://registry.npmjs.org/babel-plugin-react-compiler/-/babel-plugin-react-compiler-1.0.0.tgz. Extracting by manifest.
4876 silly tarball no local data for @types/node@https://registry.npmjs.org/@types/node/-/node-20.19.43.tgz. Extracting by manifest.
4877 silly tarball no local data for @radix-ui/react-tabs@https://registry.npmjs.org/@radix-ui/react-tabs/-/react-tabs-1.1.21.tgz. Extracting by manifest.
4878 silly tarball no local data for @radix-ui/react-slot@https://registry.npmjs.org/@radix-ui/react-slot/-/react-slot-1.3.3.tgz. Extracting by manifest.
4879 silly tarball no local data for @radix-ui/react-separator@https://registry.npmjs.org/@radix-ui/react-separator/-/react-separator-1.1.15.tgz. Extracting by manifest.
4880 silly tarball no local data for @radix-ui/react-scroll-area@https://registry.npmjs.org/@radix-ui/react-scroll-area/-/react-scroll-area-1.2.18.tgz. Extracting by manifest.
4881 silly tarball no local data for @radix-ui/react-dialog@https://registry.npmjs.org/@radix-ui/react-dialog/-/react-dialog-1.1.23.tgz. Extracting by manifest.
4882 silly tarball no local data for @radix-ui/react-avatar@https://registry.npmjs.org/@radix-ui/react-avatar/-/react-avatar-1.2.6.tgz. Extracting by manifest.
4883 silly tarball no local data for @radix-ui/react-alert-dialog@https://registry.npmjs.org/@radix-ui/react-alert-dialog/-/react-alert-dialog-1.1.23.tgz. Extracting by manifest.
4884 silly tarball no local data for @radix-ui/react-accordion@https://registry.npmjs.org/@radix-ui/react-accordion/-/react-accordion-1.2.20.tgz. Extracting by manifest.
4885 silly tarball no local data for react-dom@https://registry.npmjs.org/react-dom/-/react-dom-19.2.0.tgz. Extracting by manifest.
4886 silly tarball no local data for react@https://registry.npmjs.org/react/-/react-19.2.0.tgz. Extracting by manifest.
4887 silly tarball no local data for @emnapi/runtime@https://registry.npmjs.org/@emnapi/runtime/-/runtime-1.10.0.tgz. Extracting by manifest.
4888 silly tarball no local data for @radix-ui/react-dropdown-menu@https://registry.npmjs.org/@radix-ui/react-dropdown-menu/-/react-dropdown-menu-2.1.24.tgz. Extracting by manifest.
4889 silly tarball no local data for eslint-visitor-keys@https://registry.npmjs.org/eslint-visitor-keys/-/eslint-visitor-keys-5.0.1.tgz. Extracting by manifest.
4890 silly tarball no local data for brace-expansion@https://registry.npmjs.org/brace-expansion/-/brace-expansion-5.0.9.tgz. Extracting by manifest.
4891 silly tarball no local data for balanced-match@https://registry.npmjs.org/balanced-match/-/balanced-match-4.0.4.tgz. Extracting by manifest.
4892 silly tarball no local data for semver@https://registry.npmjs.org/semver/-/semver-7.8.5.tgz. Extracting by manifest.
4893 silly tarball no local data for minimatch@https://registry.npmjs.org/minimatch/-/minimatch-10.2.6.tgz. Extracting by manifest.
4894 silly tarball no local data for semver@https://registry.npmjs.org/semver/-/semver-7.8.5.tgz. Extracting by manifest.
4895 silly tarball no local data for ignore@https://registry.npmjs.org/ignore/-/ignore-7.0.6.tgz. Extracting by manifest.
4896 silly tarball no local data for highlight.js@https://registry.npmjs.org/highlight.js/-/highlight.js-11.11.2.tgz. Extracting by manifest.
4897 silly tarball no local data for @types/unist@https://registry.npmjs.org/@types/unist/-/unist-2.0.11.tgz. Extracting by manifest.
4898 silly tarball no local data for react-is@https://registry.npmjs.org/react-is/-/react-is-16.13.1.tgz. Extracting by manifest.
4899 silly tarball no local data for picomatch@https://registry.npmjs.org/picomatch/-/picomatch-4.0.5.tgz. Extracting by manifest.
4900 silly tarball no local data for debug@https://registry.npmjs.org/debug/-/debug-3.2.7.tgz. Extracting by manifest.
4901 silly tarball no local data for json5@https://registry.npmjs.org/json5/-/json5-1.0.2.tgz. Extracting by manifest.
4902 silly tarball no local data for semver@https://registry.npmjs.org/semver/-/semver-7.8.5.tgz. Extracting by manifest.
4903 silly tarball no local data for glob-parent@https://registry.npmjs.org/glob-parent/-/glob-parent-5.1.2.tgz. Extracting by manifest.
4904 silly tarball no local data for fdir@https://registry.npmjs.org/fdir/-/fdir-6.5.0.tgz. Extracting by manifest.
4905 silly tarball no local data for debug@https://registry.npmjs.org/debug/-/debug-3.2.7.tgz. Extracting by manifest.
4906 silly tarball no local data for eslint-visitor-keys@https://registry.npmjs.org/eslint-visitor-keys/-/eslint-visitor-keys-3.4.3.tgz. Extracting by manifest.
4907 silly tarball no local data for debug@https://registry.npmjs.org/debug/-/debug-3.2.7.tgz. Extracting by manifest.
4908 silly tarball no local data for postcss@https://registry.npmjs.org/postcss/-/postcss-8.5.23.tgz. Extracting by manifest.
4909 silly tarball no local data for globals@https://registry.npmjs.org/globals/-/globals-16.4.0.tgz. Extracting by manifest.
4910 http fetch GET 200 https://registry.npmjs.org/is-async-function/-/is-async-function-2.1.1.tgz 470ms (cache miss)
4911 http fetch GET 200 https://registry.npmjs.org/which-collection/-/which-collection-1.0.2.tgz 473ms (cache miss)
4912 http fetch GET 200 https://registry.npmjs.org/is-weakmap/-/is-weakmap-2.0.2.tgz 475ms (cache miss)
4913 http fetch GET 200 https://registry.npmjs.org/isexe/-/isexe-2.0.0.tgz 489ms (cache miss)
4914 http fetch GET 200 https://registry.npmjs.org/is-bigint/-/is-bigint-1.1.0.tgz 491ms (cache miss)
4915 http fetch GET 200 https://registry.npmjs.org/is-generator-function/-/is-generator-function-1.1.2.tgz 492ms (cache miss)
4916 http fetch GET 200 https://registry.npmjs.org/is-number-object/-/is-number-object-1.1.1.tgz 492ms (cache miss)
4917 http fetch GET 200 https://registry.npmjs.org/async-function/-/async-function-1.0.0.tgz 494ms (cache miss)
4918 http fetch GET 200 https://registry.npmjs.org/is-boolean-object/-/is-boolean-object-1.2.2.tgz 493ms (cache miss)
4919 http fetch GET 200 https://registry.npmjs.org/is-finalizationregistry/-/is-finalizationregistry-1.1.1.tgz 501ms (cache miss)
4920 http fetch GET 200 https://registry.npmjs.org/d3-format/-/d3-format-3.1.2.tgz 499ms (cache miss)
4921 http fetch GET 200 https://registry.npmjs.org/is-map/-/is-map-2.0.3.tgz 503ms (cache miss)
4922 http fetch GET 200 https://registry.npmjs.org/generator-function/-/generator-function-2.0.1.tgz 505ms (cache miss)
4923 http fetch GET 200 https://registry.npmjs.org/d3-path/-/d3-path-3.1.0.tgz 515ms (cache miss)
4924 http fetch GET 200 https://registry.npmjs.org/is-weakset/-/is-weakset-2.0.4.tgz 522ms (cache miss)
4925 http fetch GET 200 https://registry.npmjs.org/@types/d3-path/-/d3-path-3.1.1.tgz 631ms (cache miss)
4926 http fetch GET 200 https://registry.npmjs.org/d3-timer/-/d3-timer-3.0.1.tgz 632ms (cache miss)
4927 http fetch GET 200 https://registry.npmjs.org/d3-color/-/d3-color-3.1.0.tgz 636ms (cache miss)
4928 http fetch GET 200 https://registry.npmjs.org/@types/d3-color/-/d3-color-3.1.3.tgz 654ms (cache miss)
4929 http fetch GET 200 https://registry.npmjs.org/internmap/-/internmap-2.0.3.tgz 654ms (cache miss)
4930 http fetch GET 200 https://registry.npmjs.org/d3-ease/-/d3-ease-3.0.1.tgz 662ms (cache miss)
4931 http fetch GET 200 https://registry.npmjs.org/d3-time/-/d3-time-3.1.0.tgz 669ms (cache miss)
4932 http fetch GET 200 https://registry.npmjs.org/@types/d3-time/-/d3-time-3.0.4.tgz 668ms (cache miss)
4933 http fetch GET 200 https://registry.npmjs.org/@types/d3-timer/-/d3-timer-3.0.2.tgz 712ms (cache miss)
4934 http fetch GET 200 https://registry.npmjs.org/@types/d3-ease/-/d3-ease-3.0.2.tgz 770ms (cache miss)
4935 http fetch GET 200 https://registry.npmjs.org/@types/d3-shape/-/d3-shape-3.1.8.tgz 774ms (cache miss)
4936 http fetch GET 200 https://registry.npmjs.org/@types/d3-array/-/d3-array-3.2.2.tgz 785ms (cache miss)
4937 http fetch GET 200 https://registry.npmjs.org/escalade/-/escalade-3.2.0.tgz 784ms (cache miss)
4938 http fetch GET 200 https://registry.npmjs.org/@types/d3-interpolate/-/d3-interpolate-3.0.4.tgz 787ms (cache miss)
4939 http fetch GET 200 https://registry.npmjs.org/punycode/-/punycode-2.3.1.tgz 788ms (cache miss)
4940 http fetch GET 200 https://registry.npmjs.org/detect-node-es/-/detect-node-es-1.1.0.tgz 794ms (cache miss)
4941 http fetch GET 200 https://registry.npmjs.org/trough/-/trough-2.2.0.tgz 822ms (cache miss)
4942 http fetch GET 200 https://registry.npmjs.org/unist-util-visit-parents/-/unist-util-visit-parents-6.0.2.tgz 828ms (cache miss)
4943 http fetch GET 200 https://registry.npmjs.org/@types/d3-scale/-/d3-scale-4.0.9.tgz 884ms (cache miss)
4944 http fetch GET 200 https://registry.npmjs.org/is-plain-obj/-/is-plain-obj-4.1.0.tgz 887ms (cache miss)
4945 http fetch GET 200 https://registry.npmjs.org/which-boxed-primitive/-/which-boxed-primitive-1.1.1.tgz 894ms (cache miss)
4946 http fetch GET 200 https://registry.npmjs.org/bail/-/bail-2.0.2.tgz 894ms (cache miss)
4947 http fetch GET 200 https://registry.npmjs.org/extend/-/extend-3.0.2.tgz 919ms (cache miss)
4948 http fetch GET 200 https://registry.npmjs.org/@typescript-eslint/tsconfig-utils/-/tsconfig-utils-8.67.0.tgz 921ms (cache miss)
4949 http fetch GET 200 https://registry.npmjs.org/has-bigints/-/has-bigints-1.1.0.tgz 924ms (cache miss)
4950 http fetch GET 200 https://registry.npmjs.org/@typescript-eslint/project-service/-/project-service-8.67.0.tgz 985ms (cache miss)
4951 http fetch GET 200 https://registry.npmjs.org/@typescript-eslint/visitor-keys/-/visitor-keys-8.67.0.tgz 1010ms (cache miss)
4952 http fetch GET 200 https://registry.npmjs.org/@typescript-eslint/parser/-/parser-8.67.0.tgz 1019ms (cache miss)
4953 http fetch GET 200 https://registry.npmjs.org/strip-bom/-/strip-bom-3.0.0.tgz 1051ms (cache miss)
4954 http fetch GET 200 https://registry.npmjs.org/for-each/-/for-each-0.3.5.tgz 1051ms (cache miss)
4955 http fetch GET 200 https://registry.npmjs.org/reflect.getprototypeof/-/reflect.getprototypeof-1.0.10.tgz 1070ms (cache miss)
4956 http fetch GET 200 https://registry.npmjs.org/client-only/-/client-only-0.0.1.tgz 1090ms (cache miss)
4957 http fetch GET 200 https://registry.npmjs.org/is-number/-/is-number-7.0.0.tgz 1105ms (cache miss)
4958 http fetch GET 200 https://registry.npmjs.org/@types/json5/-/json5-0.0.29.tgz 1107ms (cache miss)
4959 http fetch GET 200 https://registry.npmjs.org/character-entities-html4/-/character-entities-html4-2.1.0.tgz 1134ms (cache miss)
4960 http fetch GET 200 https://registry.npmjs.org/has-flag/-/has-flag-4.0.0.tgz 1141ms (cache miss)
4961 http fetch GET 200 https://registry.npmjs.org/side-channel-map/-/side-channel-map-1.0.1.tgz 1152ms (cache miss)
4962 http fetch GET 200 https://registry.npmjs.org/side-channel-weakmap/-/side-channel-weakmap-1.0.2.tgz 1165ms (cache miss)
4963 http fetch GET 200 https://registry.npmjs.org/side-channel-list/-/side-channel-list-1.0.1.tgz 1186ms (cache miss)
4964 http fetch GET 200 https://registry.npmjs.org/style-to-object/-/style-to-object-1.0.14.tgz 1194ms (cache miss)
4965 http fetch GET 200 https://registry.npmjs.org/shebang-regex/-/shebang-regex-3.0.0.tgz 1197ms (cache miss)
4966 http fetch GET 200 https://registry.npmjs.org/which-builtin-type/-/which-builtin-type-1.2.1.tgz 1253ms (cache miss)
4967 http fetch GET 200 https://registry.npmjs.org/isarray/-/isarray-2.0.5.tgz 1283ms (cache miss)
4968 http fetch GET 200 https://registry.npmjs.org/path-parse/-/path-parse-1.0.7.tgz 1340ms (cache miss)
4969 http fetch GET 200 https://registry.npmjs.org/ts-api-utils/-/ts-api-utils-2.5.0.tgz 1361ms (cache miss)
4970 http fetch GET 200 https://registry.npmjs.org/queue-microtask/-/queue-microtask-1.2.3.tgz 1355ms (cache miss)
4971 http fetch GET 200 https://registry.npmjs.org/@img/colour/-/colour-1.1.0.tgz 1373ms (cache miss)
4972 http fetch GET 200 https://registry.npmjs.org/hast-util-to-text/-/hast-util-to-text-4.0.2.tgz 1376ms (cache miss)
4973 http fetch GET 200 https://registry.npmjs.org/lowlight/-/lowlight-3.3.0.tgz 1415ms (cache miss)
4974 http fetch GET 200 https://registry.npmjs.org/hast-util-is-element/-/hast-util-is-element-3.0.0.tgz 1424ms (cache miss)
4975 http fetch GET 200 https://registry.npmjs.org/@typescript-eslint/types/-/types-8.67.0.tgz 1455ms (cache miss)
4976 http fetch GET 200 https://registry.npmjs.org/@types/use-sync-external-store/-/use-sync-external-store-0.0.6.tgz 1469ms (cache miss)
4977 http fetch GET 200 https://registry.npmjs.org/@emnapi/wasi-threads/-/wasi-threads-1.2.1.tgz 1514ms (cache miss)
4978 http fetch GET 200 https://registry.npmjs.org/unist-util-find-after/-/unist-util-find-after-5.0.0.tgz 1501ms (cache miss)
4979 http fetch GET 200 https://registry.npmjs.org/@standard-schema/spec/-/spec-1.1.0.tgz 1517ms (cache miss)
4980 http fetch GET 200 https://registry.npmjs.org/@standard-schema/utils/-/utils-0.3.0.tgz 1521ms (cache miss)
4981 http fetch GET 200 https://registry.npmjs.org/use-sync-external-store/-/use-sync-external-store-1.6.0.tgz 1552ms (cache miss)
4982 http fetch GET 200 https://registry.npmjs.org/redux-thunk/-/redux-thunk-3.1.0.tgz 1558ms (cache miss)
4983 http fetch GET 200 https://registry.npmjs.org/@napi-rs/wasm-runtime/-/wasm-runtime-1.2.3.tgz 1604ms (cache miss)
4984 http fetch GET 200 https://registry.npmjs.org/supports-preserve-symlinks-flag/-/supports-preserve-symlinks-flag-1.0.0.tgz 1590ms (cache miss)
4985 http fetch GET 200 https://registry.npmjs.org/eventemitter3/-/eventemitter3-5.0.4.tgz 1601ms (cache miss)
4986 http fetch GET 200 https://registry.npmjs.org/inline-style-parser/-/inline-style-parser-0.2.7.tgz 1616ms (cache miss)
4987 http fetch GET 200 https://registry.npmjs.org/tiny-invariant/-/tiny-invariant-1.3.3.tgz 1617ms (cache miss)
4988 http fetch GET 200 https://registry.npmjs.org/napi-postinstall/-/napi-postinstall-0.3.4.tgz 1688ms (cache miss)
4989 http fetch GET 200 https://registry.npmjs.org/d3-scale/-/d3-scale-4.0.2.tgz 1819ms (cache miss)
4990 http fetch GET 200 https://registry.npmjs.org/minimist/-/minimist-1.2.8.tgz 1809ms (cache miss)
4991 http fetch GET 200 https://registry.npmjs.org/d3-interpolate/-/d3-interpolate-3.0.1.tgz 1822ms (cache miss)
4992 http fetch GET 200 https://registry.npmjs.org/@emnapi/runtime/-/runtime-1.11.3.tgz 1856ms (cache miss)
4993 http fetch GET 200 https://registry.npmjs.org/react-style-singleton/-/react-style-singleton-2.2.3.tgz 1879ms (cache miss)
4994 http fetch GET 200 https://registry.npmjs.org/get-nonce/-/get-nonce-1.0.1.tgz 1881ms (cache miss)
4995 http fetch GET 200 https://registry.npmjs.org/react-remove-scroll-bar/-/react-remove-scroll-bar-2.3.8.tgz 1895ms (cache miss)
4996 http fetch GET 200 https://registry.npmjs.org/is-decimal/-/is-decimal-2.0.1.tgz 1909ms (cache miss)
4997 http fetch GET 200 https://registry.npmjs.org/is-alphabetical/-/is-alphabetical-2.0.1.tgz 1946ms (cache miss)
4998 http fetch GET 200 https://registry.npmjs.org/is-hexadecimal/-/is-hexadecimal-2.0.1.tgz 1945ms (cache miss)
4999 http fetch GET 200 https://registry.npmjs.org/use-callback-ref/-/use-callback-ref-1.3.3.tgz 1962ms (cache miss)
5000 http fetch GET 200 https://registry.npmjs.org/character-reference-invalid/-/character-reference-invalid-2.0.1.tgz 2068ms (cache miss)
5001 http fetch GET 200 https://registry.npmjs.org/is-alphanumerical/-/is-alphanumerical-2.0.1.tgz 2073ms (cache miss)
5002 http fetch GET 200 https://registry.npmjs.org/micromark-factory-label/-/micromark-factory-label-2.0.1.tgz 2083ms (cache miss)
5003 http fetch GET 200 https://registry.npmjs.org/micromark-util-html-tag-name/-/micromark-util-html-tag-name-2.0.1.tgz 2101ms (cache miss)
5004 http fetch GET 200 https://registry.npmjs.org/character-entities-legacy/-/character-entities-legacy-3.0.0.tgz 2106ms (cache miss)
5005 http fetch GET 200 https://registry.npmjs.org/@types/ms/-/ms-2.1.0.tgz 2107ms (cache miss)
5006 http fetch GET 200 https://registry.npmjs.org/micromark-util-subtokenize/-/micromark-util-subtokenize-2.1.0.tgz 2142ms (cache miss)
5007 http fetch GET 200 https://registry.npmjs.org/micromark-factory-title/-/micromark-factory-title-2.0.1.tgz 2149ms (cache miss)
5008 http fetch GET 200 https://registry.npmjs.org/micromark-factory-whitespace/-/micromark-factory-whitespace-2.0.1.tgz 2150ms (cache miss)
5009 http fetch GET 200 https://registry.npmjs.org/micromark-util-encode/-/micromark-util-encode-2.0.1.tgz 2239ms (cache miss)
5010 http fetch GET 200 https://registry.npmjs.org/@types/debug/-/debug-4.1.13.tgz 2252ms (cache miss)
5011 http fetch GET 200 https://registry.npmjs.org/micromark-util-resolve-all/-/micromark-util-resolve-all-2.0.1.tgz 2258ms (cache miss)
5012 http fetch GET 200 https://registry.npmjs.org/micromark-util-chunked/-/micromark-util-chunked-2.0.1.tgz 2262ms (cache miss)
5013 http fetch GET 200 https://registry.npmjs.org/micromark-factory-space/-/micromark-factory-space-2.0.1.tgz 2293ms (cache miss)
5014 http fetch GET 200 https://registry.npmjs.org/micromark-util-combine-extensions/-/micromark-util-combine-extensions-2.0.1.tgz 2305ms (cache miss)
5015 http fetch GET 200 https://registry.npmjs.org/mdast-util-phrasing/-/mdast-util-phrasing-4.1.0.tgz 2324ms (cache miss)
5016 http fetch GET 200 https://registry.npmjs.org/@ungap/structured-clone/-/structured-clone-1.3.3.tgz 2344ms (cache miss)
5017 http fetch GET 200 https://registry.npmjs.org/zwitch/-/zwitch-2.0.4.tgz 2345ms (cache miss)
5018 http fetch GET 200 https://registry.npmjs.org/micromark-util-character/-/micromark-util-character-2.1.1.tgz 2346ms (cache miss)
5019 http fetch GET 200 https://registry.npmjs.org/micromark-util-classify-character/-/micromark-util-classify-character-2.0.1.tgz 2368ms (cache miss)
5020 http fetch GET 200 https://registry.npmjs.org/micromark-util-sanitize-uri/-/micromark-util-sanitize-uri-2.0.1.tgz 2405ms (cache miss)
5021 http fetch GET 200 https://registry.npmjs.org/longest-streak/-/longest-streak-3.1.0.tgz 2406ms (cache miss)
5022 http fetch GET 200 https://registry.npmjs.org/d3-time-format/-/d3-time-format-4.1.0.tgz 2455ms (cache miss)
5023 http fetch GET 200 https://registry.npmjs.org/trim-lines/-/trim-lines-3.0.1.tgz 2422ms (cache miss)
5024 http fetch GET 200 https://registry.npmjs.org/stringify-entities/-/stringify-entities-4.0.4.tgz 2424ms (cache miss)
5025 http fetch GET 200 https://registry.npmjs.org/parse-entities/-/parse-entities-4.0.2.tgz 2453ms (cache miss)
5026 http fetch GET 200 https://registry.npmjs.org/ccount/-/ccount-2.0.1.tgz 2460ms (cache miss)
5027 http fetch GET 200 https://registry.npmjs.org/unist-util-stringify-position/-/unist-util-stringify-position-4.0.0.tgz 2483ms (cache miss)
5028 http fetch GET 200 https://registry.npmjs.org/micromark-util-types/-/micromark-util-types-2.0.2.tgz 2509ms (cache miss)
5029 http fetch GET 200 https://registry.npmjs.org/decimal.js-light/-/decimal.js-light-2.5.1.tgz 2543ms (cache miss)
5030 http fetch GET 200 https://registry.npmjs.org/micromark-factory-destination/-/micromark-factory-destination-2.0.1.tgz 2548ms (cache miss)
5031 http fetch GET 200 https://registry.npmjs.org/micromark-util-decode-string/-/micromark-util-decode-string-2.0.1.tgz 2544ms (cache miss)
5032 http fetch GET 200 https://registry.npmjs.org/micromark-util-normalize-identifier/-/micromark-util-normalize-identifier-2.0.1.tgz 2550ms (cache miss)
5033 http fetch GET 200 https://registry.npmjs.org/micromark-util-decode-numeric-character-reference/-/micromark-util-decode-numeric-character-reference-2.0.2.tgz 2605ms (cache miss)
5034 http fetch GET 200 https://registry.npmjs.org/@unrs/resolver-binding-win32-x64-msvc/-/resolver-binding-win32-x64-msvc-1.12.2.tgz 2654ms (cache miss)
5035 http fetch GET 200 https://registry.npmjs.org/@types/estree-jsx/-/estree-jsx-1.0.5.tgz 2625ms (cache miss)
5036 http fetch GET 200 https://registry.npmjs.org/character-entities/-/character-entities-2.0.2.tgz 2664ms (cache miss)
5037 http fetch GET 200 https://registry.npmjs.org/mdast-util-to-string/-/mdast-util-to-string-4.0.0.tgz 2735ms (cache miss)
5038 http fetch GET 200 https://registry.npmjs.org/decode-named-character-reference/-/decode-named-character-reference-1.3.0.tgz 2763ms (cache miss)
5039 http fetch GET 200 https://registry.npmjs.org/vfile-message/-/vfile-message-4.0.3.tgz 2763ms (cache miss)
5040 http fetch GET 200 https://registry.npmjs.org/unist-util-is/-/unist-util-is-6.0.1.tgz 2794ms (cache miss)
5041 http fetch GET 200 https://registry.npmjs.org/mdast-util-mdx-expression/-/mdast-util-mdx-expression-2.0.1.tgz 2832ms (cache miss)
5042 http fetch GET 200 https://registry.npmjs.org/space-separated-tokens/-/space-separated-tokens-2.0.2.tgz 2834ms (cache miss)
5043 http fetch GET 200 https://registry.npmjs.org/unist-util-position/-/unist-util-position-5.0.0.tgz 2843ms (cache miss)
5044 http fetch GET 200 https://registry.npmjs.org/mdast-util-mdxjs-esm/-/mdast-util-mdxjs-esm-2.0.1.tgz 2845ms (cache miss)
5045 http fetch GET 200 https://registry.npmjs.org/hast-util-whitespace/-/hast-util-whitespace-3.0.0.tgz 2867ms (cache miss)
5046 http fetch GET 200 https://registry.npmjs.org/estree-util-is-identifier-name/-/estree-util-is-identifier-name-3.0.0.tgz 2877ms (cache miss)
5047 http fetch GET 200 https://registry.npmjs.org/dequal/-/dequal-2.0.3.tgz 2912ms (cache miss)
5048 http fetch GET 200 https://registry.npmjs.org/@emnapi/core/-/core-1.10.0.tgz 2982ms (cache miss)
5049 http fetch GET 200 https://registry.npmjs.org/unist-util-visit/-/unist-util-visit-5.1.0.tgz 2958ms (cache miss)
5050 http fetch GET 200 https://registry.npmjs.org/@types/unist/-/unist-3.0.3.tgz 2982ms (cache miss)
5051 http fetch GET 200 https://registry.npmjs.org/@types/hast/-/hast-3.0.5.tgz 3118ms (cache miss)
5052 http fetch GET 200 https://registry.npmjs.org/html-url-attributes/-/html-url-attributes-3.0.1.tgz 3120ms (cache miss)
5053 http fetch GET 200 https://registry.npmjs.org/loose-envify/-/loose-envify-1.4.0.tgz 3122ms (cache miss)
5054 http fetch GET 200 https://registry.npmjs.org/remark-parse/-/remark-parse-11.0.0.tgz 3124ms (cache miss)
5055 http fetch GET 200 https://registry.npmjs.org/comma-separated-tokens/-/comma-separated-tokens-2.0.3.tgz 3157ms (cache miss)
5056 http fetch GET 200 https://registry.npmjs.org/util-deprecate/-/util-deprecate-1.0.2.tgz 3179ms (cache miss)
5057 http fetch GET 200 https://registry.npmjs.org/@types/mdast/-/mdast-4.0.4.tgz 3191ms (cache miss)
5058 http fetch GET 200 https://registry.npmjs.org/cssesc/-/cssesc-3.0.0.tgz 3192ms (cache miss)
5059 http fetch GET 200 https://registry.npmjs.org/object-assign/-/object-assign-4.1.1.tgz 3204ms (cache miss)
5060 http fetch GET 200 https://registry.npmjs.org/devlop/-/devlop-1.1.0.tgz 3205ms (cache miss)
5061 http fetch GET 200 https://registry.npmjs.org/yocto-queue/-/yocto-queue-0.1.0.tgz 3244ms (cache miss)
5062 http fetch GET 200 https://registry.npmjs.org/nanoid/-/nanoid-3.3.18.tgz 3245ms (cache miss)
5063 http fetch GET 200 https://registry.npmjs.org/p-limit/-/p-limit-3.1.0.tgz 3250ms (cache miss)
5064 http fetch GET 200 https://registry.npmjs.org/callsites/-/callsites-3.1.0.tgz 3251ms (cache miss)
5065 http fetch GET 200 https://registry.npmjs.org/deep-is/-/deep-is-0.1.4.tgz 3279ms (cache miss)
5066 http fetch GET 200 https://registry.npmjs.org/concat-map/-/concat-map-0.0.1.tgz 3295ms (cache miss)
5067 http fetch GET 200 https://registry.npmjs.org/@next/env/-/env-16.3.0.tgz 3299ms (cache miss)
5068 http fetch GET 200 https://registry.npmjs.org/fast-levenshtein/-/fast-levenshtein-2.0.6.tgz 3306ms (cache miss)
5069 http fetch GET 200 https://registry.npmjs.org/fill-range/-/fill-range-7.1.1.tgz 3315ms (cache miss)
5070 http fetch GET 200 https://registry.npmjs.org/balanced-match/-/balanced-match-1.0.2.tgz 3340ms (cache miss)
5071 http fetch GET 200 https://registry.npmjs.org/to-regex-range/-/to-regex-range-5.0.1.tgz 3343ms (cache miss)
5072 http fetch GET 200 https://registry.npmjs.org/brace-expansion/-/brace-expansion-1.1.18.tgz 3342ms (cache miss)
5073 http fetch GET 200 https://registry.npmjs.org/word-wrap/-/word-wrap-1.2.5.tgz 3347ms (cache miss)
5074 http fetch GET 200 https://registry.npmjs.org/yallist/-/yallist-3.1.1.tgz 3344ms (cache miss)
5075 http fetch GET 200 https://registry.npmjs.org/node-exports-info/-/node-exports-info-1.6.2.tgz 3396ms (cache miss)
5076 http fetch GET 200 https://registry.npmjs.org/prelude-ls/-/prelude-ls-1.2.1.tgz 3377ms (cache miss)
5077 http fetch GET 200 https://registry.npmjs.org/p-locate/-/p-locate-5.0.0.tgz 3390ms (cache miss)
5078 http fetch GET 200 https://registry.npmjs.org/type-check/-/type-check-0.4.0.tgz 3404ms (cache miss)
5079 http fetch GET 200 https://registry.npmjs.org/mdast-util-mdx-jsx/-/mdast-util-mdx-jsx-3.2.0.tgz 3420ms (cache miss)
5080 http fetch GET 200 https://registry.npmjs.org/json-buffer/-/json-buffer-3.0.1.tgz 3411ms (cache miss)
5081 http fetch GET 200 https://registry.npmjs.org/detect-libc/-/detect-libc-2.1.2.tgz 3412ms (cache miss)
5082 http fetch GET 200 https://registry.npmjs.org/set-function-name/-/set-function-name-2.0.2.tgz 3443ms (cache miss)
5083 http fetch GET 200 https://registry.npmjs.org/braces/-/braces-3.0.3.tgz 3494ms (cache miss)
5084 http fetch GET 200 https://registry.npmjs.org/side-channel/-/side-channel-1.1.1.tgz 3508ms (cache miss)
5085 http fetch GET 200 https://registry.npmjs.org/is-extglob/-/is-extglob-2.1.1.tgz 3515ms (cache miss)
5086 http fetch GET 200 https://registry.npmjs.org/redux/-/redux-5.0.1.tgz 3578ms (cache miss)
5087 http fetch GET 200 https://registry.npmjs.org/parent-module/-/parent-module-1.0.1.tgz 3565ms (cache miss)
5088 http fetch GET 200 https://registry.npmjs.org/argparse/-/argparse-2.0.1.tgz 3568ms (cache miss)
5089 http fetch GET 200 https://registry.npmjs.org/resolve-pkg-maps/-/resolve-pkg-maps-1.0.0.tgz 3599ms (cache miss)
5090 http fetch GET 200 https://registry.npmjs.org/is-document.all/-/is-document.all-1.0.0.tgz 3639ms (cache miss)
5091 http fetch GET 200 https://registry.npmjs.org/dunder-proto/-/dunder-proto-1.0.1.tgz 3668ms (cache miss)
5092 http fetch GET 200 https://registry.npmjs.org/functions-have-names/-/functions-have-names-1.2.3.tgz 3671ms (cache miss)
5093 http fetch GET 200 https://registry.npmjs.org/flatted/-/flatted-3.4.4.tgz 3751ms (cache miss)
5094 http fetch GET 200 https://registry.npmjs.org/@nodelib/fs.scandir/-/fs.scandir-2.1.5.tgz 3850ms (cache miss)
5095 http fetch GET 200 https://registry.npmjs.org/resolve-from/-/resolve-from-4.0.0.tgz 3855ms (cache miss)
5096 http fetch GET 200 https://registry.npmjs.org/path-exists/-/path-exists-4.0.0.tgz 3854ms (cache miss)
5097 http fetch GET 200 https://registry.npmjs.org/locate-path/-/locate-path-6.0.0.tgz 3854ms (cache miss)
5098 http fetch GET 200 https://registry.npmjs.org/flat-cache/-/flat-cache-4.0.1.tgz 3856ms (cache miss)
5099 http fetch GET 200 https://registry.npmjs.org/@nodelib/fs.stat/-/fs.stat-2.0.5.tgz 3877ms (cache miss)
5100 http fetch GET 200 https://registry.npmjs.org/@nodelib/fs.walk/-/fs.walk-1.2.8.tgz 3874ms (cache miss)
5101 http fetch GET 200 https://registry.npmjs.org/@typescript-eslint/type-utils/-/type-utils-8.67.0.tgz 3929ms (cache miss)
5102 http fetch GET 200 https://registry.npmjs.org/merge2/-/merge2-1.4.1.tgz 3892ms (cache miss)
5103 http fetch GET 200 https://registry.npmjs.org/run-parallel/-/run-parallel-1.2.0.tgz 3898ms (cache miss)
5104 http fetch GET 200 https://registry.npmjs.org/reusify/-/reusify-1.1.0.tgz 3902ms (cache miss)
5105 http fetch GET 200 https://registry.npmjs.org/fastq/-/fastq-1.20.1.tgz 3903ms (cache miss)
5106 http fetch GET 200 https://registry.npmjs.org/micromatch/-/micromatch-4.0.8.tgz 3950ms (cache miss)
5107 http fetch GET 200 https://registry.npmjs.org/remark-rehype/-/remark-rehype-11.1.2.tgz 3971ms (cache miss)
5108 http fetch GET 200 https://registry.npmjs.org/keyv/-/keyv-4.5.4.tgz 3997ms (cache miss)
5109 http fetch GET 200 https://registry.npmjs.org/esrecurse/-/esrecurse-4.3.0.tgz 4016ms (cache miss)
5110 http fetch GET 200 https://registry.npmjs.org/acorn-jsx/-/acorn-jsx-5.3.2.tgz 4016ms (cache miss)
5111 http fetch GET 200 https://registry.npmjs.org/@babel/helper-globals/-/helper-globals-7.29.7.tgz 4017ms (cache miss)
5112 http fetch GET 200 https://registry.npmjs.org/@babel/helper-module-imports/-/helper-module-imports-7.29.7.tgz 4034ms (cache miss)
5113 http fetch GET 200 https://registry.npmjs.org/update-browserslist-db/-/update-browserslist-db-1.3.1.tgz 4037ms (cache miss)
5114 http fetch GET 200 https://registry.npmjs.org/lru-cache/-/lru-cache-5.1.1.tgz 4069ms (cache miss)
5115 http fetch GET 200 https://registry.npmjs.org/@babel/compat-data/-/compat-data-7.29.7.tgz 4076ms (cache miss)
5116 http fetch GET 200 https://registry.npmjs.org/@babel/helper-validator-option/-/helper-validator-option-7.29.7.tgz 4098ms (cache miss)
5117 http fetch GET 200 https://registry.npmjs.org/picocolors/-/picocolors-1.1.1.tgz 4131ms (cache miss)
5118 http fetch GET 200 https://registry.npmjs.org/hast-util-to-jsx-runtime/-/hast-util-to-jsx-runtime-2.3.6.tgz 4169ms (cache miss)
5119 http fetch GET 200 https://registry.npmjs.org/js-tokens/-/js-tokens-4.0.0.tgz 4151ms (cache miss)
5120 http fetch GET 200 https://registry.npmjs.org/gensync/-/gensync-1.0.0-beta.2.tgz 4154ms (cache miss)
5121 http fetch GET 200 https://registry.npmjs.org/convert-source-map/-/convert-source-map-2.0.0.tgz 4161ms (cache miss)
5122 http fetch GET 200 https://registry.npmjs.org/@tybys/wasm-util/-/wasm-util-0.10.3.tgz 4312ms (cache miss)
5123 http fetch GET 200 https://registry.npmjs.org/picomatch/-/picomatch-2.3.2.tgz 4322ms (cache miss)
5124 http fetch GET 200 https://registry.npmjs.org/iterator.prototype/-/iterator.prototype-1.1.5.tgz 4364ms (cache miss)
5125 http fetch GET 200 https://registry.npmjs.org/jsesc/-/jsesc-3.1.0.tgz 4380ms (cache miss)
5126 http fetch GET 200 https://registry.npmjs.org/estraverse/-/estraverse-5.3.0.tgz 4466ms (cache miss)
5127 http fetch GET 200 https://registry.npmjs.org/array.prototype.tosorted/-/array.prototype.tosorted-1.1.4.tgz 4479ms (cache miss)
5128 http fetch GET 200 https://registry.npmjs.org/string.prototype.includes/-/string.prototype.includes-2.0.1.tgz 4486ms (cache miss)
5129 http fetch GET 200 https://registry.npmjs.org/damerau-levenshtein/-/damerau-levenshtein-1.0.8.tgz 4493ms (cache miss)
5130 http fetch GET 200 https://registry.npmjs.org/node-releases/-/node-releases-2.0.53.tgz 4530ms (cache miss)
5131 http fetch GET 200 https://registry.npmjs.org/is-date-object/-/is-date-object-1.1.0.tgz 4549ms (cache miss)
5132 http fetch GET 200 https://registry.npmjs.org/es-abstract-get/-/es-abstract-get-1.0.0.tgz 4560ms (cache miss)
5133 http fetch GET 200 https://registry.npmjs.org/has-tostringtag/-/has-tostringtag-1.0.2.tgz 4588ms (cache miss)
5134 http fetch GET 200 https://registry.npmjs.org/unified/-/unified-11.0.5.tgz 4636ms (cache miss)
5135 http fetch GET 200 https://registry.npmjs.org/emoji-regex/-/emoji-regex-9.2.2.tgz 4616ms (cache miss)
5136 http fetch GET 200 https://registry.npmjs.org/@babel/code-frame/-/code-frame-7.29.7.tgz 4624ms (cache miss)
5137 http fetch GET 200 https://registry.npmjs.org/possible-typed-array-names/-/possible-typed-array-names-1.1.0.tgz 4629ms (cache miss)
5138 http fetch GET 200 https://registry.npmjs.org/typed-array-length/-/typed-array-length-1.0.8.tgz 4659ms (cache miss)
5139 http fetch GET 200 https://registry.npmjs.org/unbox-primitive/-/unbox-primitive-1.1.0.tgz 4672ms (cache miss)
5140 http fetch GET 200 https://registry.npmjs.org/typed-array-byte-offset/-/typed-array-byte-offset-1.0.4.tgz 4673ms (cache miss)
5141 http fetch GET 200 https://registry.npmjs.org/typed-array-byte-length/-/typed-array-byte-length-1.0.3.tgz 4696ms (cache miss)
5142 http fetch GET 200 https://registry.npmjs.org/typed-array-buffer/-/typed-array-buffer-1.0.3.tgz 4706ms (cache miss)
5143 http fetch GET 200 https://registry.npmjs.org/stop-iteration-iterator/-/stop-iteration-iterator-1.1.0.tgz 4722ms (cache miss)
5144 http fetch GET 200 https://registry.npmjs.org/micromark-util-symbol/-/micromark-util-symbol-2.0.1.tgz 4775ms (cache miss)
5145 http fetch GET 200 https://registry.npmjs.org/set-proto/-/set-proto-1.0.0.tgz 4742ms (cache miss)
5146 http fetch GET 200 https://registry.npmjs.org/safe-push-apply/-/safe-push-apply-1.0.0.tgz 4823ms (cache miss)
5147 http fetch GET 200 https://registry.npmjs.org/safe-array-concat/-/safe-array-concat-1.1.4.tgz 4829ms (cache miss)
5148 http fetch GET 200 https://registry.npmjs.org/own-keys/-/own-keys-1.0.2.tgz 4852ms (cache miss)
5149 http fetch GET 200 https://registry.npmjs.org/is-typed-array/-/is-typed-array-1.1.15.tgz 4882ms (cache miss)
5150 http fetch GET 200 https://registry.npmjs.org/is-shared-array-buffer/-/is-shared-array-buffer-1.0.4.tgz 4904ms (cache miss)
5151 http fetch GET 200 https://registry.npmjs.org/safe-regex-test/-/safe-regex-test-1.1.0.tgz 4918ms (cache miss)
5152 http fetch GET 200 https://registry.npmjs.org/is-weakref/-/is-weakref-1.1.1.tgz 4917ms (cache miss)
5153 http fetch GET 200 https://registry.npmjs.org/is-set/-/is-set-2.0.3.tgz 4921ms (cache miss)
5154 http fetch GET 200 https://registry.npmjs.org/is-negative-zero/-/is-negative-zero-2.0.3.tgz 4922ms (cache miss)
5155 http fetch GET 200 https://registry.npmjs.org/language-tags/-/language-tags-1.0.9.tgz 4938ms (cache miss)
5156 http fetch GET 200 https://registry.npmjs.org/is-data-view/-/is-data-view-1.0.2.tgz 4946ms (cache miss)
5157 http fetch GET 200 https://registry.npmjs.org/ast-types-flow/-/ast-types-flow-0.0.8.tgz 4980ms (cache miss)
5158 http fetch GET 200 https://registry.npmjs.org/is-callable/-/is-callable-1.2.7.tgz 5018ms (cache miss)
5159 http fetch GET 200 https://registry.npmjs.org/internal-slot/-/internal-slot-1.1.0.tgz 5019ms (cache miss)
5160 http fetch GET 200 https://registry.npmjs.org/has-proto/-/has-proto-1.2.0.tgz 5033ms (cache miss)
5161 http fetch GET 200 https://registry.npmjs.org/is-array-buffer/-/is-array-buffer-3.0.5.tgz 5034ms (cache miss)
5162 http fetch GET 200 https://registry.npmjs.org/has-symbols/-/has-symbols-1.1.0.tgz 5038ms (cache miss)
5163 http fetch GET 200 https://registry.npmjs.org/get-symbol-description/-/get-symbol-description-1.1.0.tgz 5074ms (cache miss)
5164 http fetch GET 200 https://registry.npmjs.org/function.prototype.name/-/function.prototype.name-1.2.0.tgz 5078ms (cache miss)
5165 http fetch GET 200 https://registry.npmjs.org/es-set-tostringtag/-/es-set-tostringtag-2.1.0.tgz 5143ms (cache miss)
5166 http fetch GET 200 https://registry.npmjs.org/data-view-byte-offset/-/data-view-byte-offset-1.0.1.tgz 5144ms (cache miss)
5167 http fetch GET 200 https://registry.npmjs.org/data-view-buffer/-/data-view-buffer-1.0.2.tgz 5172ms (cache miss)
5168 http fetch GET 200 https://registry.npmjs.org/arraybuffer.prototype.slice/-/arraybuffer.prototype.slice-1.0.4.tgz 5228ms (cache miss)
5169 http fetch GET 200 https://registry.npmjs.org/gopd/-/gopd-1.2.0.tgz 5228ms (cache miss)
5170 http fetch GET 200 https://registry.npmjs.org/available-typed-arrays/-/available-typed-arrays-1.0.7.tgz 5233ms (cache miss)
5171 http fetch GET 200 https://registry.npmjs.org/array-buffer-byte-length/-/array-buffer-byte-length-1.0.2.tgz 5235ms (cache miss)
5172 http fetch GET 200 https://registry.npmjs.org/object-keys/-/object-keys-1.1.1.tgz 5243ms (cache miss)
5173 http fetch GET 200 https://registry.npmjs.org/has-property-descriptors/-/has-property-descriptors-1.0.2.tgz 5265ms (cache miss)
5174 http fetch GET 200 https://registry.npmjs.org/get-proto/-/get-proto-1.0.1.tgz 5269ms (cache miss)
5175 http fetch GET 200 https://registry.npmjs.org/set-function-length/-/set-function-length-1.2.2.tgz 5275ms (cache miss)
5176 http fetch GET 200 https://registry.npmjs.org/es-define-property/-/es-define-property-1.0.1.tgz 5300ms (cache miss)
5177 http fetch GET 200 https://registry.npmjs.org/call-bind-apply-helpers/-/call-bind-apply-helpers-1.0.2.tgz 5321ms (cache miss)
5178 http fetch GET 200 https://registry.npmjs.org/es-errors/-/es-errors-1.3.0.tgz 5325ms (cache miss)
5179 http fetch GET 200 https://registry.npmjs.org/define-data-property/-/define-data-property-1.1.4.tgz 5332ms (cache miss)
5180 http fetch GET 200 https://registry.npmjs.org/is-string/-/is-string-1.1.1.tgz 5331ms (cache miss)
5181 http fetch GET 200 https://registry.npmjs.org/es-shim-unscopables/-/es-shim-unscopables-1.1.0.tgz 5350ms (cache miss)
5182 http fetch GET 200 https://registry.npmjs.org/math-intrinsics/-/math-intrinsics-1.1.0.tgz 5385ms (cache miss)
5183 http fetch GET 200 https://registry.npmjs.org/define-properties/-/define-properties-1.2.1.tgz 5404ms (cache miss)
5184 http fetch GET 200 https://registry.npmjs.org/scheduler/-/scheduler-0.27.0.tgz 5454ms (cache miss)
5185 http fetch GET 200 https://registry.npmjs.org/call-bound/-/call-bound-1.0.4.tgz 5444ms (cache miss)
5186 http fetch GET 200 https://registry.npmjs.org/mdast-util-from-markdown/-/mdast-util-from-markdown-2.0.3.tgz 5501ms (cache miss)
5187 http fetch GET 200 https://registry.npmjs.org/string.prototype.trimend/-/string.prototype.trimend-1.0.10.tgz 5515ms (cache miss)
5188 http fetch GET 200 https://registry.npmjs.org/object.groupby/-/object.groupby-1.0.3.tgz 5523ms (cache miss)
5189 http fetch GET 200 https://registry.npmjs.org/object.fromentries/-/object.fromentries-2.0.8.tgz 5526ms (cache miss)
5190 http fetch GET 200 https://registry.npmjs.org/es-object-atoms/-/es-object-atoms-1.1.2.tgz 5619ms (cache miss)
5191 http fetch GET 200 https://registry.npmjs.org/@rtsao/scc/-/scc-1.1.0.tgz 5641ms (cache miss)
5192 http fetch GET 200 https://registry.npmjs.org/array.prototype.flat/-/array.prototype.flat-1.3.3.tgz 5668ms (cache miss)
5193 http fetch GET 200 https://registry.npmjs.org/array.prototype.flatmap/-/array.prototype.flatmap-1.3.3.tgz 5676ms (cache miss)
5194 http fetch GET 200 https://registry.npmjs.org/@nolyfill/is-core-module/-/is-core-module-1.0.39.tgz 5683ms (cache miss)
5195 http fetch GET 200 https://registry.npmjs.org/stable-hash/-/stable-hash-0.0.5.tgz 5724ms (cache miss)
5196 http fetch GET 200 https://registry.npmjs.org/tinyglobby/-/tinyglobby-0.2.17.tgz 5736ms (cache miss)
5197 http fetch GET 200 https://registry.npmjs.org/unrs-resolver/-/unrs-resolver-1.12.2.tgz 5738ms (cache miss)
5198 http fetch GET 200 https://registry.npmjs.org/hasown/-/hasown-2.0.4.tgz 5812ms (cache miss)
5199 http fetch GET 200 https://registry.npmjs.org/is-core-module/-/is-core-module-2.16.2.tgz 5830ms (cache miss)
5200 http fetch GET 200 https://registry.npmjs.org/eslint-import-resolver-node/-/eslint-import-resolver-node-0.3.10.tgz 5933ms (cache miss)
5201 http fetch GET 200 https://registry.npmjs.org/ms/-/ms-2.1.3.tgz 5990ms (cache miss)
5202 http fetch GET 200 https://registry.npmjs.org/color-name/-/color-name-1.1.4.tgz 6019ms (cache miss)
5203 http fetch GET 200 https://registry.npmjs.org/which/-/which-2.0.2.tgz 6027ms (cache miss)
5204 http fetch GET 200 https://registry.npmjs.org/shebang-command/-/shebang-command-2.0.0.tgz 6032ms (cache miss)
5205 http fetch GET 200 https://registry.npmjs.org/path-key/-/path-key-3.1.1.tgz 6035ms (cache miss)
5206 http fetch GET 200 https://registry.npmjs.org/@humanfs/types/-/types-0.15.0.tgz 6040ms (cache miss)
5207 http fetch GET 200 https://registry.npmjs.org/ansi-styles/-/ansi-styles-4.3.0.tgz 6060ms (cache miss)
5208 http fetch GET 200 https://registry.npmjs.org/style-to-js/-/style-to-js-1.1.21.tgz 6146ms (cache miss)
5209 http fetch GET 200 https://registry.npmjs.org/fast-json-stable-stringify/-/fast-json-stable-stringify-2.1.0.tgz 6140ms (cache miss)
5210 http fetch GET 200 https://registry.npmjs.org/levn/-/levn-0.4.1.tgz 6187ms (cache miss)
5211 http fetch GET 200 https://registry.npmjs.org/@types/json-schema/-/json-schema-7.0.15.tgz 6191ms (cache miss)
5212 http fetch GET 200 https://registry.npmjs.org/@eslint/object-schema/-/object-schema-2.1.7.tgz 6227ms (cache miss)
5213 http fetch GET 200 https://registry.npmjs.org/strip-json-comments/-/strip-json-comments-3.1.1.tgz 6229ms (cache miss)
5214 http fetch GET 200 https://registry.npmjs.org/import-fresh/-/import-fresh-3.3.1.tgz 6256ms (cache miss)
5215 http fetch GET 200 https://registry.npmjs.org/json-schema-traverse/-/json-schema-traverse-0.4.1.tgz 6259ms (cache miss)
5216 http fetch GET 200 https://registry.npmjs.org/minimatch/-/minimatch-3.1.5.tgz 6272ms (cache miss)
5217 http fetch GET 200 https://registry.npmjs.org/supports-color/-/supports-color-7.2.0.tgz 6290ms (cache miss)
5218 http fetch GET 200 https://registry.npmjs.org/browserslist/-/browserslist-4.28.8.tgz 6350ms (cache miss)
5219 http fetch GET 200 https://registry.npmjs.org/is-glob/-/is-glob-4.0.3.tgz 6317ms (cache miss)
5220 http fetch GET 200 https://registry.npmjs.org/json-stable-stringify-without-jsonify/-/json-stable-stringify-without-jsonify-1.0.1.tgz 6380ms (cache miss)
5221 http fetch GET 200 https://registry.npmjs.org/fast-deep-equal/-/fast-deep-equal-3.1.3.tgz 6388ms (cache miss)
5222 http fetch GET 200 https://registry.npmjs.org/find-up/-/find-up-5.0.0.tgz 6398ms (cache miss)
5223 http fetch GET 200 https://registry.npmjs.org/file-entry-cache/-/file-entry-cache-8.0.0.tgz 6437ms (cache miss)
5224 http fetch GET 200 https://registry.npmjs.org/natural-compare/-/natural-compare-1.4.0.tgz 6462ms (cache miss)
5225 http fetch GET 200 https://registry.npmjs.org/glob-parent/-/glob-parent-6.0.2.tgz 6510ms (cache miss)
5226 http fetch GET 200 https://registry.npmjs.org/imurmurhash/-/imurmurhash-0.1.4.tgz 6530ms (cache miss)
5227 http fetch GET 200 https://registry.npmjs.org/lodash.merge/-/lodash.merge-4.6.2.tgz 6546ms (cache miss)
5228 http fetch GET 200 https://registry.npmjs.org/escape-string-regexp/-/escape-string-regexp-4.0.0.tgz 6551ms (cache miss)
5229 http fetch GET 200 https://registry.npmjs.org/@types/estree/-/estree-1.0.9.tgz 6560ms (cache miss)
5230 http fetch GET 200 https://registry.npmjs.org/@humanfs/node/-/node-0.16.8.tgz 6583ms (cache miss)
5231 http fetch GET 200 https://registry.npmjs.org/@humanwhocodes/module-importer/-/module-importer-1.0.1.tgz 6651ms (cache miss)
5232 http fetch GET 200 https://registry.npmjs.org/eslint-visitor-keys/-/eslint-visitor-keys-4.2.1.tgz 6676ms (cache miss)
5233 http fetch GET 200 https://registry.npmjs.org/graceful-fs/-/graceful-fs-4.2.11.tgz 6696ms (cache miss)
5234 http fetch GET 200 https://registry.npmjs.org/@babel/helper-validator-identifier/-/helper-validator-identifier-7.29.7.tgz 6697ms (cache miss)
5235 http fetch GET 200 https://registry.npmjs.org/cross-spawn/-/cross-spawn-7.0.6.tgz 6728ms (cache miss)
5236 http fetch GET 200 https://registry.npmjs.org/@babel/helper-string-parser/-/helper-string-parser-7.29.7.tgz 6750ms (cache miss)
5237 http fetch GET 200 https://registry.npmjs.org/semver/-/semver-6.3.1.tgz 6828ms (cache miss)
5238 http fetch GET 200 https://registry.npmjs.org/@tailwindcss/oxide/-/oxide-4.3.3.tgz 6981ms (cache miss)
5239 http fetch GET 200 https://registry.npmjs.org/@radix-ui/rect/-/rect-1.1.3.tgz 6994ms (cache miss)
5240 http fetch GET 200 https://registry.npmjs.org/reselect/-/reselect-5.2.0.tgz 7116ms (cache miss)
5241 http fetch GET 200 https://registry.npmjs.org/@alloc/quick-lru/-/quick-lru-5.2.0.tgz 7023ms (cache miss)
5242 http fetch GET 200 https://registry.npmjs.org/@radix-ui/number/-/number-1.1.3.tgz 7029ms (cache miss)
5243 http fetch GET 200 https://registry.npmjs.org/@floating-ui/react-dom/-/react-dom-2.1.9.tgz 7059ms (cache miss)
5244 http fetch GET 200 https://registry.npmjs.org/@radix-ui/react-use-size/-/react-use-size-1.1.4.tgz 7071ms (cache miss)
5245 http fetch GET 200 https://registry.npmjs.org/@radix-ui/react-use-rect/-/react-use-rect-1.1.4.tgz 7080ms (cache miss)
5246 http fetch GET 200 https://registry.npmjs.org/@radix-ui/react-roving-focus/-/react-roving-focus-1.1.19.tgz 7090ms (cache miss)
5247 http fetch GET 200 https://registry.npmjs.org/@radix-ui/react-portal/-/react-portal-1.1.17.tgz 7099ms (cache miss)
5248 http fetch GET 200 https://registry.npmjs.org/@radix-ui/react-focus-guards/-/react-focus-guards-1.1.6.tgz 7126ms (cache miss)
5249 http fetch GET 200 https://registry.npmjs.org/@radix-ui/react-use-effect-event/-/react-use-effect-event-0.0.5.tgz 7143ms (cache miss)
5250 http fetch GET 200 https://registry.npmjs.org/@radix-ui/react-presence/-/react-presence-1.1.10.tgz 7155ms (cache miss)
5251 http fetch GET 200 https://registry.npmjs.org/@radix-ui/react-use-layout-effect/-/react-use-layout-effect-1.1.4.tgz 7172ms (cache miss)
5252 http fetch GET 200 https://registry.npmjs.org/@radix-ui/react-use-controllable-state/-/react-use-controllable-state-1.2.6.tgz 7182ms (cache miss)
5253 http fetch GET 200 https://registry.npmjs.org/@radix-ui/react-primitive/-/react-primitive-2.1.10.tgz 7182ms (cache miss)
5254 http fetch GET 200 https://registry.npmjs.org/@radix-ui/react-use-callback-ref/-/react-use-callback-ref-1.1.4.tgz 7186ms (cache miss)
5255 http fetch GET 200 https://registry.npmjs.org/@radix-ui/react-use-is-hydrated/-/react-use-is-hydrated-0.1.3.tgz 7187ms (cache miss)
5256 http fetch GET 200 https://registry.npmjs.org/@radix-ui/react-direction/-/react-direction-1.1.4.tgz 7194ms (cache miss)
5257 http fetch GET 200 https://registry.npmjs.org/color-convert/-/color-convert-2.0.1.tgz 7226ms (cache miss)
5258 http fetch GET 200 https://registry.npmjs.org/@radix-ui/react-context/-/react-context-1.2.2.tgz 7216ms (cache miss)
5259 http fetch GET 200 https://registry.npmjs.org/@radix-ui/react-compose-refs/-/react-compose-refs-1.1.5.tgz 7219ms (cache miss)
5260 http fetch GET 200 https://registry.npmjs.org/@radix-ui/react-id/-/react-id-1.1.4.tgz 7220ms (cache miss)
5261 http fetch GET 200 https://registry.npmjs.org/@radix-ui/primitive/-/primitive-1.1.7.tgz 7248ms (cache miss)
5262 http fetch GET 200 https://registry.npmjs.org/react-is/-/react-is-19.2.8.tgz 7259ms (cache miss)
5263 http fetch GET 200 https://registry.npmjs.org/tw-animate-css/-/tw-animate-css-1.4.0.tgz 7266ms (cache miss)
5264 http fetch GET 200 https://registry.npmjs.org/is-bun-module/-/is-bun-module-2.0.0.tgz 7310ms (cache miss)
5265 http fetch GET 200 https://registry.npmjs.org/react-markdown/-/react-markdown-10.1.0.tgz 7292ms (cache miss)
5266 http fetch GET 200 https://registry.npmjs.org/electron-to-chromium/-/electron-to-chromium-1.5.405.tgz 7372ms (cache miss)
5267 http fetch GET 200 https://registry.npmjs.org/ignore/-/ignore-5.3.2.tgz 7347ms (cache miss)
5268 http fetch GET 200 https://registry.npmjs.org/globals/-/globals-14.0.0.tgz 7404ms (cache miss)
5269 http fetch GET 200 https://registry.npmjs.org/is-regex/-/is-regex-1.2.1.tgz 7439ms (cache miss)
5270 http fetch GET 200 https://registry.npmjs.org/is-symbol/-/is-symbol-1.1.1.tgz 7466ms (cache miss)
5271 http fetch GET 200 https://registry.npmjs.org/prop-types/-/prop-types-15.8.1.tgz 7476ms (cache miss)
5272 http fetch GET 200 https://registry.npmjs.org/get-intrinsic/-/get-intrinsic-1.3.0.tgz 7506ms (cache miss)
5273 http fetch GET 200 https://registry.npmjs.org/class-variance-authority/-/class-variance-authority-0.7.1.tgz 7468ms (cache miss)
5274 http fetch GET 200 https://registry.npmjs.org/chalk/-/chalk-4.1.2.tgz 7505ms (cache miss)
5275 http fetch GET 200 https://registry.npmjs.org/@types/uuid/-/uuid-10.0.0.tgz 7488ms (cache miss)
5276 http fetch GET 200 https://registry.npmjs.org/esutils/-/esutils-2.0.3.tgz 7551ms (cache miss)
5277 http fetch GET 200 https://registry.npmjs.org/debug/-/debug-4.4.3.tgz 7558ms (cache miss)
5278 http fetch GET 200 https://registry.npmjs.org/d3-array/-/d3-array-3.2.4.tgz 7686ms (cache miss)
5279 http fetch GET 200 https://registry.npmjs.org/optionator/-/optionator-0.9.4.tgz 7581ms (cache miss)
5280 http fetch GET 200 https://registry.npmjs.org/which-typed-array/-/which-typed-array-1.1.22.tgz 7611ms (cache miss)
5281 http fetch GET 200 https://registry.npmjs.org/eslint-import-resolver-typescript/-/eslint-import-resolver-typescript-3.10.1.tgz 7596ms (cache miss)
5282 http fetch GET 200 https://registry.npmjs.org/get-tsconfig/-/get-tsconfig-4.14.2.tgz 7613ms (cache miss)
5283 http fetch GET 200 https://registry.npmjs.org/data-view-byte-length/-/data-view-byte-length-1.0.2.tgz 7654ms (cache miss)
5284 http fetch GET 200 https://registry.npmjs.org/string.prototype.repeat/-/string.prototype.repeat-1.0.0.tgz 7672ms (cache miss)
5285 http fetch GET 200 https://registry.npmjs.org/@eslint/core/-/core-0.17.0.tgz 7693ms (cache miss)
5286 http fetch GET 200 https://registry.npmjs.org/hermes-estree/-/hermes-estree-0.25.1.tgz 7772ms (cache miss)
5287 http fetch GET 200 https://registry.npmjs.org/eslint-config-next/-/eslint-config-next-16.0.4.tgz 7714ms (cache miss)
5288 http fetch GET 200 https://registry.npmjs.org/@eslint/js/-/js-9.39.5.tgz 7745ms (cache miss)
5289 http fetch GET 200 https://registry.npmjs.org/doctrine/-/doctrine-2.1.0.tgz 7784ms (cache miss)
5290 http fetch GET 200 https://registry.npmjs.org/d3-shape/-/d3-shape-3.2.0.tgz 7941ms (cache miss)
5291 http fetch GET 200 https://registry.npmjs.org/clsx/-/clsx-2.1.1.tgz 7810ms (cache miss)
5292 http fetch GET 200 https://registry.npmjs.org/function-bind/-/function-bind-1.1.2.tgz 7992ms (cache miss)
5293 http fetch GET 200 https://registry.npmjs.org/@jridgewell/resolve-uri/-/resolve-uri-3.1.2.tgz 7970ms (cache miss)
5294 http fetch GET 200 https://registry.npmjs.org/@radix-ui/react-slot/-/react-slot-1.3.3.tgz 7958ms (cache miss)
5295 http fetch GET 200 https://registry.npmjs.org/@radix-ui/react-dialog/-/react-dialog-1.1.23.tgz 8010ms (cache miss)
5296 http fetch GET 200 https://registry.npmjs.org/@radix-ui/react-separator/-/react-separator-1.1.15.tgz 8043ms (cache miss)
5297 http fetch GET 200 https://registry.npmjs.org/@humanwhocodes/retry/-/retry-0.4.3.tgz 8075ms (cache miss)
5298 http fetch GET 200 https://registry.npmjs.org/call-bind/-/call-bind-1.0.9.tgz 8101ms (cache miss)
5299 http fetch GET 200 https://registry.npmjs.org/@radix-ui/react-accordion/-/react-accordion-1.2.20.tgz 8085ms (cache miss)
5300 http fetch GET 200 https://registry.npmjs.org/@radix-ui/react-avatar/-/react-avatar-1.2.6.tgz 8102ms (cache miss)
5301 http fetch GET 200 https://registry.npmjs.org/string.prototype.trim/-/string.prototype.trim-1.2.11.tgz 8174ms (cache miss)
5302 http fetch GET 200 https://registry.npmjs.org/acorn/-/acorn-8.18.0.tgz 8215ms (cache miss)
5303 http fetch GET 200 https://registry.npmjs.org/@babel/helper-compilation-targets/-/helper-compilation-targets-7.29.7.tgz 8236ms (cache miss)
5304 http fetch GET 200 https://registry.npmjs.org/@radix-ui/react-arrow/-/react-arrow-1.1.15.tgz 8238ms (cache miss)
5305 http fetch GET 200 https://registry.npmjs.org/@radix-ui/react-dropdown-menu/-/react-dropdown-menu-2.1.24.tgz 8262ms (cache miss)
5306 http fetch GET 200 https://registry.npmjs.org/string.prototype.trimstart/-/string.prototype.trimstart-1.0.8.tgz 8358ms (cache miss)
5307 http fetch GET 200 https://registry.npmjs.org/espree/-/espree-10.4.0.tgz 8357ms (cache miss)
5308 http fetch GET 200 https://registry.npmjs.org/array.prototype.findlast/-/array.prototype.findlast-1.2.5.tgz 8409ms (cache miss)
5309 http fetch GET 200 https://registry.npmjs.org/balanced-match/-/balanced-match-4.0.4.tgz 8338ms (cache miss)
5310 http fetch GET 200 https://registry.npmjs.org/@radix-ui/react-focus-scope/-/react-focus-scope-1.1.16.tgz 8360ms (cache miss)
5311 http fetch GET 200 https://registry.npmjs.org/rehype-highlight/-/rehype-highlight-7.0.2.tgz 8408ms (cache miss)
5312 http fetch GET 200 https://registry.npmjs.org/@babel/helper-module-transforms/-/helper-module-transforms-7.29.7.tgz 8480ms (cache miss)
5313 http fetch GET 200 https://registry.npmjs.org/@radix-ui/react-popper/-/react-popper-1.3.7.tgz 8431ms (cache miss)
5314 http fetch GET 200 https://registry.npmjs.org/typescript-eslint/-/typescript-eslint-8.67.0.tgz 8491ms (cache miss)
5315 http fetch GET 200 https://registry.npmjs.org/@radix-ui/react-collapsible/-/react-collapsible-1.1.20.tgz 8455ms (cache miss)
5316 http fetch GET 200 https://registry.npmjs.org/object.entries/-/object.entries-1.1.9.tgz 8556ms (cache miss)
5317 http fetch GET 200 https://registry.npmjs.org/string.prototype.matchall/-/string.prototype.matchall-4.0.12.tgz 8558ms (cache miss)
5318 http fetch GET 200 https://registry.npmjs.org/@eslint/config-helpers/-/config-helpers-0.4.2.tgz 8522ms (cache miss)
5319 http fetch GET 200 https://registry.npmjs.org/@humanfs/core/-/core-0.19.2.tgz 8547ms (cache miss)
5320 http fetch GET 200 https://registry.npmjs.org/@radix-ui/react-dismissable-layer/-/react-dismissable-layer-1.1.19.tgz 8523ms (cache miss)
5321 http fetch GET 200 https://registry.npmjs.org/@babel/template/-/template-7.29.7.tgz 8594ms (cache miss)
5322 http fetch GET 200 https://registry.npmjs.org/sonner/-/sonner-2.0.8.tgz 8546ms (cache miss)
5323 http fetch GET 200 https://registry.npmjs.org/aria-hidden/-/aria-hidden-1.2.6.tgz 8558ms (cache miss)
5324 http fetch GET 200 https://registry.npmjs.org/react-is/-/react-is-16.13.1.tgz 8544ms (cache miss)
5325 http fetch GET 200 https://registry.npmjs.org/immer/-/immer-11.1.16.tgz 8681ms (cache miss)
5326 http fetch GET 200 https://registry.npmjs.org/@types/unist/-/unist-2.0.11.tgz 8564ms (cache miss)
5327 http fetch GET 200 https://registry.npmjs.org/@radix-ui/react-collection/-/react-collection-1.1.15.tgz 8591ms (cache miss)
5328 http fetch GET 200 https://registry.npmjs.org/@eslint/plugin-kit/-/plugin-kit-0.4.1.tgz 8621ms (cache miss)
5329 http fetch GET 200 https://registry.npmjs.org/zod-validation-error/-/zod-validation-error-4.0.2.tgz 8714ms (cache miss)
5330 http fetch GET 200 https://registry.npmjs.org/@tailwindcss/postcss/-/postcss-4.3.3.tgz 8647ms (cache miss)
5331 http fetch GET 200 https://registry.npmjs.org/globalthis/-/globalthis-1.0.4.tgz 8734ms (cache miss)
5332 http fetch GET 200 https://registry.npmjs.org/regexp.prototype.flags/-/regexp.prototype.flags-1.5.4.tgz 8745ms (cache miss)
5333 http fetch GET 200 https://registry.npmjs.org/glob-parent/-/glob-parent-5.1.2.tgz 8728ms (cache miss)
5334 http fetch GET 200 https://registry.npmjs.org/@tailwindcss/node/-/node-4.3.3.tgz 8815ms (cache miss)
5335 http fetch GET 200 https://registry.npmjs.org/eslint-visitor-keys/-/eslint-visitor-keys-3.4.3.tgz 8803ms (cache miss)
5336 http fetch GET 200 https://registry.npmjs.org/@tailwindcss/typography/-/typography-0.5.20.tgz 8846ms (cache miss)
5337 http fetch GET 200 https://registry.npmjs.org/array.prototype.findlastindex/-/array.prototype.findlastindex-1.2.6.tgz 8895ms (cache miss)
5338 http fetch GET 200 https://registry.npmjs.org/object.values/-/object.values-1.2.1.tgz 8930ms (cache miss)
5339 http fetch GET 200 https://registry.npmjs.org/@floating-ui/dom/-/dom-1.8.0.tgz 8923ms (cache miss)
5340 http fetch GET 200 https://registry.npmjs.org/@radix-ui/react-menu/-/react-menu-2.1.24.tgz 8930ms (cache miss)
5341 http fetch GET 200 https://registry.npmjs.org/vfile/-/vfile-6.0.3.tgz 9029ms (cache miss)
5342 http fetch GET 200 https://registry.npmjs.org/@radix-ui/react-tabs/-/react-tabs-1.1.21.tgz 8926ms (cache miss)
5343 http fetch GET 200 https://registry.npmjs.org/ignore/-/ignore-7.0.6.tgz 8924ms (cache miss)
5344 http fetch GET 200 https://registry.npmjs.org/array-includes/-/array-includes-3.1.9.tgz 9019ms (cache miss)
5345 http fetch GET 200 https://registry.npmjs.org/@eslint-community/regexpp/-/regexpp-4.12.2.tgz 9011ms (cache miss)
5346 http fetch GET 200 https://registry.npmjs.org/json5/-/json5-2.2.3.tgz 9119ms (cache miss)
5347 http fetch GET 200 https://registry.npmjs.org/baseline-browser-mapping/-/baseline-browser-mapping-2.11.13.tgz 9058ms (cache miss)
5348 http fetch GET 200 https://registry.npmjs.org/tslib/-/tslib-2.8.1.tgz 9084ms (cache miss)
5349 http fetch GET 200 https://registry.npmjs.org/@floating-ui/core/-/core-1.8.0.tgz 9082ms (cache miss)
5350 http fetch GET 200 https://registry.npmjs.org/eslint-visitor-keys/-/eslint-visitor-keys-5.0.1.tgz 9159ms (cache miss)
5351 http fetch GET 200 https://registry.npmjs.org/eslint-scope/-/eslint-scope-8.4.0.tgz 9199ms (cache miss)
5352 http fetch GET 200 https://registry.npmjs.org/fdir/-/fdir-6.5.0.tgz 9196ms (cache miss)
5353 http fetch GET 200 https://registry.npmjs.org/@eslint-community/eslint-utils/-/eslint-utils-4.10.1.tgz 9269ms (cache miss)
5354 http fetch GET 200 https://registry.npmjs.org/@radix-ui/react-scroll-area/-/react-scroll-area-1.2.18.tgz 9300ms (cache miss)
5355 http fetch GET 200 https://registry.npmjs.org/object.assign/-/object.assign-4.1.7.tgz 9369ms (cache miss)
5356 http fetch GET 200 https://registry.npmjs.org/debug/-/debug-3.2.7.tgz 9339ms (cache miss)
5357 http fetch GET 200 https://registry.npmjs.org/es-to-primitive/-/es-to-primitive-1.3.4.tgz 9417ms (cache miss)
5358 http fetch GET 200 https://registry.npmjs.org/@radix-ui/react-alert-dialog/-/react-alert-dialog-1.1.23.tgz 9390ms (cache miss)
5359 http fetch GET 200 https://registry.npmjs.org/magic-string/-/magic-string-0.30.21.tgz 9454ms (cache miss)
5360 http fetch GET 200 https://registry.npmjs.org/globals/-/globals-16.4.0.tgz 9410ms (cache miss)
5361 http fetch GET 200 https://registry.npmjs.org/debug/-/debug-3.2.7.tgz 9448ms (cache miss)
5362 http fetch GET 200 https://registry.npmjs.org/debug/-/debug-3.2.7.tgz 9452ms (cache miss)
5363 http fetch GET 200 https://registry.npmjs.org/picomatch/-/picomatch-4.0.5.tgz 9482ms (cache miss)
5364 http fetch GET 200 https://registry.npmjs.org/source-map-js/-/source-map-js-1.2.1.tgz 9586ms (cache miss)
5365 http fetch GET 200 https://registry.npmjs.org/react-redux/-/react-redux-9.3.0.tgz 9693ms (cache miss)
5366 http fetch GET 200 https://registry.npmjs.org/@floating-ui/utils/-/utils-0.2.12.tgz 9596ms (cache miss)
5367 http fetch GET 200 https://registry.npmjs.org/tapable/-/tapable-2.3.3.tgz 9613ms (cache miss)
5368 http fetch GET 200 https://registry.npmjs.org/json5/-/json5-1.0.2.tgz 9614ms (cache miss)
5369 http fetch GET 200 https://registry.npmjs.org/@eslint/config-array/-/config-array-0.21.2.tgz 9651ms (cache miss)
5370 http fetch GET 200 https://registry.npmjs.org/@types/react-dom/-/react-dom-19.2.4.tgz 9654ms (cache miss)
5371 http fetch GET 200 https://registry.npmjs.org/brace-expansion/-/brace-expansion-5.0.9.tgz 9654ms (cache miss)
5372 http fetch GET 200 https://registry.npmjs.org/lightningcss/-/lightningcss-1.32.0.tgz 9726ms (cache miss)
5373 http fetch GET 200 https://registry.npmjs.org/styled-jsx/-/styled-jsx-5.1.6.tgz 9902ms (cache miss)
5374 http fetch GET 200 https://registry.npmjs.org/csstype/-/csstype-3.2.3.tgz 9867ms (cache miss)
5375 http fetch GET 200 https://registry.npmjs.org/@types/react/-/react-19.2.18.tgz 10005ms (cache miss)
5376 http fetch GET 200 https://registry.npmjs.org/language-subtag-registry/-/language-subtag-registry-0.3.23.tgz 10136ms (cache miss)
5377 http fetch GET 200 https://registry.npmjs.org/use-sidecar/-/use-sidecar-1.1.3.tgz 10207ms (cache miss)
5378 http fetch GET 200 https://registry.npmjs.org/@jridgewell/sourcemap-codec/-/sourcemap-codec-1.5.5.tgz 10252ms (cache miss)
5379 http fetch GET 200 https://registry.npmjs.org/esquery/-/esquery-1.7.0.tgz 10347ms (cache miss)
5380 http fetch GET 200 https://registry.npmjs.org/@emnapi/runtime/-/runtime-1.10.0.tgz 10327ms (cache miss)
5381 http fetch GET 200 https://registry.npmjs.org/object-inspect/-/object-inspect-1.13.4.tgz 10428ms (cache miss)
5382 http fetch GET 200 https://registry.npmjs.org/eslint-module-utils/-/eslint-module-utils-2.14.0.tgz 10428ms (cache miss)
5383 http fetch GET 200 https://registry.npmjs.org/@jridgewell/gen-mapping/-/gen-mapping-0.3.13.tgz 10609ms (cache miss)
5384 http fetch GET 200 https://registry.npmjs.org/@typescript-eslint/utils/-/utils-8.67.0.tgz 10746ms (cache miss)
5385 http fetch GET 200 https://registry.npmjs.org/@jridgewell/remapping/-/remapping-2.3.5.tgz 10648ms (cache miss)
5386 http fetch GET 200 https://registry.npmjs.org/@babel/parser/-/parser-7.29.8.tgz 10736ms (cache miss)
5387 http fetch GET 200 https://registry.npmjs.org/react/-/react-19.2.0.tgz 10741ms (cache miss)
5388 http fetch GET 200 https://registry.npmjs.org/property-information/-/property-information-7.2.0.tgz 11052ms (cache miss)
5389 http fetch GET 200 https://registry.npmjs.org/postcss-selector-parser/-/postcss-selector-parser-6.0.10.tgz 11061ms (cache miss)
5390 http fetch GET 200 https://registry.npmjs.org/undici-types/-/undici-types-6.21.0.tgz 11159ms (cache miss)
5391 http fetch GET 200 https://registry.npmjs.org/@eslint/eslintrc/-/eslintrc-3.3.6.tgz 11197ms (cache miss)
5392 http fetch GET 200 https://registry.npmjs.org/@typescript-eslint/typescript-estree/-/typescript-estree-8.67.0.tgz 11330ms (cache miss)
5393 http fetch GET 200 https://registry.npmjs.org/jiti/-/jiti-2.7.0.tgz 11298ms (cache miss)
5394 http fetch GET 200 https://registry.npmjs.org/@babel/generator/-/generator-7.29.8.tgz 11385ms (cache miss)
5395 http fetch GET 200 https://registry.npmjs.org/sharp/-/sharp-0.35.3.tgz 11503ms (cache miss)
5396 http fetch GET 200 https://registry.npmjs.org/tailwind-merge/-/tailwind-merge-3.6.0.tgz 11463ms (cache miss)
5397 http fetch GET 200 https://registry.npmjs.org/tailwindcss/-/tailwindcss-4.3.3.tgz 11637ms (cache miss)
5398 http fetch GET 200 https://registry.npmjs.org/js-yaml/-/js-yaml-4.3.1.tgz 11717ms (cache miss)
5399 http fetch GET 200 https://registry.npmjs.org/uri-js/-/uri-js-4.4.1.tgz 11839ms (cache miss)
5400 http fetch GET 200 https://registry.npmjs.org/@next/eslint-plugin-next/-/eslint-plugin-next-16.0.4.tgz 11862ms (cache miss)
5401 http fetch GET 200 https://registry.npmjs.org/@jridgewell/trace-mapping/-/trace-mapping-0.3.31.tgz 11842ms (cache miss)
5402 http fetch GET 200 https://registry.npmjs.org/zustand/-/zustand-5.0.15.tgz 11959ms (cache miss)
5403 http fetch GET 200 https://registry.npmjs.org/motion-utils/-/motion-utils-12.39.0.tgz 12119ms (cache miss)
5404 http fetch GET 200 https://registry.npmjs.org/fast-glob/-/fast-glob-3.3.1.tgz 12084ms (cache miss)
5405 http fetch GET 200 https://registry.npmjs.org/postcss/-/postcss-8.5.26.tgz 12070ms (cache miss)
5406 http fetch GET 200 https://registry.npmjs.org/hermes-parser/-/hermes-parser-0.25.1.tgz 12222ms (cache miss)
5407 http fetch GET 200 https://registry.npmjs.org/micromark/-/micromark-4.0.2.tgz 12262ms (cache miss)
5408 http fetch GET 200 https://registry.npmjs.org/@tailwindcss/oxide-win32-x64-msvc/-/oxide-win32-x64-msvc-4.3.3.tgz 12191ms (cache miss)
5409 http fetch GET 200 https://registry.npmjs.org/semver/-/semver-7.8.5.tgz 12206ms (cache miss)
5410 http fetch GET 200 https://registry.npmjs.org/semver/-/semver-7.8.5.tgz 12208ms (cache miss)
5411 http fetch GET 200 https://registry.npmjs.org/semver/-/semver-7.8.5.tgz 12254ms (cache miss)
5412 http fetch GET 200 https://registry.npmjs.org/enhanced-resolve/-/enhanced-resolve-5.24.5.tgz 12338ms (cache miss)
5413 http fetch GET 200 https://registry.npmjs.org/postcss/-/postcss-8.5.23.tgz 12427ms (cache miss)
5414 http fetch GET 200 https://registry.npmjs.org/@babel/traverse/-/traverse-7.29.8.tgz 12599ms (cache miss)
5415 http fetch GET 200 https://registry.npmjs.org/eslint-plugin-react-hooks/-/eslint-plugin-react-hooks-7.1.1.tgz 12582ms (cache miss)
5416 http fetch GET 200 https://registry.npmjs.org/minimatch/-/minimatch-10.2.6.tgz 12729ms (cache miss)
5417 http fetch GET 200 https://registry.npmjs.org/babel-plugin-react-compiler/-/babel-plugin-react-compiler-1.0.0.tgz 12744ms (cache miss)
5418 http fetch GET 200 https://registry.npmjs.org/react-remove-scroll/-/react-remove-scroll-2.7.2.tgz 12888ms (cache miss)
5419 http fetch GET 200 https://registry.npmjs.org/axe-core/-/axe-core-4.13.0.tgz 13027ms (cache miss)
5420 http fetch GET 200 https://registry.npmjs.org/uuid/-/uuid-13.0.2.tgz 13087ms (cache miss)
5421 http fetch GET 200 https://registry.npmjs.org/mdast-util-to-hast/-/mdast-util-to-hast-13.2.1.tgz 13235ms (cache miss)
5422 http fetch GET 200 https://registry.npmjs.org/tsconfig-paths/-/tsconfig-paths-3.15.0.tgz 13280ms (cache miss)
5423 http fetch GET 200 https://registry.npmjs.org/jsx-ast-utils/-/jsx-ast-utils-3.3.5.tgz 14171ms (cache miss)
5424 http fetch GET 200 https://registry.npmjs.org/ajv/-/ajv-6.15.0.tgz 14386ms (cache miss)
5425 http fetch GET 200 https://registry.npmjs.org/@img/sharp-wasm32/-/sharp-wasm32-0.35.3.tgz 14702ms (cache miss)
5426 http fetch GET 200 https://registry.npmjs.org/@types/node/-/node-20.19.43.tgz 14607ms (cache miss)
5427 http fetch GET 200 https://registry.npmjs.org/micromark-core-commonmark/-/micromark-core-commonmark-2.0.3.tgz 14890ms (cache miss)
5428 http fetch GET 200 https://registry.npmjs.org/axobject-query/-/axobject-query-4.1.0.tgz 14942ms (cache miss)
5429 http fetch GET 200 https://registry.npmjs.org/mdast-util-to-markdown/-/mdast-util-to-markdown-2.1.2.tgz 15179ms (cache miss)
5430 http fetch GET 200 https://registry.npmjs.org/resolve/-/resolve-2.0.0-next.7.tgz 15124ms (cache miss)
5431 http fetch GET 200 https://registry.npmjs.org/@babel/core/-/core-7.29.7.tgz 15162ms (cache miss)
5432 http fetch GET 200 https://registry.npmjs.org/eslint-plugin-import/-/eslint-plugin-import-2.32.0.tgz 15441ms (cache miss)
5433 http fetch GET 200 https://registry.npmjs.org/aria-query/-/aria-query-5.3.2.tgz 15487ms (cache miss)
5434 http fetch GET 200 https://registry.npmjs.org/lightningcss-win32-x64-msvc/-/lightningcss-win32-x64-msvc-1.32.0.tgz 15518ms (cache miss)
5435 http fetch GET 200 https://registry.npmjs.org/es-iterator-helpers/-/es-iterator-helpers-1.4.0.tgz 15562ms (cache miss)
5436 http fetch GET 200 https://registry.npmjs.org/react-dom/-/react-dom-19.2.0.tgz 15608ms (cache miss)
5437 http fetch GET 200 https://registry.npmjs.org/@babel/types/-/types-7.29.8.tgz 16947ms (cache miss)
5438 http fetch GET 200 https://registry.npmjs.org/eslint-plugin-jsx-a11y/-/eslint-plugin-jsx-a11y-6.10.2.tgz 17017ms (cache miss)
5439 http fetch GET 200 https://registry.npmjs.org/@reduxjs/toolkit/-/toolkit-2.12.0.tgz 17460ms (cache miss)
5440 http fetch GET 200 https://registry.npmjs.org/@babel/helpers/-/helpers-7.29.7.tgz 17442ms (cache miss)
5441 http fetch GET 200 https://registry.npmjs.org/@img/sharp-win32-x64/-/sharp-win32-x64-0.35.3.tgz 17968ms (cache miss)
5442 http fetch GET 200 https://registry.npmjs.org/victory-vendor/-/victory-vendor-37.3.6.tgz 18089ms (cache miss)
5443 http fetch GET 200 https://registry.npmjs.org/@typescript-eslint/scope-manager/-/scope-manager-8.67.0.tgz 18548ms (cache miss)
5444 http fetch GET 200 https://registry.npmjs.org/eslint-plugin-react/-/eslint-plugin-react-7.37.5.tgz 21031ms (cache miss)
5445 http fetch GET 200 https://registry.npmjs.org/@typescript-eslint/eslint-plugin/-/eslint-plugin-8.67.0.tgz 21636ms (cache miss)
5446 http fetch GET 200 https://registry.npmjs.org/eslint/-/eslint-9.39.5.tgz 21529ms (cache miss)
5447 http fetch GET 200 https://registry.npmjs.org/@swc/helpers/-/helpers-0.5.15.tgz 21767ms (cache miss)
5448 http fetch GET 200 https://registry.npmjs.org/framer-motion/-/framer-motion-12.43.0.tgz 22003ms (cache miss)
5449 http fetch GET 200 https://registry.npmjs.org/typescript/-/typescript-5.9.3.tgz 22171ms (cache miss)
5450 http fetch GET 200 https://registry.npmjs.org/motion-dom/-/motion-dom-12.43.0.tgz 22561ms (cache miss)
5451 http fetch GET 200 https://registry.npmjs.org/caniuse-lite/-/caniuse-lite-1.0.30001809.tgz 26814ms (cache miss)
5452 http fetch GET 200 https://registry.npmjs.org/zod/-/zod-4.4.3.tgz 26959ms (cache miss)
5453 http fetch GET 200 https://registry.npmjs.org/recharts/-/recharts-3.10.1.tgz 28816ms (cache miss)
5454 http fetch GET 200 https://registry.npmjs.org/@next/swc-win32-x64-msvc/-/swc-win32-x64-msvc-16.3.0.tgz 31759ms (cache miss)
5455 http fetch GET 200 https://registry.npmjs.org/highlight.js/-/highlight.js-11.12.0.tgz 35128ms (cache miss)
5456 http fetch GET 200 https://registry.npmjs.org/highlight.js/-/highlight.js-11.11.2.tgz 35198ms (cache miss)
5457 http fetch GET 200 https://registry.npmjs.org/es-abstract/-/es-abstract-1.24.2.tgz 42648ms (cache miss)
5458 http fetch GET 200 https://registry.npmjs.org/es-toolkit/-/es-toolkit-1.50.0.tgz 61059ms (cache miss)
5459 http fetch GET 200 https://registry.npmjs.org/lucide-react/-/lucide-react-0.555.0.tgz 61146ms (cache miss)
5460 http fetch GET 200 https://registry.npmjs.org/next/-/next-16.3.0.tgz 116225ms (cache miss)
5461 info run unrs-resolver@1.12.2 postinstall node_modules/unrs-resolver node postinstall.js
5462 info run unrs-resolver@1.12.2 postinstall { code: 0, signal: null }
5463 silly ADD node_modules/is-weakset
5464 silly ADD node_modules/is-weakmap
5465 silly ADD node_modules/is-map
5466 silly ADD node_modules/generator-function
5467 silly ADD node_modules/async-function
5468 silly ADD node_modules/which-collection
5469 silly ADD node_modules/is-generator-function
5470 silly ADD node_modules/is-finalizationregistry
5471 silly ADD node_modules/is-async-function
5472 silly ADD node_modules/is-number-object
5473 silly ADD node_modules/is-boolean-object
5474 silly ADD node_modules/is-bigint
5475 silly ADD node_modules/isexe
5476 silly ADD node_modules/d3-path
5477 silly ADD node_modules/d3-time-format
5478 silly ADD node_modules/d3-format
5479 silly ADD node_modules/d3-color
5480 silly ADD node_modules/internmap
5481 silly ADD node_modules/@types/d3-path
5482 silly ADD node_modules/@types/d3-color
5483 silly ADD node_modules/d3-timer
5484 silly ADD node_modules/d3-time
5485 silly ADD node_modules/d3-shape
5486 silly ADD node_modules/d3-scale
5487 silly ADD node_modules/d3-interpolate
5488 silly ADD node_modules/d3-ease
5489 silly ADD node_modules/d3-array
5490 silly ADD node_modules/@types/d3-timer
5491 silly ADD node_modules/@types/d3-time
5492 silly ADD node_modules/@types/d3-shape
5493 silly ADD node_modules/@types/d3-scale
5494 silly ADD node_modules/@types/d3-interpolate
5495 silly ADD node_modules/@types/d3-ease
5496 silly ADD node_modules/@types/d3-array
5497 silly ADD node_modules/detect-node-es
5498 silly ADD node_modules/punycode
5499 silly ADD node_modules/escalade
5500 silly ADD node_modules/@tybys/wasm-util
5501 silly ADD node_modules/@emnapi/wasi-threads
5502 silly ADD node_modules/@napi-rs/wasm-runtime
5503 silly ADD node_modules/@emnapi/core
5504 silly ADD node_modules/napi-postinstall
5505 silly ADD node_modules/@unrs/resolver-binding-win32-x64-msvc
5506 silly ADD
5507 silly ADD
5508 silly ADD
5509 silly ADD node_modules/@emnapi/runtime
5510 silly ADD
5511 silly ADD
5512 silly ADD
5513 silly ADD
5514 silly ADD
5515 silly ADD
5516 silly ADD
5517 silly ADD
5518 silly ADD
5519 silly ADD
5520 silly ADD
5521 silly ADD
5522 silly ADD
5523 silly ADD
5524 silly ADD
5525 silly ADD
5526 silly ADD
5527 silly ADD
5528 silly ADD node_modules/unist-util-visit-parents
5529 silly ADD node_modules/trough
5530 silly ADD node_modules/is-plain-obj
5531 silly ADD node_modules/extend
5532 silly ADD node_modules/bail
5533 silly ADD node_modules/which-boxed-primitive
5534 silly ADD node_modules/has-bigints
5535 silly ADD node_modules/@typescript-eslint/tsconfig-utils
5536 silly ADD node_modules/@typescript-eslint/project-service
5537 silly ADD node_modules/@typescript-eslint/types
5538 silly ADD node_modules/ts-api-utils
5539 silly ADD node_modules/@typescript-eslint/visitor-keys
5540 silly ADD node_modules/@typescript-eslint/visitor-keys/node_modules/eslint-visitor-keys
5541 silly ADD node_modules/@typescript-eslint/type-utils
5542 silly ADD node_modules/@typescript-eslint/scope-manager
5543 silly ADD node_modules/@typescript-eslint/utils
5544 silly ADD node_modules/@typescript-eslint/typescript-estree
5545 silly ADD node_modules/@typescript-eslint/typescript-estree/node_modules/balanced-match
5546 silly ADD node_modules/@typescript-eslint/typescript-estree/node_modules/brace-expansion
5547 silly ADD node_modules/@typescript-eslint/typescript-estree/node_modules/semver
5548 silly ADD node_modules/@typescript-eslint/typescript-estree/node_modules/minimatch
5549 silly ADD node_modules/@typescript-eslint/parser
5550 silly ADD node_modules/@typescript-eslint/eslint-plugin
5551 silly ADD node_modules/@typescript-eslint/eslint-plugin/node_modules/ignore
5552 silly ADD node_modules/which-builtin-type
5553 silly ADD node_modules/reflect.getprototypeof
5554 silly ADD node_modules/for-each
5555 silly ADD node_modules/strip-bom
5556 silly ADD node_modules/minimist
5557 silly ADD node_modules/@types/json5
5558 silly ADD node_modules/is-number
5559 silly ADD node_modules/has-flag
5560 silly ADD node_modules/client-only
5561 silly ADD node_modules/inline-style-parser
5562 silly ADD node_modules/style-to-object
5563 silly ADD node_modules/character-entities-html4
5564 silly ADD node_modules/side-channel-weakmap
5565 silly ADD node_modules/side-channel-map
5566 silly ADD node_modules/side-channel-list
5567 silly ADD node_modules/shebang-regex
5568 silly ADD node_modules/@emnapi/runtime
5569 silly ADD node_modules/@img/sharp-wasm32
5570 silly ADD node_modules/@img/sharp-win32-x64
5571 silly ADD
5572 silly ADD
5573 silly ADD
5574 silly ADD
5575 silly ADD
5576 silly ADD
5577 silly ADD
5578 silly ADD
5579 silly ADD
5580 silly ADD
5581 silly ADD
5582 silly ADD
5583 silly ADD
5584 silly ADD
5585 silly ADD
5586 silly ADD
5587 silly ADD
5588 silly ADD
5589 silly ADD
5590 silly ADD
5591 silly ADD
5592 silly ADD
5593 silly ADD
5594 silly ADD
5595 silly ADD node_modules/@img/colour
5596 silly ADD node_modules/isarray
5597 silly ADD node_modules/queue-microtask
5598 silly ADD node_modules/supports-preserve-symlinks-flag
5599 silly ADD node_modules/path-parse
5600 silly ADD node_modules/node-exports-info
5601 silly ADD node_modules/unist-util-find-after
5602 silly ADD node_modules/hast-util-is-element
5603 silly ADD node_modules/lowlight
5604 silly ADD node_modules/lowlight/node_modules/highlight.js
5605 silly ADD node_modules/hast-util-to-text
5606 silly ADD node_modules/@types/use-sync-external-store
5607 silly ADD node_modules/redux-thunk
5608 silly ADD node_modules/redux
5609 silly ADD node_modules/@standard-schema/utils
5610 silly ADD node_modules/@standard-schema/spec
5611 silly ADD node_modules/victory-vendor
5612 silly ADD node_modules/use-sync-external-store
5613 silly ADD node_modules/tiny-invariant
5614 silly ADD node_modules/reselect
5615 silly ADD node_modules/react-redux
5616 silly ADD node_modules/immer
5617 silly ADD node_modules/eventemitter3
5618 silly ADD node_modules/es-toolkit
5619 silly ADD node_modules/decimal.js-light
5620 silly ADD node_modules/@reduxjs/toolkit
5621 silly ADD node_modules/get-nonce
5622 silly ADD node_modules/use-sidecar
5623 silly ADD node_modules/use-callback-ref
5624 silly ADD node_modules/react-style-singleton
5625 silly ADD node_modules/react-remove-scroll-bar
5626 silly ADD node_modules/is-alphabetical
5627 silly ADD node_modules/is-hexadecimal
5628 silly ADD node_modules/is-decimal
5629 silly ADD node_modules/is-alphanumerical
5630 silly ADD node_modules/character-reference-invalid
5631 silly ADD node_modules/character-entities-legacy
5632 silly ADD node_modules/micromark-util-html-tag-name
5633 silly ADD node_modules/micromark-factory-whitespace
5634 silly ADD node_modules/micromark-factory-title
5635 silly ADD node_modules/micromark-factory-label
5636 silly ADD node_modules/micromark-factory-destination
5637 silly ADD node_modules/@types/ms
5638 silly ADD node_modules/micromark-util-subtokenize
5639 silly ADD node_modules/micromark-util-resolve-all
5640 silly ADD node_modules/micromark-util-encode
5641 silly ADD node_modules/micromark-util-combine-extensions
5642 silly ADD node_modules/micromark-util-chunked
5643 silly ADD node_modules/micromark-util-character
5644 silly ADD node_modules/micromark-factory-space
5645 silly ADD node_modules/micromark-core-commonmark
5646 silly ADD node_modules/@types/debug
5647 silly ADD node_modules/unist-util-is
5648 silly ADD node_modules/zwitch
5649 silly ADD node_modules/micromark-util-classify-character
5650 silly ADD node_modules/mdast-util-phrasing
5651 silly ADD node_modules/longest-streak
5652 silly ADD node_modules/trim-lines
5653 silly ADD node_modules/micromark-util-sanitize-uri
5654 silly ADD node_modules/@ungap/structured-clone
5655 silly ADD node_modules/stringify-entities
5656 silly ADD node_modules/parse-entities
5657 silly ADD node_modules/parse-entities/node_modules/@types/unist
5658 silly ADD node_modules/ccount
5659 silly ADD node_modules/character-entities
5660 silly ADD node_modules/unist-util-stringify-position
5661 silly ADD node_modules/micromark-util-types
5662 silly ADD node_modules/micromark-util-symbol
5663 silly ADD node_modules/micromark-util-normalize-identifier
5664 silly ADD node_modules/micromark-util-decode-string
5665 silly ADD node_modules/micromark-util-decode-numeric-character-reference
5666 silly ADD node_modules/micromark
5667 silly ADD node_modules/mdast-util-to-string
5668 silly ADD node_modules/decode-named-character-reference
5669 silly ADD node_modules/mdast-util-to-markdown
5670 silly ADD node_modules/mdast-util-from-markdown
5671 silly ADD node_modules/@types/estree-jsx
5672 silly ADD node_modules/vfile-message
5673 silly ADD node_modules/unist-util-position
5674 silly ADD node_modules/style-to-js
5675 silly ADD node_modules/space-separated-tokens
5676 silly ADD node_modules/property-information
5677 silly ADD node_modules/mdast-util-mdxjs-esm
5678 silly ADD node_modules/mdast-util-mdx-jsx
5679 silly ADD node_modules/mdast-util-mdx-expression
5680 silly ADD node_modules/hast-util-whitespace
5681 silly ADD node_modules/estree-util-is-identifier-name
5682 silly ADD node_modules/comma-separated-tokens
5683 silly ADD node_modules/dequal
5684 silly ADD node_modules/@types/unist
5685 silly ADD node_modules/vfile
5686 silly ADD node_modules/unist-util-visit
5687 silly ADD node_modules/unified
5688 silly ADD node_modules/remark-rehype
5689 silly ADD node_modules/remark-parse
5690 silly ADD node_modules/mdast-util-to-hast
5691 silly ADD node_modules/html-url-attributes
5692 silly ADD node_modules/hast-util-to-jsx-runtime
5693 silly ADD node_modules/devlop
5694 silly ADD node_modules/@types/mdast
5695 silly ADD node_modules/@types/hast
5696 silly ADD node_modules/scheduler
5697 silly ADD node_modules/object-assign
5698 silly ADD node_modules/loose-envify
5699 silly ADD node_modules/util-deprecate
5700 silly ADD node_modules/cssesc
5701 silly ADD node_modules/nanoid
5702 silly ADD node_modules/callsites
5703 silly ADD node_modules/yocto-queue
5704 silly ADD node_modules/p-limit
5705 silly ADD node_modules/word-wrap
5706 silly ADD node_modules/fast-levenshtein
5707 silly ADD node_modules/deep-is
5708 silly ADD node_modules/styled-jsx
5709 silly ADD node_modules/sharp
5710 silly ADD node_modules/sharp/node_modules/semver
5711 silly ADD node_modules/@swc/helpers
5712 silly ADD node_modules/@next/swc-win32-x64-msvc
5713 silly ADD
5714 silly ADD
5715 silly ADD
5716 silly ADD
5717 silly ADD
5718 silly ADD
5719 silly ADD
5720 silly ADD node_modules/@next/env
5721 silly ADD node_modules/concat-map
5722 silly ADD node_modules/balanced-match
5723 silly ADD node_modules/brace-expansion
5724 silly ADD node_modules/to-regex-range
5725 silly ADD node_modules/fill-range
5726 silly ADD node_modules/picomatch
5727 silly ADD node_modules/braces
5728 silly ADD node_modules/yallist
5729 silly ADD node_modules/p-locate
5730 silly ADD node_modules/lightningcss-win32-x64-msvc
5731 silly ADD
5732 silly ADD
5733 silly ADD
5734 silly ADD
5735 silly ADD
5736 silly ADD
5737 silly ADD
5738 silly ADD
5739 silly ADD
5740 silly ADD
5741 silly ADD node_modules/detect-libc
5742 silly ADD node_modules/type-check
5743 silly ADD node_modules/prelude-ls
5744 silly ADD node_modules/language-subtag-registry
5745 silly ADD node_modules/json-buffer
5746 silly ADD node_modules/argparse
5747 silly ADD node_modules/set-function-name
5748 silly ADD node_modules/is-extglob
5749 silly ADD node_modules/side-channel
5750 silly ADD node_modules/resolve-from
5751 silly ADD node_modules/parent-module
5752 silly ADD node_modules/hermes-estree
5753 silly ADD node_modules/resolve-pkg-maps
5754 silly ADD node_modules/dunder-proto
5755 silly ADD node_modules/is-document.all
5756 silly ADD node_modules/functions-have-names
5757 silly ADD node_modules/motion-utils
5758 silly ADD node_modules/motion-dom
5759 silly ADD node_modules/keyv
5760 silly ADD node_modules/flatted
5761 silly ADD node_modules/path-exists
5762 silly ADD node_modules/locate-path
5763 silly ADD node_modules/flat-cache
5764 silly ADD node_modules/reusify
5765 silly ADD node_modules/run-parallel
5766 silly ADD node_modules/fastq
5767 silly ADD node_modules/@nodelib/fs.scandir
5768 silly ADD node_modules/micromatch
5769 silly ADD node_modules/merge2
5770 silly ADD node_modules/@nodelib/fs.walk
5771 silly ADD node_modules/@nodelib/fs.stat
5772 silly ADD node_modules/acorn-jsx
5773 silly ADD node_modules/acorn
5774 silly ADD node_modules/esrecurse
5775 silly ADD node_modules/update-browserslist-db
5776 silly ADD node_modules/node-releases
5777 silly ADD node_modules/electron-to-chromium
5778 silly ADD node_modules/caniuse-lite
5779 silly ADD node_modules/@babel/helper-globals
5780 silly ADD node_modules/@babel/helper-module-imports
5781 silly ADD node_modules/lru-cache
5782 silly ADD node_modules/browserslist
5783 silly ADD node_modules/@babel/helper-validator-option
5784 silly ADD node_modules/@babel/compat-data
5785 silly ADD node_modules/jsesc
5786 silly ADD node_modules/picocolors
5787 silly ADD node_modules/js-tokens
5788 silly ADD node_modules/json5
5789 silly ADD node_modules/gensync
5790 silly ADD node_modules/convert-source-map
5791 silly ADD node_modules/@babel/traverse
5792 silly ADD node_modules/@babel/template
5793 silly ADD node_modules/@babel/helpers
5794 silly ADD node_modules/@babel/helper-module-transforms
5795 silly ADD node_modules/@babel/helper-compilation-targets
5796 silly ADD node_modules/@babel/generator
5797 silly ADD node_modules/@babel/code-frame
5798 silly ADD node_modules/zod-validation-error
5799 silly ADD node_modules/zod
5800 silly ADD node_modules/hermes-parser
5801 silly ADD node_modules/@babel/parser
5802 silly ADD node_modules/@babel/core
5803 silly ADD node_modules/iterator.prototype
5804 silly ADD node_modules/string.prototype.repeat
5805 silly ADD node_modules/string.prototype.matchall
5806 silly ADD node_modules/prop-types
5807 silly ADD node_modules/prop-types/node_modules/react-is
5808 silly ADD node_modules/object.entries
5809 silly ADD node_modules/estraverse
5810 silly ADD node_modules/es-iterator-helpers
5811 silly ADD node_modules/array.prototype.tosorted
5812 silly ADD node_modules/array.prototype.findlast
5813 silly ADD node_modules/string.prototype.includes
5814 silly ADD node_modules/language-tags
5815 silly ADD node_modules/jsx-ast-utils
5816 silly ADD node_modules/emoji-regex
5817 silly ADD node_modules/damerau-levenshtein
5818 silly ADD node_modules/axobject-query
5819 silly ADD node_modules/axe-core
5820 silly ADD node_modules/ast-types-flow
5821 silly ADD node_modules/aria-query
5822 silly ADD node_modules/is-symbol
5823 silly ADD node_modules/is-date-object
5824 silly ADD node_modules/es-abstract-get
5825 silly ADD node_modules/has-tostringtag
5826 silly ADD node_modules/possible-typed-array-names
5827 silly ADD node_modules/which-typed-array
5828 silly ADD node_modules/unbox-primitive
5829 silly ADD node_modules/typed-array-length
5830 silly ADD node_modules/typed-array-byte-offset
5831 silly ADD node_modules/typed-array-byte-length
5832 silly ADD node_modules/typed-array-buffer
5833 silly ADD node_modules/string.prototype.trimstart
5834 silly ADD node_modules/string.prototype.trim
5835 silly ADD node_modules/stop-iteration-iterator
5836 silly ADD node_modules/set-proto
5837 silly ADD node_modules/safe-regex-test
5838 silly ADD node_modules/safe-push-apply
5839 silly ADD node_modules/safe-array-concat
5840 silly ADD node_modules/regexp.prototype.flags
5841 silly ADD node_modules/own-keys
5842 silly ADD node_modules/object.assign
5843 silly ADD node_modules/object-inspect
5844 silly ADD node_modules/is-weakref
5845 silly ADD node_modules/is-typed-array
5846 silly ADD node_modules/is-shared-array-buffer
5847 silly ADD node_modules/is-set
5848 silly ADD node_modules/is-regex
5849 silly ADD node_modules/is-negative-zero
5850 silly ADD node_modules/is-data-view
5851 silly ADD node_modules/is-callable
5852 silly ADD node_modules/is-array-buffer
5853 silly ADD node_modules/internal-slot
5854 silly ADD node_modules/has-symbols
5855 silly ADD node_modules/has-proto
5856 silly ADD node_modules/globalthis
5857 silly ADD node_modules/get-symbol-description
5858 silly ADD node_modules/get-proto
5859 silly ADD node_modules/function.prototype.name
5860 silly ADD node_modules/es-to-primitive
5861 silly ADD node_modules/es-set-tostringtag
5862 silly ADD node_modules/data-view-byte-offset
5863 silly ADD node_modules/data-view-byte-length
5864 silly ADD node_modules/data-view-buffer
5865 silly ADD node_modules/available-typed-arrays
5866 silly ADD node_modules/arraybuffer.prototype.slice
5867 silly ADD node_modules/array-buffer-byte-length
5868 silly ADD node_modules/gopd
5869 silly ADD node_modules/object-keys
5870 silly ADD node_modules/has-property-descriptors
5871 silly ADD node_modules/define-data-property
5872 silly ADD node_modules/function-bind
5873 silly ADD node_modules/set-function-length
5874 silly ADD node_modules/es-define-property
5875 silly ADD node_modules/call-bind-apply-helpers
5876 silly ADD node_modules/es-shim-unscopables
5877 silly ADD node_modules/es-errors
5878 silly ADD node_modules/math-intrinsics
5879 silly ADD node_modules/is-string
5880 silly ADD node_modules/get-intrinsic
5881 silly ADD node_modules/es-object-atoms
5882 silly ADD node_modules/es-abstract
5883 silly ADD node_modules/define-properties
5884 silly ADD node_modules/call-bound
5885 silly ADD node_modules/call-bind
5886 silly ADD node_modules/tsconfig-paths
5887 silly ADD node_modules/tsconfig-paths/node_modules/json5
5888 silly ADD node_modules/string.prototype.trimend
5889 silly ADD node_modules/semver
5890 silly ADD node_modules/object.values
5891 silly ADD node_modules/object.groupby
5892 silly ADD node_modules/object.fromentries
5893 silly ADD node_modules/hasown
5894 silly ADD node_modules/eslint-module-utils
5895 silly ADD node_modules/eslint-module-utils/node_modules/debug
5896 silly ADD node_modules/doctrine
5897 silly ADD node_modules/array.prototype.flatmap
5898 silly ADD node_modules/array.prototype.flat
5899 silly ADD node_modules/array.prototype.findlastindex
5900 silly ADD node_modules/array-includes
5901 silly ADD node_modules/@rtsao/scc
5902 silly ADD node_modules/unrs-resolver
5903 silly ADD node_modules/tinyglobby
5904 silly ADD node_modules/tinyglobby/node_modules/picomatch
5905 silly ADD node_modules/tinyglobby/node_modules/fdir
5906 silly ADD node_modules/stable-hash
5907 silly ADD node_modules/is-bun-module
5908 silly ADD node_modules/is-bun-module/node_modules/semver
5909 silly ADD node_modules/get-tsconfig
5910 silly ADD node_modules/@nolyfill/is-core-module
5911 silly ADD node_modules/resolve
5912 silly ADD node_modules/is-core-module
5913 silly ADD node_modules/fast-glob
5914 silly ADD node_modules/fast-glob/node_modules/glob-parent
5915 silly ADD node_modules/typescript-eslint
5916 silly ADD node_modules/eslint-plugin-react-hooks
5917 silly ADD node_modules/eslint-plugin-react
5918 silly ADD node_modules/eslint-plugin-jsx-a11y
5919 silly ADD node_modules/eslint-plugin-import
5920 silly ADD node_modules/eslint-plugin-import/node_modules/debug
5921 silly ADD node_modules/eslint-import-resolver-typescript
5922 silly ADD node_modules/eslint-import-resolver-node
5923 silly ADD node_modules/eslint-import-resolver-node/node_modules/debug
5924 silly ADD node_modules/@next/eslint-plugin-next
5925 silly ADD node_modules/ms
5926 silly ADD node_modules/which
5927 silly ADD node_modules/shebang-command
5928 silly ADD node_modules/path-key
5929 silly ADD node_modules/color-name
5930 silly ADD node_modules/color-convert
5931 silly ADD node_modules/supports-color
5932 silly ADD node_modules/ansi-styles
5933 silly ADD node_modules/uri-js
5934 silly ADD node_modules/json-schema-traverse
5935 silly ADD node_modules/fast-json-stable-stringify
5936 silly ADD node_modules/@humanfs/types
5937 silly ADD node_modules/@humanfs/core
5938 silly ADD node_modules/levn
5939 silly ADD node_modules/strip-json-comments
5940 silly ADD node_modules/js-yaml
5941 silly ADD node_modules/import-fresh
5942 silly ADD node_modules/globals
5943 silly ADD node_modules/@types/json-schema
5944 silly ADD node_modules/@eslint/object-schema
5945 silly ADD node_modules/optionator
5946 silly ADD node_modules/natural-compare
5947 silly ADD node_modules/minimatch
5948 silly ADD node_modules/lodash.merge
5949 silly ADD node_modules/json-stable-stringify-without-jsonify
5950 silly ADD node_modules/is-glob
5951 silly ADD node_modules/imurmurhash
5952 silly ADD node_modules/ignore
5953 silly ADD node_modules/glob-parent
5954 silly ADD node_modules/find-up
5955 silly ADD node_modules/file-entry-cache
5956 silly ADD node_modules/fast-deep-equal
5957 silly ADD node_modules/esutils
5958 silly ADD node_modules/esquery
5959 silly ADD node_modules/espree
5960 silly ADD node_modules/eslint-visitor-keys
5961 silly ADD node_modules/eslint-scope
5962 silly ADD node_modules/escape-string-regexp
5963 silly ADD node_modules/debug
5964 silly ADD node_modules/cross-spawn
5965 silly ADD node_modules/chalk
5966 silly ADD node_modules/ajv
5967 silly ADD node_modules/@types/estree
5968 silly ADD node_modules/@humanwhocodes/retry
5969 silly ADD node_modules/@humanwhocodes/module-importer
5970 silly ADD node_modules/@humanfs/node
5971 silly ADD node_modules/@eslint/plugin-kit
5972 silly ADD node_modules/@eslint/js
5973 silly ADD node_modules/@eslint/eslintrc
5974 silly ADD node_modules/@eslint/core
5975 silly ADD node_modules/@eslint/config-helpers
5976 silly ADD node_modules/@eslint/config-array
5977 silly ADD node_modules/@eslint-community/regexpp
5978 silly ADD node_modules/@eslint-community/eslint-utils
5979 silly ADD node_modules/@eslint-community/eslint-utils/node_modules/eslint-visitor-keys
5980 silly ADD node_modules/tapable
5981 silly ADD node_modules/graceful-fs
5982 silly ADD node_modules/@babel/helper-validator-identifier
5983 silly ADD node_modules/@babel/helper-string-parser
5984 silly ADD node_modules/@babel/types
5985 silly ADD node_modules/tslib
5986 silly ADD node_modules/csstype
5987 silly ADD node_modules/undici-types
5988 silly ADD node_modules/postcss-selector-parser
5989 silly ADD node_modules/@tailwindcss/oxide-win32-x64-msvc
5990 silly ADD
5991 silly ADD
5992 silly ADD
5993 silly ADD
5994 silly ADD
5995 silly ADD
5996 silly ADD
5997 silly ADD
5998 silly ADD
5999 silly ADD
6000 silly ADD
6001 silly ADD node_modules/@jridgewell/resolve-uri
6002 silly ADD node_modules/@jridgewell/sourcemap-codec
6003 silly ADD node_modules/@jridgewell/trace-mapping
6004 silly ADD node_modules/@jridgewell/gen-mapping
6005 silly ADD node_modules/source-map-js
6006 silly ADD node_modules/magic-string
6007 silly ADD node_modules/lightningcss
6008 silly ADD node_modules/jiti
6009 silly ADD node_modules/enhanced-resolve
6010 silly ADD node_modules/@jridgewell/remapping
6011 silly ADD node_modules/postcss
6012 silly ADD node_modules/@tailwindcss/oxide
6013 silly ADD node_modules/@tailwindcss/node
6014 silly ADD node_modules/@alloc/quick-lru
6015 silly ADD node_modules/@radix-ui/number
6016 silly ADD node_modules/@floating-ui/utils
6017 silly ADD node_modules/@floating-ui/core
6018 silly ADD node_modules/@floating-ui/dom
6019 silly ADD node_modules/@radix-ui/rect
6020 silly ADD node_modules/@radix-ui/react-use-size
6021 silly ADD node_modules/@radix-ui/react-use-rect
6022 silly ADD node_modules/@radix-ui/react-arrow
6023 silly ADD node_modules/@floating-ui/react-dom
6024 silly ADD node_modules/@radix-ui/react-roving-focus
6025 silly ADD node_modules/@radix-ui/react-popper
6026 silly ADD node_modules/@radix-ui/react-menu
6027 silly ADD node_modules/@radix-ui/react-use-effect-event
6028 silly ADD node_modules/react-remove-scroll
6029 silly ADD node_modules/aria-hidden
6030 silly ADD node_modules/@radix-ui/react-portal
6031 silly ADD node_modules/@radix-ui/react-focus-scope
6032 silly ADD node_modules/@radix-ui/react-focus-guards
6033 silly ADD node_modules/@radix-ui/react-dismissable-layer
6034 silly ADD node_modules/@radix-ui/react-presence
6035 silly ADD node_modules/@radix-ui/react-use-layout-effect
6036 silly ADD node_modules/@radix-ui/react-use-is-hydrated
6037 silly ADD node_modules/@radix-ui/react-use-callback-ref
6038 silly ADD node_modules/@radix-ui/react-use-controllable-state
6039 silly ADD node_modules/@radix-ui/react-primitive
6040 silly ADD node_modules/@radix-ui/react-id
6041 silly ADD node_modules/@radix-ui/react-direction
6042 silly ADD node_modules/@radix-ui/react-context
6043 silly ADD node_modules/@radix-ui/react-compose-refs
6044 silly ADD node_modules/@radix-ui/react-collection
6045 silly ADD node_modules/@radix-ui/react-collapsible
6046 silly ADD node_modules/@radix-ui/primitive
6047 silly ADD node_modules/zustand
6048 silly ADD node_modules/uuid
6049 silly ADD node_modules/typescript
6050 silly ADD node_modules/tw-animate-css
6051 silly ADD node_modules/tailwind-merge
6052 silly ADD node_modules/sonner
6053 silly ADD node_modules/rehype-highlight
6054 silly ADD node_modules/react-is
6055 silly ADD node_modules/recharts
6056 silly ADD node_modules/react-markdown
6057 silly ADD node_modules/next
6058 silly ADD node_modules/next/node_modules/postcss
6059 silly ADD node_modules/lucide-react
6060 silly ADD node_modules/highlight.js
6061 silly ADD node_modules/framer-motion
6062 silly ADD node_modules/eslint-config-next
6063 silly ADD node_modules/eslint-config-next/node_modules/globals
6064 silly ADD node_modules/eslint
6065 silly ADD node_modules/clsx
6066 silly ADD node_modules/class-variance-authority
6067 silly ADD node_modules/baseline-browser-mapping
6068 silly ADD node_modules/babel-plugin-react-compiler
6069 silly ADD node_modules/@types/uuid
6070 silly ADD node_modules/@types/react-dom
6071 silly ADD node_modules/@types/react
6072 silly ADD node_modules/@types/node
6073 silly ADD node_modules/tailwindcss
6074 silly ADD node_modules/@tailwindcss/typography
6075 silly ADD node_modules/@tailwindcss/postcss
6076 silly ADD node_modules/@radix-ui/react-tabs
6077 silly ADD node_modules/@radix-ui/react-slot
6078 silly ADD node_modules/@radix-ui/react-separator
6079 silly ADD node_modules/@radix-ui/react-scroll-area
6080 silly ADD node_modules/@radix-ui/react-dropdown-menu
6081 silly ADD node_modules/@radix-ui/react-dialog
6082 silly ADD node_modules/@radix-ui/react-avatar
6083 silly ADD node_modules/@radix-ui/react-alert-dialog
6084 silly ADD node_modules/react-dom
6085 silly ADD node_modules/react
6086 silly ADD node_modules/@radix-ui/react-accordion
6087 verbose cwd C:\Users\肖欣睿\Desktop\ai_interview-main\web
6088 verbose os Windows_NT 10.0.26100
6089 verbose node v22.16.0
6090 verbose npm  v10.9.4
6091 verbose exit 0
6092 info ok
